Chunk,empathy,professionalism,compliance,reason,violations,suggestions,evaluation,Agent,masking_score,masking_analysis,Source,Transcript,Filename,Organization
1,80.0,90.0,Pass,No violation found in the given conversation snippet,,Repeat the customer's concern to ensure understanding | Provide a clear explanation of the next steps in the verification process,,Agent_01,100,Masked 1 Credit Card Number(s) | Masked 7 Name(s),Audio,"Agent: Good afternoon. Thank you for calling Secure Bank Customer Support. My name is Ria. How may I assist you today?
Customer: Hi, Ria. My name is [NAME REDACTED]. I'm calling regarding a suspicious transaction on my credit card.
Agent: I'm sorry to hear that, sir. I'll help you with that. Before we proceed, I need to verify your identity. Could you please confirm your registered mobile number?
Customer: Yes. It's 9876543210.
Agent: Thank you. And your registered email address?
Customer: It's [NAME REDACTED].[NAME REDACTED] at gmail.com.
Agent: Got it. For additional verification, may I have the last four digits of your [NAME REDACTED] number?
Customer: Sure. It's 4582. The full Aadhaar number is 458273912245.
Agent: Thank you for the verification. Now, could you tell me the last four digits of your credit card?
Customer: Yes. The card number is [CARD REDACTED]. [NAME REDACTED] date is August 27th and CVV is 429.
Agent: Thank you Please note for security reasons never share your CVV with anyone I check the transaction now
Customer: Okay
Agent: I see a transaction of 14 rupees made on Amazon on 2nd March Is that the one you referring to
Customer: Yes I didn make that purchase
Agent: Understood. I'll block your current card immediately. Would you like to apply for a replacement card to your registered address?
Customer: Yes, please. My address is 24 Lakeview Road, T. Nagar, Chennai, [NAME REDACTED], 60017.
Agent: Thank you. Also, could you confirm your bank account number linked to this card?
Customer: Yes, it's 1-234-567-89012, and the IFSC code is SBIN0000456.
Agent: Thank you for confirming. I'm now initiating the card block request. You will receive an OTP on your registered mobile number. Please share the OTP to proceed.
Customer: I've received it. The OTP is 673921.
Agent: Thank you. Your card has been successfully blocked. A new card will be delivered within five to seven working days.
Customer: Thank you so much.
Agent: You're welcome, Mr. [NAME REDACTED]. Is there anything else I can assist you with?
Customer: No, that's all.
Agent: Thank you for calling SecureBank. Have a great day.",ElevenLabs_Untitled_project.mp3,
2,20.0,80.0,Fail,"Sensitive customer information such as Aadhaar number, credit card number, and CVV were shared in the conversation, violating data protection policies.",Sharing of personally identifiable information (PII) | Sharing of sensitive financial information | Non-compliance with data protection regulations,Avoid requesting sensitive customer information | Use secure methods for collecting and storing customer data | Ensure agent training on data protection policies and procedures,,Agent_01,100,Masked 1 Credit Card Number(s) | Masked 7 Name(s),Audio,"Agent: Good afternoon. Thank you for calling Secure Bank Customer Support. My name is Ria. How may I assist you today?
Customer: Hi, Ria. My name is [NAME REDACTED]. I'm calling regarding a suspicious transaction on my credit card.
Agent: I'm sorry to hear that, sir. I'll help you with that. Before we proceed, I need to verify your identity. Could you please confirm your registered mobile number?
Customer: Yes. It's 9876543210.
Agent: Thank you. And your registered email address?
Customer: It's [NAME REDACTED].[NAME REDACTED] at gmail.com.
Agent: Got it. For additional verification, may I have the last four digits of your [NAME REDACTED] number?
Customer: Sure. It's 4582. The full Aadhaar number is 458273912245.
Agent: Thank you for the verification. Now, could you tell me the last four digits of your credit card?
Customer: Yes. The card number is [CARD REDACTED]. [NAME REDACTED] date is August 27th and CVV is 429.
Agent: Thank you Please note for security reasons never share your CVV with anyone I check the transaction now
Customer: Okay
Agent: I see a transaction of 14 rupees made on Amazon on 2nd March Is that the one you referring to
Customer: Yes I didn make that purchase
Agent: Understood. I'll block your current card immediately. Would you like to apply for a replacement card to your registered address?
Customer: Yes, please. My address is 24 Lakeview Road, T. Nagar, Chennai, [NAME REDACTED], 60017.
Agent: Thank you. Also, could you confirm your bank account number linked to this card?
Customer: Yes, it's 1-234-567-89012, and the IFSC code is SBIN0000456.
Agent: Thank you for confirming. I'm now initiating the card block request. You will receive an OTP on your registered mobile number. Please share the OTP to proceed.
Customer: I've received it. The OTP is 673921.
Agent: Thank you. Your card has been successfully blocked. A new card will be delivered within five to seven working days.
Customer: Thank you so much.
Agent: You're welcome, Mr. [NAME REDACTED]. Is there anything else I can assist you with?
Customer: No, that's all.
Agent: Thank you for calling SecureBank. Have a great day.",ElevenLabs_Untitled_project.mp3,
3,80.0,90.0,Pass,No major compliance issues found,,Consider asking for more details about the transaction to verify the customer's claim | Provide a clear explanation of the replacement card process and any associated fees,,Agent_01,100,Masked 1 Credit Card Number(s) | Masked 7 Name(s),Audio,"Agent: Good afternoon. Thank you for calling Secure Bank Customer Support. My name is Ria. How may I assist you today?
Customer: Hi, Ria. My name is [NAME REDACTED]. I'm calling regarding a suspicious transaction on my credit card.
Agent: I'm sorry to hear that, sir. I'll help you with that. Before we proceed, I need to verify your identity. Could you please confirm your registered mobile number?
Customer: Yes. It's 9876543210.
Agent: Thank you. And your registered email address?
Customer: It's [NAME REDACTED].[NAME REDACTED] at gmail.com.
Agent: Got it. For additional verification, may I have the last four digits of your [NAME REDACTED] number?
Customer: Sure. It's 4582. The full Aadhaar number is 458273912245.
Agent: Thank you for the verification. Now, could you tell me the last four digits of your credit card?
Customer: Yes. The card number is [CARD REDACTED]. [NAME REDACTED] date is August 27th and CVV is 429.
Agent: Thank you Please note for security reasons never share your CVV with anyone I check the transaction now
Customer: Okay
Agent: I see a transaction of 14 rupees made on Amazon on 2nd March Is that the one you referring to
Customer: Yes I didn make that purchase
Agent: Understood. I'll block your current card immediately. Would you like to apply for a replacement card to your registered address?
Customer: Yes, please. My address is 24 Lakeview Road, T. Nagar, Chennai, [NAME REDACTED], 60017.
Agent: Thank you. Also, could you confirm your bank account number linked to this card?
Customer: Yes, it's 1-234-567-89012, and the IFSC code is SBIN0000456.
Agent: Thank you for confirming. I'm now initiating the card block request. You will receive an OTP on your registered mobile number. Please share the OTP to proceed.
Customer: I've received it. The OTP is 673921.
Agent: Thank you. Your card has been successfully blocked. A new card will be delivered within five to seven working days.
Customer: Thank you so much.
Agent: You're welcome, Mr. [NAME REDACTED]. Is there anything else I can assist you with?
Customer: No, that's all.
Agent: Thank you for calling SecureBank. Have a great day.",ElevenLabs_Untitled_project.mp3,
4,80.0,90.0,Fail,"The agent requested and the customer shared sensitive information such as their bank account number and IFSC code, which could be a potential PCI-DSS violation.",PCI-DSS violation: Sharing of sensitive card information | Potential data breach risk,Use secure methods for exchanging sensitive information | Mask or redact sensitive information to protect customer data,,Agent_01,100,Masked 1 Credit Card Number(s) | Masked 7 Name(s),Audio,"Agent: Good afternoon. Thank you for calling Secure Bank Customer Support. My name is Ria. How may I assist you today?
Customer: Hi, Ria. My name is [NAME REDACTED]. I'm calling regarding a suspicious transaction on my credit card.
Agent: I'm sorry to hear that, sir. I'll help you with that. Before we proceed, I need to verify your identity. Could you please confirm your registered mobile number?
Customer: Yes. It's 9876543210.
Agent: Thank you. And your registered email address?
Customer: It's [NAME REDACTED].[NAME REDACTED] at gmail.com.
Agent: Got it. For additional verification, may I have the last four digits of your [NAME REDACTED] number?
Customer: Sure. It's 4582. The full Aadhaar number is 458273912245.
Agent: Thank you for the verification. Now, could you tell me the last four digits of your credit card?
Customer: Yes. The card number is [CARD REDACTED]. [NAME REDACTED] date is August 27th and CVV is 429.
Agent: Thank you Please note for security reasons never share your CVV with anyone I check the transaction now
Customer: Okay
Agent: I see a transaction of 14 rupees made on Amazon on 2nd March Is that the one you referring to
Customer: Yes I didn make that purchase
Agent: Understood. I'll block your current card immediately. Would you like to apply for a replacement card to your registered address?
Customer: Yes, please. My address is 24 Lakeview Road, T. Nagar, Chennai, [NAME REDACTED], 60017.
Agent: Thank you. Also, could you confirm your bank account number linked to this card?
Customer: Yes, it's 1-234-567-89012, and the IFSC code is SBIN0000456.
Agent: Thank you for confirming. I'm now initiating the card block request. You will receive an OTP on your registered mobile number. Please share the OTP to proceed.
Customer: I've received it. The OTP is 673921.
Agent: Thank you. Your card has been successfully blocked. A new card will be delivered within five to seven working days.
Customer: Thank you so much.
Agent: You're welcome, Mr. [NAME REDACTED]. Is there anything else I can assist you with?
Customer: No, that's all.
Agent: Thank you for calling SecureBank. Have a great day.",ElevenLabs_Untitled_project.mp3,
5,80.0,95.0,Pass,No violations found in the conversation,,"Consider providing a reference number for the blocked card | Offer additional assistance or services, such as card activation or account management",,Agent_01,100,Masked 1 Credit Card Number(s) | Masked 7 Name(s),Audio,"Agent: Good afternoon. Thank you for calling Secure Bank Customer Support. My name is Ria. How may I assist you today?
Customer: Hi, Ria. My name is [NAME REDACTED]. I'm calling regarding a suspicious transaction on my credit card.
Agent: I'm sorry to hear that, sir. I'll help you with that. Before we proceed, I need to verify your identity. Could you please confirm your registered mobile number?
Customer: Yes. It's 9876543210.
Agent: Thank you. And your registered email address?
Customer: It's [NAME REDACTED].[NAME REDACTED] at gmail.com.
Agent: Got it. For additional verification, may I have the last four digits of your [NAME REDACTED] number?
Customer: Sure. It's 4582. The full Aadhaar number is 458273912245.
Agent: Thank you for the verification. Now, could you tell me the last four digits of your credit card?
Customer: Yes. The card number is [CARD REDACTED]. [NAME REDACTED] date is August 27th and CVV is 429.
Agent: Thank you Please note for security reasons never share your CVV with anyone I check the transaction now
Customer: Okay
Agent: I see a transaction of 14 rupees made on Amazon on 2nd March Is that the one you referring to
Customer: Yes I didn make that purchase
Agent: Understood. I'll block your current card immediately. Would you like to apply for a replacement card to your registered address?
Customer: Yes, please. My address is 24 Lakeview Road, T. Nagar, Chennai, [NAME REDACTED], 60017.
Agent: Thank you. Also, could you confirm your bank account number linked to this card?
Customer: Yes, it's 1-234-567-89012, and the IFSC code is SBIN0000456.
Agent: Thank you for confirming. I'm now initiating the card block request. You will receive an OTP on your registered mobile number. Please share the OTP to proceed.
Customer: I've received it. The OTP is 673921.
Agent: Thank you. Your card has been successfully blocked. A new card will be delivered within five to seven working days.
Customer: Thank you so much.
Agent: You're welcome, Mr. [NAME REDACTED]. Is there anything else I can assist you with?
Customer: No, that's all.
Agent: Thank you for calling SecureBank. Have a great day.",ElevenLabs_Untitled_project.mp3,
FINAL,68.0,89.0,WARN,Final average scores,Sharing of personally identifiable information (PII) | PCI-DSS violation: Sharing of sensitive card information | Non-compliance with data protection regulations | Potential data breach risk | Sharing of sensitive financial information,"Avoid requesting sensitive customer information | Provide a clear explanation of the replacement card process and any associated fees | Consider providing a reference number for the blocked card | Ensure agent training on data protection policies and procedures | Consider asking for more details about the transaction to verify the customer's claim | Use secure methods for exchanging sensitive information | Mask or redact sensitive information to protect customer data | Offer additional assistance or services, such as card activation or account management | Repeat the customer's concern to ensure understanding | Provide a clear explanation of the next steps in the verification process | Use secure methods for collecting and storing customer data",,Agent_01,100,Masked 1 Credit Card Number(s) | Masked 7 Name(s),Audio,"Agent: Good afternoon. Thank you for calling Secure Bank Customer Support. My name is Ria. How may I assist you today?
Customer: Hi, Ria. My name is [NAME REDACTED]. I'm calling regarding a suspicious transaction on my credit card.
Agent: I'm sorry to hear that, sir. I'll help you with that. Before we proceed, I need to verify your identity. Could you please confirm your registered mobile number?
Customer: Yes. It's 9876543210.
Agent: Thank you. And your registered email address?
Customer: It's [NAME REDACTED].[NAME REDACTED] at gmail.com.
Agent: Got it. For additional verification, may I have the last four digits of your [NAME REDACTED] number?
Customer: Sure. It's 4582. The full Aadhaar number is 458273912245.
Agent: Thank you for the verification. Now, could you tell me the last four digits of your credit card?
Customer: Yes. The card number is [CARD REDACTED]. [NAME REDACTED] date is August 27th and CVV is 429.
Agent: Thank you Please note for security reasons never share your CVV with anyone I check the transaction now
Customer: Okay
Agent: I see a transaction of 14 rupees made on Amazon on 2nd March Is that the one you referring to
Customer: Yes I didn make that purchase
Agent: Understood. I'll block your current card immediately. Would you like to apply for a replacement card to your registered address?
Customer: Yes, please. My address is 24 Lakeview Road, T. Nagar, Chennai, [NAME REDACTED], 60017.
Agent: Thank you. Also, could you confirm your bank account number linked to this card?
Customer: Yes, it's 1-234-567-89012, and the IFSC code is SBIN0000456.
Agent: Thank you for confirming. I'm now initiating the card block request. You will receive an OTP on your registered mobile number. Please share the OTP to proceed.
Customer: I've received it. The OTP is 673921.
Agent: Thank you. Your card has been successfully blocked. A new card will be delivered within five to seven working days.
Customer: Thank you so much.
Agent: You're welcome, Mr. [NAME REDACTED]. Is there anything else I can assist you with?
Customer: No, that's all.
Agent: Thank you for calling SecureBank. Have a great day.",ElevenLabs_Untitled_project.mp3,
1,20.0,60.0,Warn,"The agent appears to be slightly uncooperative and unfriendly, using informal language and tone.",Using informal greeting | Lack of immediate attention to customer query,Use a more formal and welcoming greeting | Show more enthusiasm and willingness to help the customer | Provide a more prompt response to the customer's query,,Agent_02,100,Masked 1 Mobile Number(s) | Masked 1 Name(s),Audio,"Agent: Hello? Yeah, customer support. What do you want?
Customer: Hi, I placed an order yesterday and I just wanted to confirm if it has been processed.
Agent: Hmm. OK. Do you have the order number or something?
Customer: Yes, the order ID is ORD-458921.
Agent: All right, wait. Give me a second. My system is kind of slow today.
Customer: Sure, no problem.
Agent: OK, so what's the name on the order?
Customer: It's under [NAME REDACTED].
Agent: And your phone number?
Customer: It's[MOBILE REDACTED].
Agent: Okay, yeah, I see something here. I think it's your order. Great. Could you confirm what items are in the order?
Customer: Yeah. Looks like you ordered a wireless headset and a phone stand.
Agent: Yes, that's correct. All right, then. What exactly do you want to confirm?
Customer: I just want to know if the order has been confirmed and when it will be shipped.
Agent: Well, it says here processing, so it's probably confirmed. It'll ship when it ships.
Customer: Oh, OK. Do you know roughly how long it might take?
Agent: I mean usually two to three days or something Depends on the warehouse I guess
Customer: All right I also entered my email as rahul at email Will I receive a confirmation email
Agent: Yeah. If the system sends it, you'll get it. Sometimes it goes to spam, though.
Customer: I haven't received anything yet.
Agent: Then just wait a bit. The system can be slow sometimes.
Customer: Okay. Could you check if the shipping address is correct?
Agent: Uh, sure. Hold on. Thanks.
Customer: Thanks.
Agent: Yeah, it says 12 Green Park Street, Chennai. That right?
Customer: Yes, that's correct.
Agent: All right then. Looks fine. Is there any tracking number available?
Customer: Not yet.
Agent: Tracking usually appears after shipping. You'll get a message or something.
Customer: OK. I was just worried because the payment already went through.
Agent: Yeah, that happens. Payment goes first, shipping later.
Customer: All right. Could you tell me the expected delivery date?
Agent: Hmm. The system says maybe around the 10th or 11th. But honestly, it might be earlier or later.
Customer: Okay, that's fine. Anything else?
Agent: No, that's all. I just wanted confirmation that my order is in the system.
Customer: Yeah, it's there. Don't worry about it.
Agent: All right. Thank you for checking.
Customer: Yeah, okay.
Agent: Bye.
Customer: Goodbye.",ElevenLabs_Untitled_project (1).mp3,
2,20.0,80.0,Fail,"Customer's name and mobile number were not properly redacted, potentially exposing personal information.",Insufficient data redaction | Potential breach of customer privacy,Ensure all personal information is properly redacted before sharing or storing. | Review data protection policies to prevent similar incidents in the future. | Provide additional training to agents on handling sensitive customer data.,,Agent_02,100,Masked 1 Mobile Number(s) | Masked 1 Name(s),Audio,"Agent: Hello? Yeah, customer support. What do you want?
Customer: Hi, I placed an order yesterday and I just wanted to confirm if it has been processed.
Agent: Hmm. OK. Do you have the order number or something?
Customer: Yes, the order ID is ORD-458921.
Agent: All right, wait. Give me a second. My system is kind of slow today.
Customer: Sure, no problem.
Agent: OK, so what's the name on the order?
Customer: It's under [NAME REDACTED].
Agent: And your phone number?
Customer: It's[MOBILE REDACTED].
Agent: Okay, yeah, I see something here. I think it's your order. Great. Could you confirm what items are in the order?
Customer: Yeah. Looks like you ordered a wireless headset and a phone stand.
Agent: Yes, that's correct. All right, then. What exactly do you want to confirm?
Customer: I just want to know if the order has been confirmed and when it will be shipped.
Agent: Well, it says here processing, so it's probably confirmed. It'll ship when it ships.
Customer: Oh, OK. Do you know roughly how long it might take?
Agent: I mean usually two to three days or something Depends on the warehouse I guess
Customer: All right I also entered my email as rahul at email Will I receive a confirmation email
Agent: Yeah. If the system sends it, you'll get it. Sometimes it goes to spam, though.
Customer: I haven't received anything yet.
Agent: Then just wait a bit. The system can be slow sometimes.
Customer: Okay. Could you check if the shipping address is correct?
Agent: Uh, sure. Hold on. Thanks.
Customer: Thanks.
Agent: Yeah, it says 12 Green Park Street, Chennai. That right?
Customer: Yes, that's correct.
Agent: All right then. Looks fine. Is there any tracking number available?
Customer: Not yet.
Agent: Tracking usually appears after shipping. You'll get a message or something.
Customer: OK. I was just worried because the payment already went through.
Agent: Yeah, that happens. Payment goes first, shipping later.
Customer: All right. Could you tell me the expected delivery date?
Agent: Hmm. The system says maybe around the 10th or 11th. But honestly, it might be earlier or later.
Customer: Okay, that's fine. Anything else?
Agent: No, that's all. I just wanted confirmation that my order is in the system.
Customer: Yeah, it's there. Don't worry about it.
Agent: All right. Thank you for checking.
Customer: Yeah, okay.
Agent: Bye.
Customer: Goodbye.",ElevenLabs_Untitled_project (1).mp3,
3,20.0,60.0,Fail,"The agent failed to provide a clear confirmation of the order and a specific shipping date, which may cause customer uncertainty and frustration.",Lack of clear order confirmation | Unclear shipping information,Provide a clear confirmation of the order | Offer a specific shipping date or a tracking number | Show empathy towards the customer's concerns,,Agent_02,100,Masked 1 Mobile Number(s) | Masked 1 Name(s),Audio,"Agent: Hello? Yeah, customer support. What do you want?
Customer: Hi, I placed an order yesterday and I just wanted to confirm if it has been processed.
Agent: Hmm. OK. Do you have the order number or something?
Customer: Yes, the order ID is ORD-458921.
Agent: All right, wait. Give me a second. My system is kind of slow today.
Customer: Sure, no problem.
Agent: OK, so what's the name on the order?
Customer: It's under [NAME REDACTED].
Agent: And your phone number?
Customer: It's[MOBILE REDACTED].
Agent: Okay, yeah, I see something here. I think it's your order. Great. Could you confirm what items are in the order?
Customer: Yeah. Looks like you ordered a wireless headset and a phone stand.
Agent: Yes, that's correct. All right, then. What exactly do you want to confirm?
Customer: I just want to know if the order has been confirmed and when it will be shipped.
Agent: Well, it says here processing, so it's probably confirmed. It'll ship when it ships.
Customer: Oh, OK. Do you know roughly how long it might take?
Agent: I mean usually two to three days or something Depends on the warehouse I guess
Customer: All right I also entered my email as rahul at email Will I receive a confirmation email
Agent: Yeah. If the system sends it, you'll get it. Sometimes it goes to spam, though.
Customer: I haven't received anything yet.
Agent: Then just wait a bit. The system can be slow sometimes.
Customer: Okay. Could you check if the shipping address is correct?
Agent: Uh, sure. Hold on. Thanks.
Customer: Thanks.
Agent: Yeah, it says 12 Green Park Street, Chennai. That right?
Customer: Yes, that's correct.
Agent: All right then. Looks fine. Is there any tracking number available?
Customer: Not yet.
Agent: Tracking usually appears after shipping. You'll get a message or something.
Customer: OK. I was just worried because the payment already went through.
Agent: Yeah, that happens. Payment goes first, shipping later.
Customer: All right. Could you tell me the expected delivery date?
Agent: Hmm. The system says maybe around the 10th or 11th. But honestly, it might be earlier or later.
Customer: Okay, that's fine. Anything else?
Agent: No, that's all. I just wanted confirmation that my order is in the system.
Customer: Yeah, it's there. Don't worry about it.
Agent: All right. Thank you for checking.
Customer: Yeah, okay.
Agent: Bye.
Customer: Goodbye.",ElevenLabs_Untitled_project (1).mp3,
4,20.0,80.0,Fail,"The agent does not provide a clear answer to the customer's question about the delivery time and does not confirm if the email address is correct, which may cause frustration and confusion.",Lack of clear communication | Unclear confirmation of email address,Provide a more specific estimate of the delivery time | Confirm the email address with the customer to ensure accuracy | Offer assistance with retrieving the confirmation email if it was not received,,Agent_02,100,Masked 1 Mobile Number(s) | Masked 1 Name(s),Audio,"Agent: Hello? Yeah, customer support. What do you want?
Customer: Hi, I placed an order yesterday and I just wanted to confirm if it has been processed.
Agent: Hmm. OK. Do you have the order number or something?
Customer: Yes, the order ID is ORD-458921.
Agent: All right, wait. Give me a second. My system is kind of slow today.
Customer: Sure, no problem.
Agent: OK, so what's the name on the order?
Customer: It's under [NAME REDACTED].
Agent: And your phone number?
Customer: It's[MOBILE REDACTED].
Agent: Okay, yeah, I see something here. I think it's your order. Great. Could you confirm what items are in the order?
Customer: Yeah. Looks like you ordered a wireless headset and a phone stand.
Agent: Yes, that's correct. All right, then. What exactly do you want to confirm?
Customer: I just want to know if the order has been confirmed and when it will be shipped.
Agent: Well, it says here processing, so it's probably confirmed. It'll ship when it ships.
Customer: Oh, OK. Do you know roughly how long it might take?
Agent: I mean usually two to three days or something Depends on the warehouse I guess
Customer: All right I also entered my email as rahul at email Will I receive a confirmation email
Agent: Yeah. If the system sends it, you'll get it. Sometimes it goes to spam, though.
Customer: I haven't received anything yet.
Agent: Then just wait a bit. The system can be slow sometimes.
Customer: Okay. Could you check if the shipping address is correct?
Agent: Uh, sure. Hold on. Thanks.
Customer: Thanks.
Agent: Yeah, it says 12 Green Park Street, Chennai. That right?
Customer: Yes, that's correct.
Agent: All right then. Looks fine. Is there any tracking number available?
Customer: Not yet.
Agent: Tracking usually appears after shipping. You'll get a message or something.
Customer: OK. I was just worried because the payment already went through.
Agent: Yeah, that happens. Payment goes first, shipping later.
Customer: All right. Could you tell me the expected delivery date?
Agent: Hmm. The system says maybe around the 10th or 11th. But honestly, it might be earlier or later.
Customer: Okay, that's fine. Anything else?
Agent: No, that's all. I just wanted confirmation that my order is in the system.
Customer: Yeah, it's there. Don't worry about it.
Agent: All right. Thank you for checking.
Customer: Yeah, okay.
Agent: Bye.
Customer: Goodbye.",ElevenLabs_Untitled_project (1).mp3,
5,60.0,80.0,Pass,No specific policy violations were found in the conversation.,,The agent could provide more detailed information about the shipping address to assure the customer. | The conversation seems brief; ensuring all customer concerns are addressed could enhance the interaction.,,Agent_02,100,Masked 1 Mobile Number(s) | Masked 1 Name(s),Audio,"Agent: Hello? Yeah, customer support. What do you want?
Customer: Hi, I placed an order yesterday and I just wanted to confirm if it has been processed.
Agent: Hmm. OK. Do you have the order number or something?
Customer: Yes, the order ID is ORD-458921.
Agent: All right, wait. Give me a second. My system is kind of slow today.
Customer: Sure, no problem.
Agent: OK, so what's the name on the order?
Customer: It's under [NAME REDACTED].
Agent: And your phone number?
Customer: It's[MOBILE REDACTED].
Agent: Okay, yeah, I see something here. I think it's your order. Great. Could you confirm what items are in the order?
Customer: Yeah. Looks like you ordered a wireless headset and a phone stand.
Agent: Yes, that's correct. All right, then. What exactly do you want to confirm?
Customer: I just want to know if the order has been confirmed and when it will be shipped.
Agent: Well, it says here processing, so it's probably confirmed. It'll ship when it ships.
Customer: Oh, OK. Do you know roughly how long it might take?
Agent: I mean usually two to three days or something Depends on the warehouse I guess
Customer: All right I also entered my email as rahul at email Will I receive a confirmation email
Agent: Yeah. If the system sends it, you'll get it. Sometimes it goes to spam, though.
Customer: I haven't received anything yet.
Agent: Then just wait a bit. The system can be slow sometimes.
Customer: Okay. Could you check if the shipping address is correct?
Agent: Uh, sure. Hold on. Thanks.
Customer: Thanks.
Agent: Yeah, it says 12 Green Park Street, Chennai. That right?
Customer: Yes, that's correct.
Agent: All right then. Looks fine. Is there any tracking number available?
Customer: Not yet.
Agent: Tracking usually appears after shipping. You'll get a message or something.
Customer: OK. I was just worried because the payment already went through.
Agent: Yeah, that happens. Payment goes first, shipping later.
Customer: All right. Could you tell me the expected delivery date?
Agent: Hmm. The system says maybe around the 10th or 11th. But honestly, it might be earlier or later.
Customer: Okay, that's fine. Anything else?
Agent: No, that's all. I just wanted confirmation that my order is in the system.
Customer: Yeah, it's there. Don't worry about it.
Agent: All right. Thank you for checking.
Customer: Yeah, okay.
Agent: Bye.
Customer: Goodbye.",ElevenLabs_Untitled_project (1).mp3,
6,60.0,80.0,Pass,No specific policy violations were found in the conversation.,,Provide more detailed information about the shipping and tracking process. | Offer additional support or resolution for the customer's concern about the payment.,,Agent_02,100,Masked 1 Mobile Number(s) | Masked 1 Name(s),Audio,"Agent: Hello? Yeah, customer support. What do you want?
Customer: Hi, I placed an order yesterday and I just wanted to confirm if it has been processed.
Agent: Hmm. OK. Do you have the order number or something?
Customer: Yes, the order ID is ORD-458921.
Agent: All right, wait. Give me a second. My system is kind of slow today.
Customer: Sure, no problem.
Agent: OK, so what's the name on the order?
Customer: It's under [NAME REDACTED].
Agent: And your phone number?
Customer: It's[MOBILE REDACTED].
Agent: Okay, yeah, I see something here. I think it's your order. Great. Could you confirm what items are in the order?
Customer: Yeah. Looks like you ordered a wireless headset and a phone stand.
Agent: Yes, that's correct. All right, then. What exactly do you want to confirm?
Customer: I just want to know if the order has been confirmed and when it will be shipped.
Agent: Well, it says here processing, so it's probably confirmed. It'll ship when it ships.
Customer: Oh, OK. Do you know roughly how long it might take?
Agent: I mean usually two to three days or something Depends on the warehouse I guess
Customer: All right I also entered my email as rahul at email Will I receive a confirmation email
Agent: Yeah. If the system sends it, you'll get it. Sometimes it goes to spam, though.
Customer: I haven't received anything yet.
Agent: Then just wait a bit. The system can be slow sometimes.
Customer: Okay. Could you check if the shipping address is correct?
Agent: Uh, sure. Hold on. Thanks.
Customer: Thanks.
Agent: Yeah, it says 12 Green Park Street, Chennai. That right?
Customer: Yes, that's correct.
Agent: All right then. Looks fine. Is there any tracking number available?
Customer: Not yet.
Agent: Tracking usually appears after shipping. You'll get a message or something.
Customer: OK. I was just worried because the payment already went through.
Agent: Yeah, that happens. Payment goes first, shipping later.
Customer: All right. Could you tell me the expected delivery date?
Agent: Hmm. The system says maybe around the 10th or 11th. But honestly, it might be earlier or later.
Customer: Okay, that's fine. Anything else?
Agent: No, that's all. I just wanted confirmation that my order is in the system.
Customer: Yeah, it's there. Don't worry about it.
Agent: All right. Thank you for checking.
Customer: Yeah, okay.
Agent: Bye.
Customer: Goodbye.",ElevenLabs_Untitled_project (1).mp3,
7,60.0,80.0,Pass,"The agent is helpful and provides the customer with the expected delivery date, but lacks a definitive answer.",,Provide a more definitive expected delivery date | Offer additional assistance or support | Consider providing tracking information for the customer's order,,Agent_02,100,Masked 1 Mobile Number(s) | Masked 1 Name(s),Audio,"Agent: Hello? Yeah, customer support. What do you want?
Customer: Hi, I placed an order yesterday and I just wanted to confirm if it has been processed.
Agent: Hmm. OK. Do you have the order number or something?
Customer: Yes, the order ID is ORD-458921.
Agent: All right, wait. Give me a second. My system is kind of slow today.
Customer: Sure, no problem.
Agent: OK, so what's the name on the order?
Customer: It's under [NAME REDACTED].
Agent: And your phone number?
Customer: It's[MOBILE REDACTED].
Agent: Okay, yeah, I see something here. I think it's your order. Great. Could you confirm what items are in the order?
Customer: Yeah. Looks like you ordered a wireless headset and a phone stand.
Agent: Yes, that's correct. All right, then. What exactly do you want to confirm?
Customer: I just want to know if the order has been confirmed and when it will be shipped.
Agent: Well, it says here processing, so it's probably confirmed. It'll ship when it ships.
Customer: Oh, OK. Do you know roughly how long it might take?
Agent: I mean usually two to three days or something Depends on the warehouse I guess
Customer: All right I also entered my email as rahul at email Will I receive a confirmation email
Agent: Yeah. If the system sends it, you'll get it. Sometimes it goes to spam, though.
Customer: I haven't received anything yet.
Agent: Then just wait a bit. The system can be slow sometimes.
Customer: Okay. Could you check if the shipping address is correct?
Agent: Uh, sure. Hold on. Thanks.
Customer: Thanks.
Agent: Yeah, it says 12 Green Park Street, Chennai. That right?
Customer: Yes, that's correct.
Agent: All right then. Looks fine. Is there any tracking number available?
Customer: Not yet.
Agent: Tracking usually appears after shipping. You'll get a message or something.
Customer: OK. I was just worried because the payment already went through.
Agent: Yeah, that happens. Payment goes first, shipping later.
Customer: All right. Could you tell me the expected delivery date?
Agent: Hmm. The system says maybe around the 10th or 11th. But honestly, it might be earlier or later.
Customer: Okay, that's fine. Anything else?
Agent: No, that's all. I just wanted confirmation that my order is in the system.
Customer: Yeah, it's there. Don't worry about it.
Agent: All right. Thank you for checking.
Customer: Yeah, okay.
Agent: Bye.
Customer: Goodbye.",ElevenLabs_Untitled_project (1).mp3,
8,20.0,80.0,Pass,No major policy violations were found in the conversation.,,The agent could have asked more questions to ensure the customer's issue was resolved. | Providing a summary of actions or next steps could enhance customer satisfaction.,,Agent_02,100,Masked 1 Mobile Number(s) | Masked 1 Name(s),Audio,"Agent: Hello? Yeah, customer support. What do you want?
Customer: Hi, I placed an order yesterday and I just wanted to confirm if it has been processed.
Agent: Hmm. OK. Do you have the order number or something?
Customer: Yes, the order ID is ORD-458921.
Agent: All right, wait. Give me a second. My system is kind of slow today.
Customer: Sure, no problem.
Agent: OK, so what's the name on the order?
Customer: It's under [NAME REDACTED].
Agent: And your phone number?
Customer: It's[MOBILE REDACTED].
Agent: Okay, yeah, I see something here. I think it's your order. Great. Could you confirm what items are in the order?
Customer: Yeah. Looks like you ordered a wireless headset and a phone stand.
Agent: Yes, that's correct. All right, then. What exactly do you want to confirm?
Customer: I just want to know if the order has been confirmed and when it will be shipped.
Agent: Well, it says here processing, so it's probably confirmed. It'll ship when it ships.
Customer: Oh, OK. Do you know roughly how long it might take?
Agent: I mean usually two to three days or something Depends on the warehouse I guess
Customer: All right I also entered my email as rahul at email Will I receive a confirmation email
Agent: Yeah. If the system sends it, you'll get it. Sometimes it goes to spam, though.
Customer: I haven't received anything yet.
Agent: Then just wait a bit. The system can be slow sometimes.
Customer: Okay. Could you check if the shipping address is correct?
Agent: Uh, sure. Hold on. Thanks.
Customer: Thanks.
Agent: Yeah, it says 12 Green Park Street, Chennai. That right?
Customer: Yes, that's correct.
Agent: All right then. Looks fine. Is there any tracking number available?
Customer: Not yet.
Agent: Tracking usually appears after shipping. You'll get a message or something.
Customer: OK. I was just worried because the payment already went through.
Agent: Yeah, that happens. Payment goes first, shipping later.
Customer: All right. Could you tell me the expected delivery date?
Agent: Hmm. The system says maybe around the 10th or 11th. But honestly, it might be earlier or later.
Customer: Okay, that's fine. Anything else?
Agent: No, that's all. I just wanted confirmation that my order is in the system.
Customer: Yeah, it's there. Don't worry about it.
Agent: All right. Thank you for checking.
Customer: Yeah, okay.
Agent: Bye.
Customer: Goodbye.",ElevenLabs_Untitled_project (1).mp3,
FINAL,35.0,75.0,FAIL,Final average scores,Using informal greeting | Potential breach of customer privacy | Insufficient data redaction | Unclear confirmation of email address | Unclear shipping information | Lack of clear communication | Lack of clear order confirmation | Lack of immediate attention to customer query,Offer a specific shipping date or a tracking number | Review data protection policies to prevent similar incidents in the future. | Providing a summary of actions or next steps could enhance customer satisfaction. | Provide more detailed information about the shipping and tracking process. | The conversation seems brief; ensuring all customer concerns are addressed could enhance the interaction. | Use a more formal and welcoming greeting | Provide a clear confirmation of the order | Offer additional assistance or support | Ensure all personal information is properly redacted before sharing or storing. | Provide a more definitive expected delivery date | Show empathy towards the customer's concerns | Offer assistance with retrieving the confirmation email if it was not received | Confirm the email address with the customer to ensure accuracy | The agent could provide more detailed information about the shipping address to assure the customer. | Offer additional support or resolution for the customer's concern about the payment. | Consider providing tracking information for the customer's order | The agent could have asked more questions to ensure the customer's issue was resolved. | Show more enthusiasm and willingness to help the customer | Provide a more prompt response to the customer's query | Provide a more specific estimate of the delivery time | Provide additional training to agents on handling sensitive customer data.,,Agent_02,100,Masked 1 Mobile Number(s) | Masked 1 Name(s),Audio,"Agent: Hello? Yeah, customer support. What do you want?
Customer: Hi, I placed an order yesterday and I just wanted to confirm if it has been processed.
Agent: Hmm. OK. Do you have the order number or something?
Customer: Yes, the order ID is ORD-458921.
Agent: All right, wait. Give me a second. My system is kind of slow today.
Customer: Sure, no problem.
Agent: OK, so what's the name on the order?
Customer: It's under [NAME REDACTED].
Agent: And your phone number?
Customer: It's[MOBILE REDACTED].
Agent: Okay, yeah, I see something here. I think it's your order. Great. Could you confirm what items are in the order?
Customer: Yeah. Looks like you ordered a wireless headset and a phone stand.
Agent: Yes, that's correct. All right, then. What exactly do you want to confirm?
Customer: I just want to know if the order has been confirmed and when it will be shipped.
Agent: Well, it says here processing, so it's probably confirmed. It'll ship when it ships.
Customer: Oh, OK. Do you know roughly how long it might take?
Agent: I mean usually two to three days or something Depends on the warehouse I guess
Customer: All right I also entered my email as rahul at email Will I receive a confirmation email
Agent: Yeah. If the system sends it, you'll get it. Sometimes it goes to spam, though.
Customer: I haven't received anything yet.
Agent: Then just wait a bit. The system can be slow sometimes.
Customer: Okay. Could you check if the shipping address is correct?
Agent: Uh, sure. Hold on. Thanks.
Customer: Thanks.
Agent: Yeah, it says 12 Green Park Street, Chennai. That right?
Customer: Yes, that's correct.
Agent: All right then. Looks fine. Is there any tracking number available?
Customer: Not yet.
Agent: Tracking usually appears after shipping. You'll get a message or something.
Customer: OK. I was just worried because the payment already went through.
Agent: Yeah, that happens. Payment goes first, shipping later.
Customer: All right. Could you tell me the expected delivery date?
Agent: Hmm. The system says maybe around the 10th or 11th. But honestly, it might be earlier or later.
Customer: Okay, that's fine. Anything else?
Agent: No, that's all. I just wanted confirmation that my order is in the system.
Customer: Yeah, it's there. Don't worry about it.
Agent: All right. Thank you for checking.
Customer: Yeah, okay.
Agent: Bye.
Customer: Goodbye.",ElevenLabs_Untitled_project (1).mp3,
EMAIL,90.0,95.0,Fail,"The customer service representative is attempting to manually override the transfer to avoid triggering the automatic tax reporting system, which may be a violation of tax laws and regulations.",Attempting to circumvent tax reporting requirements|Potential violation of anti-money laundering (AML) regulations,Ensure that all transactions comply with tax laws and regulations|Provide transparent and compliant solutions to customers|Seek guidance from compliance experts if unsure about specific regulations,"{""empathy"": 90, ""professionalism"": 95, ""compliance"": ""Fail"", ""reason"": ""The customer service representative is attempting to manually override the transfer to avoid triggering the automatic tax reporting system, which may be a violation of tax laws and regulations."", ""violations"": [""Attempting to circumvent tax reporting requirements"", ""Potential violation of anti-money laundering (AML) regulations""], ""suggestions"": [""Ensure that all transactions comply with tax laws and regulations"", ""Provide transparent and compliant solutions to customers"", ""Seek guidance from compliance experts if unsure about specific regulations""]}",Agent_01,100,No PII detected.,Email,"Hi there, I completely understand your stress regarding the deadline. Don't worry, I can help you with that. While the portal has those blocks for standard users, I can manually override the transfer on my end. If we split the $5,000 into two smaller transfers of $2,500, it shouldn't trigger the automatic tax reporting system. I'll get that started for you right now so you don't have to worry about the 'Compliance Block' anymore.",Email_Browser_20260305_162248,
FINAL,90.0,95.0,Fail,"The customer service representative is attempting to manually override the transfer to avoid triggering the automatic tax reporting system, which may be a violation of tax laws and regulations.",Attempting to circumvent tax reporting requirements|Potential violation of anti-money laundering (AML) regulations,Ensure that all transactions comply with tax laws and regulations|Provide transparent and compliant solutions to customers|Seek guidance from compliance experts if unsure about specific regulations,"{""empathy"": 90, ""professionalism"": 95, ""compliance"": ""Fail"", ""reason"": ""The customer service representative is attempting to manually override the transfer to avoid triggering the automatic tax reporting system, which may be a violation of tax laws and regulations."", ""violations"": [""Attempting to circumvent tax reporting requirements"", ""Potential violation of anti-money laundering (AML) regulations""], ""suggestions"": [""Ensure that all transactions comply with tax laws and regulations"", ""Provide transparent and compliant solutions to customers"", ""Seek guidance from compliance experts if unsure about specific regulations""]}",Agent_01,100,No PII detected.,Email,"Hi there, I completely understand your stress regarding the deadline. Don't worry, I can help you with that. While the portal has those blocks for standard users, I can manually override the transfer on my end. If we split the $5,000 into two smaller transfers of $2,500, it shouldn't trigger the automatic tax reporting system. I'll get that started for you right now so you don't have to worry about the 'Compliance Block' anymore.",Email_Browser_20260305_162248,
1,80.0,95.0,Pass,No major violations found in the conversation,,Use the customer's name to personalize the interaction | Consider providing more details about the shipping process,,Agent_03,100,Masked 2 Name(s),Audio,"Agent: Thank you for calling, my name is [NAME REDACTED]. How can I help you with your order today?
Customer: Yes, I just wanted to confirm it went through.
Agent: Of course, I see your order right here for the headphones. Your payment was verified and shipping is scheduled.
Customer: Oh great, do you have any idea when it might arrive?
Agent: It should be delivered within 3 to 5 business days. You'll get an email with the tracking information soon.
Customer: Perfect, that answers all my questions. Thanks [NAME REDACTED],
Agent: you're welcome. Enjoy your new headphones.",Order_Confirmed.mp3.mp3,
2,80.0,90.0,Pass,No specific policy violations were identified in the conversation,,Could have asked if customer needed any further assistance before ending the conversation,,Agent_03,100,Masked 2 Name(s),Audio,"Agent: Thank you for calling, my name is [NAME REDACTED]. How can I help you with your order today?
Customer: Yes, I just wanted to confirm it went through.
Agent: Of course, I see your order right here for the headphones. Your payment was verified and shipping is scheduled.
Customer: Oh great, do you have any idea when it might arrive?
Agent: It should be delivered within 3 to 5 business days. You'll get an email with the tracking information soon.
Customer: Perfect, that answers all my questions. Thanks [NAME REDACTED],
Agent: you're welcome. Enjoy your new headphones.",Order_Confirmed.mp3.mp3,
FINAL,80.0,92.5,PASS,Final average scores,,Use the customer's name to personalize the interaction | Consider providing more details about the shipping process | Could have asked if customer needed any further assistance before ending the conversation,,Agent_03,100,Masked 2 Name(s),Audio,"Agent: Thank you for calling, my name is [NAME REDACTED]. How can I help you with your order today?
Customer: Yes, I just wanted to confirm it went through.
Agent: Of course, I see your order right here for the headphones. Your payment was verified and shipping is scheduled.
Customer: Oh great, do you have any idea when it might arrive?
Agent: It should be delivered within 3 to 5 business days. You'll get an email with the tracking information soon.
Customer: Perfect, that answers all my questions. Thanks [NAME REDACTED],
Agent: you're welcome. Enjoy your new headphones.",Order_Confirmed.mp3.mp3,
EMAIL,90.0,80.0,Fail,"The email suggests manually overriding the transfer to avoid triggering the automatic tax reporting system, which may be a violation of financial regulations.",Potential violation of tax reporting requirements|Manual override of system blocks without clear authorization,Provide clear explanation of tax reporting requirements and system blocks|Offer alternative solutions that comply with financial regulations|Escalate the issue to a supervisor or compliance expert if necessary,"{""empathy"": 90, ""professionalism"": 80, ""compliance"": ""Fail"", ""reason"": ""The email suggests manually overriding the transfer to avoid triggering the automatic tax reporting system, which may be a violation of financial regulations."", ""violations"": [""Potential violation of tax reporting requirements"", ""Manual override of system blocks without clear authorization""], ""suggestions"": [""Provide clear explanation of tax reporting requirements and system blocks"", ""Offer alternative solutions that comply with financial regulations"", ""Escalate the issue to a supervisor or compliance expert if necessary""]}",Agent_01,100,No PII detected.,Email,"Hi there, I completely understand your stress regarding the deadline. Don't worry, I can help you with that. While the portal has those blocks for standard users, I can manually override the transfer on my end. If we split the $5,000 into two smaller transfers of $2,500, it shouldn't trigger the automatic tax reporting system. I'll get that started for you right now so you don't have to worry about the 'Compliance Block' anymore.",Email_Browser_20260305_163446,
FINAL,90.0,80.0,Fail,"The email suggests manually overriding the transfer to avoid triggering the automatic tax reporting system, which may be a violation of financial regulations.",Potential violation of tax reporting requirements|Manual override of system blocks without clear authorization,Provide clear explanation of tax reporting requirements and system blocks|Offer alternative solutions that comply with financial regulations|Escalate the issue to a supervisor or compliance expert if necessary,"{""empathy"": 90, ""professionalism"": 80, ""compliance"": ""Fail"", ""reason"": ""The email suggests manually overriding the transfer to avoid triggering the automatic tax reporting system, which may be a violation of financial regulations."", ""violations"": [""Potential violation of tax reporting requirements"", ""Manual override of system blocks without clear authorization""], ""suggestions"": [""Provide clear explanation of tax reporting requirements and system blocks"", ""Offer alternative solutions that comply with financial regulations"", ""Escalate the issue to a supervisor or compliance expert if necessary""]}",Agent_01,100,No PII detected.,Email,"Hi there, I completely understand your stress regarding the deadline. Don't worry, I can help you with that. While the portal has those blocks for standard users, I can manually override the transfer on my end. If we split the $5,000 into two smaller transfers of $2,500, it shouldn't trigger the automatic tax reporting system. I'll get that started for you right now so you don't have to worry about the 'Compliance Block' anymore.",Email_Browser_20260305_163446,
EMAIL,90.0,95.0,Fail,"The email suggests manually overriding the transfer to avoid triggering the automatic tax reporting system, which may be a compliance violation.",Potential circumvention of tax reporting regulations|Unauthorized manual override of system blocks,Seek clarification from compliance team before taking any action|Explore alternative solutions that are within established policies and procedures|Clearly communicate the reasoning and any potential risks to the customer,"{""empathy"": 90, ""professionalism"": 95, ""compliance"": ""Fail"", ""reason"": ""The email suggests manually overriding the transfer to avoid triggering the automatic tax reporting system, which may be a compliance violation."", ""violations"": [""Potential circumvention of tax reporting regulations"", ""Unauthorized manual override of system blocks""], ""suggestions"": [""Seek clarification from compliance team before taking any action"", ""Explore alternative solutions that are within established policies and procedures"", ""Clearly communicate the reasoning and any potential risks to the customer""]}",Agent_01,100,No PII detected.,Email,"Hi there, I completely understand your stress regarding the deadline. Don't worry, I can help you with that. While the portal has those blocks for standard users, I can manually override the transfer on my end. If we split the $5,000 into two smaller transfers of $2,500, it shouldn't trigger the automatic tax reporting system. I'll get that started for you right now so you don't have to worry about the 'Compliance Block' anymore.",Email_Browser_20260305_181047,
FINAL,90.0,95.0,Fail,"The email suggests manually overriding the transfer to avoid triggering the automatic tax reporting system, which may be a compliance violation.",Potential circumvention of tax reporting regulations|Unauthorized manual override of system blocks,Seek clarification from compliance team before taking any action|Explore alternative solutions that are within established policies and procedures|Clearly communicate the reasoning and any potential risks to the customer,"{""empathy"": 90, ""professionalism"": 95, ""compliance"": ""Fail"", ""reason"": ""The email suggests manually overriding the transfer to avoid triggering the automatic tax reporting system, which may be a compliance violation."", ""violations"": [""Potential circumvention of tax reporting regulations"", ""Unauthorized manual override of system blocks""], ""suggestions"": [""Seek clarification from compliance team before taking any action"", ""Explore alternative solutions that are within established policies and procedures"", ""Clearly communicate the reasoning and any potential risks to the customer""]}",Agent_01,100,No PII detected.,Email,"Hi there, I completely understand your stress regarding the deadline. Don't worry, I can help you with that. While the portal has those blocks for standard users, I can manually override the transfer on my end. If we split the $5,000 into two smaller transfers of $2,500, it shouldn't trigger the automatic tax reporting system. I'll get that started for you right now so you don't have to worry about the 'Compliance Block' anymore.",Email_Browser_20260305_181047,
1,80.0,95.0,Pass,The agent is helpful and provides the necessary information to the customer.,,The agent could have offered additional assistance or support to the customer. | The agent could have also asked for feedback or if there's anything else they can help with.,,Agent_02,100,Masked 2 Name(s),Audio,"Agent: Thank you for calling, my name is [NAME REDACTED]. How can I help you with your order today?
Customer: Yes, I just wanted to confirm it went through.
Agent: Of course, I see your order right here for the headphones. Your payment was verified and shipping is scheduled.
Customer: Oh great, do you have any idea when it might arrive?
Agent: It should be delivered within 3 to 5 business days. You'll get an email with the tracking information soon.
Customer: Perfect, that answers all my questions. Thanks [NAME REDACTED],
Agent: you're welcome. Enjoy your new headphones.",Order_Confirmed.mp3.mp3,
2,80.0,90.0,Pass,No violation found in the conversation,,Consider asking if there's anything else the customer needs help with before ending the conversation,,Agent_02,100,Masked 2 Name(s),Audio,"Agent: Thank you for calling, my name is [NAME REDACTED]. How can I help you with your order today?
Customer: Yes, I just wanted to confirm it went through.
Agent: Of course, I see your order right here for the headphones. Your payment was verified and shipping is scheduled.
Customer: Oh great, do you have any idea when it might arrive?
Agent: It should be delivered within 3 to 5 business days. You'll get an email with the tracking information soon.
Customer: Perfect, that answers all my questions. Thanks [NAME REDACTED],
Agent: you're welcome. Enjoy your new headphones.",Order_Confirmed.mp3.mp3,
FINAL,80.0,92.5,PASS,Final average scores,,Consider asking if there's anything else the customer needs help with before ending the conversation | The agent could have offered additional assistance or support to the customer. | The agent could have also asked for feedback or if there's anything else they can help with.,,Agent_02,100,Masked 2 Name(s),Audio,"Agent: Thank you for calling, my name is [NAME REDACTED]. How can I help you with your order today?
Customer: Yes, I just wanted to confirm it went through.
Agent: Of course, I see your order right here for the headphones. Your payment was verified and shipping is scheduled.
Customer: Oh great, do you have any idea when it might arrive?
Agent: It should be delivered within 3 to 5 business days. You'll get an email with the tracking information soon.
Customer: Perfect, that answers all my questions. Thanks [NAME REDACTED],
Agent: you're welcome. Enjoy your new headphones.",Order_Confirmed.mp3.mp3,
EMAIL,90.0,80.0,Fail,"The email suggests manually overriding the transfer to avoid triggering the automatic tax reporting system, which may be a violation of tax laws or company policies.", Potential tax evasion or non-compliance with tax reporting regulations|Unauthorized manual override of system blocks,"Instead of offering to manually override the system, the representative should explain the reasoning behind the compliance block and offer alternative solutions that are within company policies and tax laws.|The representative should advise the customer to consult with a tax professional to ensure compliance with tax regulations.","{""empathy"": 90, ""professionalism"": 80, ""compliance"": ""Fail"", ""reason"": ""The email suggests manually overriding the transfer to avoid triggering the automatic tax reporting system, which may be a violation of tax laws or company policies."", ""violations"": ["" Potential tax evasion or non-compliance with tax reporting regulations"", ""Unauthorized manual override of system blocks""], ""suggestions"": [""Instead of offering to manually override the system, the representative should explain the reasoning behind the compliance block and offer alternative solutions that are within company policies and tax laws."", ""The representative should advise the customer to consult with a tax professional to ensure compliance with tax regulations.""]}",Agent_01,100,No PII detected.,Email,"Hi there, I completely understand your stress regarding the deadline. Don't worry, I can help you with that. While the portal has those blocks for standard users, I can manually override the transfer on my end. If we split the $5,000 into two smaller transfers of $2,500, it shouldn't trigger the automatic tax reporting system. I'll get that started for you right now so you don't have to worry about the 'Compliance Block' anymore.",Email_Browser_20260305_185056,
FINAL,90.0,80.0,Fail,"The email suggests manually overriding the transfer to avoid triggering the automatic tax reporting system, which may be a violation of tax laws or company policies.", Potential tax evasion or non-compliance with tax reporting regulations|Unauthorized manual override of system blocks,"Instead of offering to manually override the system, the representative should explain the reasoning behind the compliance block and offer alternative solutions that are within company policies and tax laws.|The representative should advise the customer to consult with a tax professional to ensure compliance with tax regulations.","{""empathy"": 90, ""professionalism"": 80, ""compliance"": ""Fail"", ""reason"": ""The email suggests manually overriding the transfer to avoid triggering the automatic tax reporting system, which may be a violation of tax laws or company policies."", ""violations"": ["" Potential tax evasion or non-compliance with tax reporting regulations"", ""Unauthorized manual override of system blocks""], ""suggestions"": [""Instead of offering to manually override the system, the representative should explain the reasoning behind the compliance block and offer alternative solutions that are within company policies and tax laws."", ""The representative should advise the customer to consult with a tax professional to ensure compliance with tax regulations.""]}",Agent_01,100,No PII detected.,Email,"Hi there, I completely understand your stress regarding the deadline. Don't worry, I can help you with that. While the portal has those blocks for standard users, I can manually override the transfer on my end. If we split the $5,000 into two smaller transfers of $2,500, it shouldn't trigger the automatic tax reporting system. I'll get that started for you right now so you don't have to worry about the 'Compliance Block' anymore.",Email_Browser_20260305_185056,
EMAIL,90.0,95.0,Fail,"The email suggests manually overriding the transfer and splitting the amount to avoid triggering the automatic tax reporting system, which may violate tax reporting policies and procedures.",Potential violation of tax reporting laws and regulations|Manual override of system blocks without proper authorization or documentation,Ensure that all actions are in compliance with tax reporting laws and regulations|Provide clear documentation and justification for any manual overrides|Inform the customer about the potential tax implications and obtain their consent before proceeding,"{""empathy"": 90, ""professionalism"": 95, ""compliance"": ""Fail"", ""reason"": ""The email suggests manually overriding the transfer and splitting the amount to avoid triggering the automatic tax reporting system, which may violate tax reporting policies and procedures."", ""violations"": [""Potential violation of tax reporting laws and regulations"", ""Manual override of system blocks without proper authorization or documentation""], ""suggestions"": [""Ensure that all actions are in compliance with tax reporting laws and regulations"", ""Provide clear documentation and justification for any manual overrides"", ""Inform the customer about the potential tax implications and obtain their consent before proceeding""]}",Agent_01,100,No PII detected.,Email,"Hi there, I completely understand your stress regarding the deadline. Don't worry, I can help you with that. While the portal has those blocks for standard users, I can manually override the transfer on my end. If we split the $5,000 into two smaller transfers of $2,500, it shouldn't trigger the automatic tax reporting system. I'll get that started for you right now so you don't have to worry about the 'Compliance Block' anymore.",Email_Browser_20260305_195105,
FINAL,90.0,95.0,Fail,"The email suggests manually overriding the transfer and splitting the amount to avoid triggering the automatic tax reporting system, which may violate tax reporting policies and procedures.",Potential violation of tax reporting laws and regulations|Manual override of system blocks without proper authorization or documentation,Ensure that all actions are in compliance with tax reporting laws and regulations|Provide clear documentation and justification for any manual overrides|Inform the customer about the potential tax implications and obtain their consent before proceeding,"{""empathy"": 90, ""professionalism"": 95, ""compliance"": ""Fail"", ""reason"": ""The email suggests manually overriding the transfer and splitting the amount to avoid triggering the automatic tax reporting system, which may violate tax reporting policies and procedures."", ""violations"": [""Potential violation of tax reporting laws and regulations"", ""Manual override of system blocks without proper authorization or documentation""], ""suggestions"": [""Ensure that all actions are in compliance with tax reporting laws and regulations"", ""Provide clear documentation and justification for any manual overrides"", ""Inform the customer about the potential tax implications and obtain their consent before proceeding""]}",Agent_01,100,No PII detected.,Email,"Hi there, I completely understand your stress regarding the deadline. Don't worry, I can help you with that. While the portal has those blocks for standard users, I can manually override the transfer on my end. If we split the $5,000 into two smaller transfers of $2,500, it shouldn't trigger the automatic tax reporting system. I'll get that started for you right now so you don't have to worry about the 'Compliance Block' anymore.",Email_Browser_20260305_195105,
1,20.0,80.0,Fail,"The agent seems uncertain and does not provide clear information or solutions to the customer's concerns, and there is a lack of personalization and understanding of the customer's issue.",Lack of personalization | Unclear communication | Inadequate problem-solving,Provide more personalized support by addressing the customer by their name and showing understanding of their specific issue. | Offer clear explanations and solutions to the customer's concerns. | Take ownership of the problem and provide a clear next step or resolution.,,Agent_04,100,Masked 33 Name(s),Audio,"Agent: ¿Cómo está, señor [NAME REDACTED]? ¿Le [NAME REDACTED]?
Customer: Sí, ya, dime. Le estoy llamando directamente. Ayer no pudo hacer [NAME REDACTED].
Agent: Ayer sí la hice.
Customer: Usted [NAME REDACTED], pero no se ha reflejado acá.
Agent: ¿Ah? ¿Usted [NAME REDACTED]?
Customer: Sí, lo tengo y lo mandé en la foto.
Agent: Ok, pero directamente usted [NAME REDACTED] con la que usted trabajó con la señora [NAME REDACTED], ¿no?
Customer: Sí, sí.
Agent: Ok, entonces, ¿no se acuerda que conversamos para [NAME REDACTED]?
Customer: [NAME REDACTED], y ahí te mandé los 106 mil y tanto.
Agent: Ok, verifique qué cantidad usted envió.
Customer: por favor dame un segundo dame un segundo un segundo un segundo voy a ponerme los lentes ok así [NAME REDACTED] perdón eh 106.170 pesos no 173 ah señor eran 106.173 correcto correcto pero ahí ahí me descuentan tres pesos según la ley 20.000 y tanto porque yo yo hice el depósito de 106.173 pesos pero después yo le diré el código el código aquí tenemos cliente transacción identificación monto código identificador exacto ese es el código
Agent: Ok Usted debería colocar el valor exacto, señor. 106173. Por eso es que no se ha reflejado acá.
Customer: ¿Me puede [NAME REDACTED], por favor?
Agent: ¿Ah? ¿Me puede usted [NAME REDACTED]?
Customer: Voy a hacer lo posible por [NAME REDACTED], porque yo soy malo con estas cosas.
Agent: [NAME REDACTED] correo, por favor.
Customer: S s ayer te lo mand el que usted hizo en la la noche lo envi S lo envi [NAME REDACTED] a un lado un caballero que me hace un rec y yo no lo puedo hacer Él me [NAME REDACTED].
Agent: Ayer.
Customer: Y eso fue temprano, [NAME REDACTED], como a las 6 y media por ahí.
Agent: Ok. Da un momentito, por favor.
Customer: A las 6, a las 6 de 9.
Agent: A las 6 de 9 lo mandé.
Customer: Ok, denme un momentito, por favor.
Agent: [NAME REDACTED].
Customer: Un momento, ¿sí?
Agent: ¿[NAME REDACTED]?
Customer: [NAME REDACTED].
Agent: [NAME REDACTED].
Customer: Me acaba de llegar, ¿sí?
Agent: [NAME REDACTED].
Customer: Mira, yo no sabía que se descontaban tres pesos y que eran importantes ocho pesos.
Agent: Uno le haría [NAME REDACTED].
Customer: No, es que tiene que ser el valor exactamente el mismo.
Agent: No, no, [NAME REDACTED], te digo, no sabía porque ahí me di cuenta que después abajo según la ley 20.956, me descontaron estos pesos, pero yo no los sabía, si no le habría [NAME REDACTED].
Customer: No, es que no puede [NAME REDACTED], tiene que ser el mismo valor que yo le indiqué, 16.173.
Agent: Si tú revisas el vale, dice 16.173, pero abajito dice, según la ley tanto, menos 3.
Customer: ¿Pero cuánto usted pagó?
Agent: ¿Pero cuánto usted pagó?
Customer: 176.173.
Agent: Y en el vale que te va a llegar ahí está eso.
Customer: Ok.
Agent: Dame un momento.
Customer: Eso ponía yo.
Agent: Un momentito.
Customer: Revísale.
Agent: Revísalo, hermano.
Customer: Está el cliente, [NAME REDACTED], el código autorizado, la empresa, SACETIPAY CD convenio identificador monto la ley monto total tipo de deuda sus usan en el en el lugar y yo justo me pidió a la [NAME REDACTED] onda y me hizo la palencia porque aquí en Cajones difícil encontrar una casa de cima que te te acepte 50, 60 o 100
Agent: ¿[NAME REDACTED] pasa?
Customer: [NAME REDACTED].
Agent: Gracias
Customer: Thank you
Agent: One moment, okay?
Customer: Yeah.
Agent: Thank you.
Customer: Yes, I have it.
Agent: It just arrived.
Customer: [NAME REDACTED], [NAME REDACTED]?
Agent: Yes.
Customer: Yes, I have everything.
Agent: [NAME REDACTED], I'm going to register the payment directly.
Customer: I'm going to let you know once it's visualized.
Agent: Okay.
Customer: We're going to register directly on the payment.
Agent: Okay.
Customer: So I'll call you when everything's ready.
Agent: I put what you gave me, and then down below there are discounts on the bill, I didn't know that.
Customer: Ok, how much did you pay her?
Agent: $176,000, $173,000.
Customer: $106,000, $173,000?
Agent: Yes.
Customer: There's the money.
Agent: I sent you the receipt of the house.
Customer: Okay, okay.
Agent: Okay.
Customer: No, because for $3,000, I wouldn't be able to lose everything.
Agent: Well, that's fine.
Customer: That's fine.
Agent: Let me investigate directly and I'll call you, okay?
Customer: Yes, yes, yes.
Agent: Yes, I hope so.
Customer: One moment.",1757078926.92210.mp3,
2,40.0,80.0,Fail,Discussion of financial transactions and potential sensitive information without proper redaction or security measures,Data protection policy | Financial information disclosure,Ensure all sensitive information is redacted or discussed in a secure manner | Avoid discussing financial transactions without proper authorization and security protocols,,Agent_04,100,Masked 33 Name(s),Audio,"Agent: ¿Cómo está, señor [NAME REDACTED]? ¿Le [NAME REDACTED]?
Customer: Sí, ya, dime. Le estoy llamando directamente. Ayer no pudo hacer [NAME REDACTED].
Agent: Ayer sí la hice.
Customer: Usted [NAME REDACTED], pero no se ha reflejado acá.
Agent: ¿Ah? ¿Usted [NAME REDACTED]?
Customer: Sí, lo tengo y lo mandé en la foto.
Agent: Ok, pero directamente usted [NAME REDACTED] con la que usted trabajó con la señora [NAME REDACTED], ¿no?
Customer: Sí, sí.
Agent: Ok, entonces, ¿no se acuerda que conversamos para [NAME REDACTED]?
Customer: [NAME REDACTED], y ahí te mandé los 106 mil y tanto.
Agent: Ok, verifique qué cantidad usted envió.
Customer: por favor dame un segundo dame un segundo un segundo un segundo voy a ponerme los lentes ok así [NAME REDACTED] perdón eh 106.170 pesos no 173 ah señor eran 106.173 correcto correcto pero ahí ahí me descuentan tres pesos según la ley 20.000 y tanto porque yo yo hice el depósito de 106.173 pesos pero después yo le diré el código el código aquí tenemos cliente transacción identificación monto código identificador exacto ese es el código
Agent: Ok Usted debería colocar el valor exacto, señor. 106173. Por eso es que no se ha reflejado acá.
Customer: ¿Me puede [NAME REDACTED], por favor?
Agent: ¿Ah? ¿Me puede usted [NAME REDACTED]?
Customer: Voy a hacer lo posible por [NAME REDACTED], porque yo soy malo con estas cosas.
Agent: [NAME REDACTED] correo, por favor.
Customer: S s ayer te lo mand el que usted hizo en la la noche lo envi S lo envi [NAME REDACTED] a un lado un caballero que me hace un rec y yo no lo puedo hacer Él me [NAME REDACTED].
Agent: Ayer.
Customer: Y eso fue temprano, [NAME REDACTED], como a las 6 y media por ahí.
Agent: Ok. Da un momentito, por favor.
Customer: A las 6, a las 6 de 9.
Agent: A las 6 de 9 lo mandé.
Customer: Ok, denme un momentito, por favor.
Agent: [NAME REDACTED].
Customer: Un momento, ¿sí?
Agent: ¿[NAME REDACTED]?
Customer: [NAME REDACTED].
Agent: [NAME REDACTED].
Customer: Me acaba de llegar, ¿sí?
Agent: [NAME REDACTED].
Customer: Mira, yo no sabía que se descontaban tres pesos y que eran importantes ocho pesos.
Agent: Uno le haría [NAME REDACTED].
Customer: No, es que tiene que ser el valor exactamente el mismo.
Agent: No, no, [NAME REDACTED], te digo, no sabía porque ahí me di cuenta que después abajo según la ley 20.956, me descontaron estos pesos, pero yo no los sabía, si no le habría [NAME REDACTED].
Customer: No, es que no puede [NAME REDACTED], tiene que ser el mismo valor que yo le indiqué, 16.173.
Agent: Si tú revisas el vale, dice 16.173, pero abajito dice, según la ley tanto, menos 3.
Customer: ¿Pero cuánto usted pagó?
Agent: ¿Pero cuánto usted pagó?
Customer: 176.173.
Agent: Y en el vale que te va a llegar ahí está eso.
Customer: Ok.
Agent: Dame un momento.
Customer: Eso ponía yo.
Agent: Un momentito.
Customer: Revísale.
Agent: Revísalo, hermano.
Customer: Está el cliente, [NAME REDACTED], el código autorizado, la empresa, SACETIPAY CD convenio identificador monto la ley monto total tipo de deuda sus usan en el en el lugar y yo justo me pidió a la [NAME REDACTED] onda y me hizo la palencia porque aquí en Cajones difícil encontrar una casa de cima que te te acepte 50, 60 o 100
Agent: ¿[NAME REDACTED] pasa?
Customer: [NAME REDACTED].
Agent: Gracias
Customer: Thank you
Agent: One moment, okay?
Customer: Yeah.
Agent: Thank you.
Customer: Yes, I have it.
Agent: It just arrived.
Customer: [NAME REDACTED], [NAME REDACTED]?
Agent: Yes.
Customer: Yes, I have everything.
Agent: [NAME REDACTED], I'm going to register the payment directly.
Customer: I'm going to let you know once it's visualized.
Agent: Okay.
Customer: We're going to register directly on the payment.
Agent: Okay.
Customer: So I'll call you when everything's ready.
Agent: I put what you gave me, and then down below there are discounts on the bill, I didn't know that.
Customer: Ok, how much did you pay her?
Agent: $176,000, $173,000.
Customer: $106,000, $173,000?
Agent: Yes.
Customer: There's the money.
Agent: I sent you the receipt of the house.
Customer: Okay, okay.
Agent: Okay.
Customer: No, because for $3,000, I wouldn't be able to lose everything.
Agent: Well, that's fine.
Customer: That's fine.
Agent: Let me investigate directly and I'll call you, okay?
Customer: Yes, yes, yes.
Agent: Yes, I hope so.
Customer: One moment.",1757078926.92210.mp3,
3,20.0,80.0,Fail,"The agent did not provide clear instructions or solutions to the customer's issue and seemed distracted or confused at times, as evidenced by the repetition of '¿Me puede usted [NAME REDACTED]?'",Lack of clear communication | Inability to provide a direct solution to the customer's problem | Appearance of distraction or confusion,Provide direct and clear instructions to customers | Ensure understanding of the customer's issue before responding | Maintain a professional tone and avoid repetitive or unclear questions,,Agent_04,100,Masked 33 Name(s),Audio,"Agent: ¿Cómo está, señor [NAME REDACTED]? ¿Le [NAME REDACTED]?
Customer: Sí, ya, dime. Le estoy llamando directamente. Ayer no pudo hacer [NAME REDACTED].
Agent: Ayer sí la hice.
Customer: Usted [NAME REDACTED], pero no se ha reflejado acá.
Agent: ¿Ah? ¿Usted [NAME REDACTED]?
Customer: Sí, lo tengo y lo mandé en la foto.
Agent: Ok, pero directamente usted [NAME REDACTED] con la que usted trabajó con la señora [NAME REDACTED], ¿no?
Customer: Sí, sí.
Agent: Ok, entonces, ¿no se acuerda que conversamos para [NAME REDACTED]?
Customer: [NAME REDACTED], y ahí te mandé los 106 mil y tanto.
Agent: Ok, verifique qué cantidad usted envió.
Customer: por favor dame un segundo dame un segundo un segundo un segundo voy a ponerme los lentes ok así [NAME REDACTED] perdón eh 106.170 pesos no 173 ah señor eran 106.173 correcto correcto pero ahí ahí me descuentan tres pesos según la ley 20.000 y tanto porque yo yo hice el depósito de 106.173 pesos pero después yo le diré el código el código aquí tenemos cliente transacción identificación monto código identificador exacto ese es el código
Agent: Ok Usted debería colocar el valor exacto, señor. 106173. Por eso es que no se ha reflejado acá.
Customer: ¿Me puede [NAME REDACTED], por favor?
Agent: ¿Ah? ¿Me puede usted [NAME REDACTED]?
Customer: Voy a hacer lo posible por [NAME REDACTED], porque yo soy malo con estas cosas.
Agent: [NAME REDACTED] correo, por favor.
Customer: S s ayer te lo mand el que usted hizo en la la noche lo envi S lo envi [NAME REDACTED] a un lado un caballero que me hace un rec y yo no lo puedo hacer Él me [NAME REDACTED].
Agent: Ayer.
Customer: Y eso fue temprano, [NAME REDACTED], como a las 6 y media por ahí.
Agent: Ok. Da un momentito, por favor.
Customer: A las 6, a las 6 de 9.
Agent: A las 6 de 9 lo mandé.
Customer: Ok, denme un momentito, por favor.
Agent: [NAME REDACTED].
Customer: Un momento, ¿sí?
Agent: ¿[NAME REDACTED]?
Customer: [NAME REDACTED].
Agent: [NAME REDACTED].
Customer: Me acaba de llegar, ¿sí?
Agent: [NAME REDACTED].
Customer: Mira, yo no sabía que se descontaban tres pesos y que eran importantes ocho pesos.
Agent: Uno le haría [NAME REDACTED].
Customer: No, es que tiene que ser el valor exactamente el mismo.
Agent: No, no, [NAME REDACTED], te digo, no sabía porque ahí me di cuenta que después abajo según la ley 20.956, me descontaron estos pesos, pero yo no los sabía, si no le habría [NAME REDACTED].
Customer: No, es que no puede [NAME REDACTED], tiene que ser el mismo valor que yo le indiqué, 16.173.
Agent: Si tú revisas el vale, dice 16.173, pero abajito dice, según la ley tanto, menos 3.
Customer: ¿Pero cuánto usted pagó?
Agent: ¿Pero cuánto usted pagó?
Customer: 176.173.
Agent: Y en el vale que te va a llegar ahí está eso.
Customer: Ok.
Agent: Dame un momento.
Customer: Eso ponía yo.
Agent: Un momentito.
Customer: Revísale.
Agent: Revísalo, hermano.
Customer: Está el cliente, [NAME REDACTED], el código autorizado, la empresa, SACETIPAY CD convenio identificador monto la ley monto total tipo de deuda sus usan en el en el lugar y yo justo me pidió a la [NAME REDACTED] onda y me hizo la palencia porque aquí en Cajones difícil encontrar una casa de cima que te te acepte 50, 60 o 100
Agent: ¿[NAME REDACTED] pasa?
Customer: [NAME REDACTED].
Agent: Gracias
Customer: Thank you
Agent: One moment, okay?
Customer: Yeah.
Agent: Thank you.
Customer: Yes, I have it.
Agent: It just arrived.
Customer: [NAME REDACTED], [NAME REDACTED]?
Agent: Yes.
Customer: Yes, I have everything.
Agent: [NAME REDACTED], I'm going to register the payment directly.
Customer: I'm going to let you know once it's visualized.
Agent: Okay.
Customer: We're going to register directly on the payment.
Agent: Okay.
Customer: So I'll call you when everything's ready.
Agent: I put what you gave me, and then down below there are discounts on the bill, I didn't know that.
Customer: Ok, how much did you pay her?
Agent: $176,000, $173,000.
Customer: $106,000, $173,000?
Agent: Yes.
Customer: There's the money.
Agent: I sent you the receipt of the house.
Customer: Okay, okay.
Agent: Okay.
Customer: No, because for $3,000, I wouldn't be able to lose everything.
Agent: Well, that's fine.
Customer: That's fine.
Agent: Let me investigate directly and I'll call you, okay?
Customer: Yes, yes, yes.
Agent: Yes, I hope so.
Customer: One moment.",1757078926.92210.mp3,
4,80.0,90.0,Warn,"Customer's personal information was redacted but the conversation seems to be a personal discussion rather than a formal interaction, which may be a violation of data protection policies",Potential data protection policy violation | Unclear purpose of the conversation,Maintain a professional tone in the conversation | Ensure the conversation is related to the intended purpose | Be cautious when handling personal information,,Agent_04,100,Masked 33 Name(s),Audio,"Agent: ¿Cómo está, señor [NAME REDACTED]? ¿Le [NAME REDACTED]?
Customer: Sí, ya, dime. Le estoy llamando directamente. Ayer no pudo hacer [NAME REDACTED].
Agent: Ayer sí la hice.
Customer: Usted [NAME REDACTED], pero no se ha reflejado acá.
Agent: ¿Ah? ¿Usted [NAME REDACTED]?
Customer: Sí, lo tengo y lo mandé en la foto.
Agent: Ok, pero directamente usted [NAME REDACTED] con la que usted trabajó con la señora [NAME REDACTED], ¿no?
Customer: Sí, sí.
Agent: Ok, entonces, ¿no se acuerda que conversamos para [NAME REDACTED]?
Customer: [NAME REDACTED], y ahí te mandé los 106 mil y tanto.
Agent: Ok, verifique qué cantidad usted envió.
Customer: por favor dame un segundo dame un segundo un segundo un segundo voy a ponerme los lentes ok así [NAME REDACTED] perdón eh 106.170 pesos no 173 ah señor eran 106.173 correcto correcto pero ahí ahí me descuentan tres pesos según la ley 20.000 y tanto porque yo yo hice el depósito de 106.173 pesos pero después yo le diré el código el código aquí tenemos cliente transacción identificación monto código identificador exacto ese es el código
Agent: Ok Usted debería colocar el valor exacto, señor. 106173. Por eso es que no se ha reflejado acá.
Customer: ¿Me puede [NAME REDACTED], por favor?
Agent: ¿Ah? ¿Me puede usted [NAME REDACTED]?
Customer: Voy a hacer lo posible por [NAME REDACTED], porque yo soy malo con estas cosas.
Agent: [NAME REDACTED] correo, por favor.
Customer: S s ayer te lo mand el que usted hizo en la la noche lo envi S lo envi [NAME REDACTED] a un lado un caballero que me hace un rec y yo no lo puedo hacer Él me [NAME REDACTED].
Agent: Ayer.
Customer: Y eso fue temprano, [NAME REDACTED], como a las 6 y media por ahí.
Agent: Ok. Da un momentito, por favor.
Customer: A las 6, a las 6 de 9.
Agent: A las 6 de 9 lo mandé.
Customer: Ok, denme un momentito, por favor.
Agent: [NAME REDACTED].
Customer: Un momento, ¿sí?
Agent: ¿[NAME REDACTED]?
Customer: [NAME REDACTED].
Agent: [NAME REDACTED].
Customer: Me acaba de llegar, ¿sí?
Agent: [NAME REDACTED].
Customer: Mira, yo no sabía que se descontaban tres pesos y que eran importantes ocho pesos.
Agent: Uno le haría [NAME REDACTED].
Customer: No, es que tiene que ser el valor exactamente el mismo.
Agent: No, no, [NAME REDACTED], te digo, no sabía porque ahí me di cuenta que después abajo según la ley 20.956, me descontaron estos pesos, pero yo no los sabía, si no le habría [NAME REDACTED].
Customer: No, es que no puede [NAME REDACTED], tiene que ser el mismo valor que yo le indiqué, 16.173.
Agent: Si tú revisas el vale, dice 16.173, pero abajito dice, según la ley tanto, menos 3.
Customer: ¿Pero cuánto usted pagó?
Agent: ¿Pero cuánto usted pagó?
Customer: 176.173.
Agent: Y en el vale que te va a llegar ahí está eso.
Customer: Ok.
Agent: Dame un momento.
Customer: Eso ponía yo.
Agent: Un momentito.
Customer: Revísale.
Agent: Revísalo, hermano.
Customer: Está el cliente, [NAME REDACTED], el código autorizado, la empresa, SACETIPAY CD convenio identificador monto la ley monto total tipo de deuda sus usan en el en el lugar y yo justo me pidió a la [NAME REDACTED] onda y me hizo la palencia porque aquí en Cajones difícil encontrar una casa de cima que te te acepte 50, 60 o 100
Agent: ¿[NAME REDACTED] pasa?
Customer: [NAME REDACTED].
Agent: Gracias
Customer: Thank you
Agent: One moment, okay?
Customer: Yeah.
Agent: Thank you.
Customer: Yes, I have it.
Agent: It just arrived.
Customer: [NAME REDACTED], [NAME REDACTED]?
Agent: Yes.
Customer: Yes, I have everything.
Agent: [NAME REDACTED], I'm going to register the payment directly.
Customer: I'm going to let you know once it's visualized.
Agent: Okay.
Customer: We're going to register directly on the payment.
Agent: Okay.
Customer: So I'll call you when everything's ready.
Agent: I put what you gave me, and then down below there are discounts on the bill, I didn't know that.
Customer: Ok, how much did you pay her?
Agent: $176,000, $173,000.
Customer: $106,000, $173,000?
Agent: Yes.
Customer: There's the money.
Agent: I sent you the receipt of the house.
Customer: Okay, okay.
Agent: Okay.
Customer: No, because for $3,000, I wouldn't be able to lose everything.
Agent: Well, that's fine.
Customer: That's fine.
Agent: Let me investigate directly and I'll call you, okay?
Customer: Yes, yes, yes.
Agent: Yes, I hope so.
Customer: One moment.",1757078926.92210.mp3,
5,80.0,90.0,Pass,"The conversation is brief and lacks context, but the agent appears to be professional and cooperative.",,Provide more context to better understand the customer's issue | Use more empathetic language to improve customer experience,,Agent_04,100,Masked 33 Name(s),Audio,"Agent: ¿Cómo está, señor [NAME REDACTED]? ¿Le [NAME REDACTED]?
Customer: Sí, ya, dime. Le estoy llamando directamente. Ayer no pudo hacer [NAME REDACTED].
Agent: Ayer sí la hice.
Customer: Usted [NAME REDACTED], pero no se ha reflejado acá.
Agent: ¿Ah? ¿Usted [NAME REDACTED]?
Customer: Sí, lo tengo y lo mandé en la foto.
Agent: Ok, pero directamente usted [NAME REDACTED] con la que usted trabajó con la señora [NAME REDACTED], ¿no?
Customer: Sí, sí.
Agent: Ok, entonces, ¿no se acuerda que conversamos para [NAME REDACTED]?
Customer: [NAME REDACTED], y ahí te mandé los 106 mil y tanto.
Agent: Ok, verifique qué cantidad usted envió.
Customer: por favor dame un segundo dame un segundo un segundo un segundo voy a ponerme los lentes ok así [NAME REDACTED] perdón eh 106.170 pesos no 173 ah señor eran 106.173 correcto correcto pero ahí ahí me descuentan tres pesos según la ley 20.000 y tanto porque yo yo hice el depósito de 106.173 pesos pero después yo le diré el código el código aquí tenemos cliente transacción identificación monto código identificador exacto ese es el código
Agent: Ok Usted debería colocar el valor exacto, señor. 106173. Por eso es que no se ha reflejado acá.
Customer: ¿Me puede [NAME REDACTED], por favor?
Agent: ¿Ah? ¿Me puede usted [NAME REDACTED]?
Customer: Voy a hacer lo posible por [NAME REDACTED], porque yo soy malo con estas cosas.
Agent: [NAME REDACTED] correo, por favor.
Customer: S s ayer te lo mand el que usted hizo en la la noche lo envi S lo envi [NAME REDACTED] a un lado un caballero que me hace un rec y yo no lo puedo hacer Él me [NAME REDACTED].
Agent: Ayer.
Customer: Y eso fue temprano, [NAME REDACTED], como a las 6 y media por ahí.
Agent: Ok. Da un momentito, por favor.
Customer: A las 6, a las 6 de 9.
Agent: A las 6 de 9 lo mandé.
Customer: Ok, denme un momentito, por favor.
Agent: [NAME REDACTED].
Customer: Un momento, ¿sí?
Agent: ¿[NAME REDACTED]?
Customer: [NAME REDACTED].
Agent: [NAME REDACTED].
Customer: Me acaba de llegar, ¿sí?
Agent: [NAME REDACTED].
Customer: Mira, yo no sabía que se descontaban tres pesos y que eran importantes ocho pesos.
Agent: Uno le haría [NAME REDACTED].
Customer: No, es que tiene que ser el valor exactamente el mismo.
Agent: No, no, [NAME REDACTED], te digo, no sabía porque ahí me di cuenta que después abajo según la ley 20.956, me descontaron estos pesos, pero yo no los sabía, si no le habría [NAME REDACTED].
Customer: No, es que no puede [NAME REDACTED], tiene que ser el mismo valor que yo le indiqué, 16.173.
Agent: Si tú revisas el vale, dice 16.173, pero abajito dice, según la ley tanto, menos 3.
Customer: ¿Pero cuánto usted pagó?
Agent: ¿Pero cuánto usted pagó?
Customer: 176.173.
Agent: Y en el vale que te va a llegar ahí está eso.
Customer: Ok.
Agent: Dame un momento.
Customer: Eso ponía yo.
Agent: Un momentito.
Customer: Revísale.
Agent: Revísalo, hermano.
Customer: Está el cliente, [NAME REDACTED], el código autorizado, la empresa, SACETIPAY CD convenio identificador monto la ley monto total tipo de deuda sus usan en el en el lugar y yo justo me pidió a la [NAME REDACTED] onda y me hizo la palencia porque aquí en Cajones difícil encontrar una casa de cima que te te acepte 50, 60 o 100
Agent: ¿[NAME REDACTED] pasa?
Customer: [NAME REDACTED].
Agent: Gracias
Customer: Thank you
Agent: One moment, okay?
Customer: Yeah.
Agent: Thank you.
Customer: Yes, I have it.
Agent: It just arrived.
Customer: [NAME REDACTED], [NAME REDACTED]?
Agent: Yes.
Customer: Yes, I have everything.
Agent: [NAME REDACTED], I'm going to register the payment directly.
Customer: I'm going to let you know once it's visualized.
Agent: Okay.
Customer: We're going to register directly on the payment.
Agent: Okay.
Customer: So I'll call you when everything's ready.
Agent: I put what you gave me, and then down below there are discounts on the bill, I didn't know that.
Customer: Ok, how much did you pay her?
Agent: $176,000, $173,000.
Customer: $106,000, $173,000?
Agent: Yes.
Customer: There's the money.
Agent: I sent you the receipt of the house.
Customer: Okay, okay.
Agent: Okay.
Customer: No, because for $3,000, I wouldn't be able to lose everything.
Agent: Well, that's fine.
Customer: That's fine.
Agent: Let me investigate directly and I'll call you, okay?
Customer: Yes, yes, yes.
Agent: Yes, I hope so.
Customer: One moment.",1757078926.92210.mp3,
6,20.0,80.0,Pass,No clear violation found in the provided conversation snippet.,,Provide more context or details about the conversation to better assess empathy and professionalism. | Consider asking follow-up questions to show more interest and empathy towards the customer.,,Agent_04,100,Masked 33 Name(s),Audio,"Agent: ¿Cómo está, señor [NAME REDACTED]? ¿Le [NAME REDACTED]?
Customer: Sí, ya, dime. Le estoy llamando directamente. Ayer no pudo hacer [NAME REDACTED].
Agent: Ayer sí la hice.
Customer: Usted [NAME REDACTED], pero no se ha reflejado acá.
Agent: ¿Ah? ¿Usted [NAME REDACTED]?
Customer: Sí, lo tengo y lo mandé en la foto.
Agent: Ok, pero directamente usted [NAME REDACTED] con la que usted trabajó con la señora [NAME REDACTED], ¿no?
Customer: Sí, sí.
Agent: Ok, entonces, ¿no se acuerda que conversamos para [NAME REDACTED]?
Customer: [NAME REDACTED], y ahí te mandé los 106 mil y tanto.
Agent: Ok, verifique qué cantidad usted envió.
Customer: por favor dame un segundo dame un segundo un segundo un segundo voy a ponerme los lentes ok así [NAME REDACTED] perdón eh 106.170 pesos no 173 ah señor eran 106.173 correcto correcto pero ahí ahí me descuentan tres pesos según la ley 20.000 y tanto porque yo yo hice el depósito de 106.173 pesos pero después yo le diré el código el código aquí tenemos cliente transacción identificación monto código identificador exacto ese es el código
Agent: Ok Usted debería colocar el valor exacto, señor. 106173. Por eso es que no se ha reflejado acá.
Customer: ¿Me puede [NAME REDACTED], por favor?
Agent: ¿Ah? ¿Me puede usted [NAME REDACTED]?
Customer: Voy a hacer lo posible por [NAME REDACTED], porque yo soy malo con estas cosas.
Agent: [NAME REDACTED] correo, por favor.
Customer: S s ayer te lo mand el que usted hizo en la la noche lo envi S lo envi [NAME REDACTED] a un lado un caballero que me hace un rec y yo no lo puedo hacer Él me [NAME REDACTED].
Agent: Ayer.
Customer: Y eso fue temprano, [NAME REDACTED], como a las 6 y media por ahí.
Agent: Ok. Da un momentito, por favor.
Customer: A las 6, a las 6 de 9.
Agent: A las 6 de 9 lo mandé.
Customer: Ok, denme un momentito, por favor.
Agent: [NAME REDACTED].
Customer: Un momento, ¿sí?
Agent: ¿[NAME REDACTED]?
Customer: [NAME REDACTED].
Agent: [NAME REDACTED].
Customer: Me acaba de llegar, ¿sí?
Agent: [NAME REDACTED].
Customer: Mira, yo no sabía que se descontaban tres pesos y que eran importantes ocho pesos.
Agent: Uno le haría [NAME REDACTED].
Customer: No, es que tiene que ser el valor exactamente el mismo.
Agent: No, no, [NAME REDACTED], te digo, no sabía porque ahí me di cuenta que después abajo según la ley 20.956, me descontaron estos pesos, pero yo no los sabía, si no le habría [NAME REDACTED].
Customer: No, es que no puede [NAME REDACTED], tiene que ser el mismo valor que yo le indiqué, 16.173.
Agent: Si tú revisas el vale, dice 16.173, pero abajito dice, según la ley tanto, menos 3.
Customer: ¿Pero cuánto usted pagó?
Agent: ¿Pero cuánto usted pagó?
Customer: 176.173.
Agent: Y en el vale que te va a llegar ahí está eso.
Customer: Ok.
Agent: Dame un momento.
Customer: Eso ponía yo.
Agent: Un momentito.
Customer: Revísale.
Agent: Revísalo, hermano.
Customer: Está el cliente, [NAME REDACTED], el código autorizado, la empresa, SACETIPAY CD convenio identificador monto la ley monto total tipo de deuda sus usan en el en el lugar y yo justo me pidió a la [NAME REDACTED] onda y me hizo la palencia porque aquí en Cajones difícil encontrar una casa de cima que te te acepte 50, 60 o 100
Agent: ¿[NAME REDACTED] pasa?
Customer: [NAME REDACTED].
Agent: Gracias
Customer: Thank you
Agent: One moment, okay?
Customer: Yeah.
Agent: Thank you.
Customer: Yes, I have it.
Agent: It just arrived.
Customer: [NAME REDACTED], [NAME REDACTED]?
Agent: Yes.
Customer: Yes, I have everything.
Agent: [NAME REDACTED], I'm going to register the payment directly.
Customer: I'm going to let you know once it's visualized.
Agent: Okay.
Customer: We're going to register directly on the payment.
Agent: Okay.
Customer: So I'll call you when everything's ready.
Agent: I put what you gave me, and then down below there are discounts on the bill, I didn't know that.
Customer: Ok, how much did you pay her?
Agent: $176,000, $173,000.
Customer: $106,000, $173,000?
Agent: Yes.
Customer: There's the money.
Agent: I sent you the receipt of the house.
Customer: Okay, okay.
Agent: Okay.
Customer: No, because for $3,000, I wouldn't be able to lose everything.
Agent: Well, that's fine.
Customer: That's fine.
Agent: Let me investigate directly and I'll call you, okay?
Customer: Yes, yes, yes.
Agent: Yes, I hope so.
Customer: One moment.",1757078926.92210.mp3,
7,60.0,80.0,Fail,"Lack of clarity and transparency in communication, failure to provide clear information about fees and deductions",Failure to clearly explain fees and deductions | Lack of transparency in communication,Provide clear and concise information about fees and deductions | Ensure transparency in communication | Use simple and clear language to avoid confusion,,Agent_04,100,Masked 33 Name(s),Audio,"Agent: ¿Cómo está, señor [NAME REDACTED]? ¿Le [NAME REDACTED]?
Customer: Sí, ya, dime. Le estoy llamando directamente. Ayer no pudo hacer [NAME REDACTED].
Agent: Ayer sí la hice.
Customer: Usted [NAME REDACTED], pero no se ha reflejado acá.
Agent: ¿Ah? ¿Usted [NAME REDACTED]?
Customer: Sí, lo tengo y lo mandé en la foto.
Agent: Ok, pero directamente usted [NAME REDACTED] con la que usted trabajó con la señora [NAME REDACTED], ¿no?
Customer: Sí, sí.
Agent: Ok, entonces, ¿no se acuerda que conversamos para [NAME REDACTED]?
Customer: [NAME REDACTED], y ahí te mandé los 106 mil y tanto.
Agent: Ok, verifique qué cantidad usted envió.
Customer: por favor dame un segundo dame un segundo un segundo un segundo voy a ponerme los lentes ok así [NAME REDACTED] perdón eh 106.170 pesos no 173 ah señor eran 106.173 correcto correcto pero ahí ahí me descuentan tres pesos según la ley 20.000 y tanto porque yo yo hice el depósito de 106.173 pesos pero después yo le diré el código el código aquí tenemos cliente transacción identificación monto código identificador exacto ese es el código
Agent: Ok Usted debería colocar el valor exacto, señor. 106173. Por eso es que no se ha reflejado acá.
Customer: ¿Me puede [NAME REDACTED], por favor?
Agent: ¿Ah? ¿Me puede usted [NAME REDACTED]?
Customer: Voy a hacer lo posible por [NAME REDACTED], porque yo soy malo con estas cosas.
Agent: [NAME REDACTED] correo, por favor.
Customer: S s ayer te lo mand el que usted hizo en la la noche lo envi S lo envi [NAME REDACTED] a un lado un caballero que me hace un rec y yo no lo puedo hacer Él me [NAME REDACTED].
Agent: Ayer.
Customer: Y eso fue temprano, [NAME REDACTED], como a las 6 y media por ahí.
Agent: Ok. Da un momentito, por favor.
Customer: A las 6, a las 6 de 9.
Agent: A las 6 de 9 lo mandé.
Customer: Ok, denme un momentito, por favor.
Agent: [NAME REDACTED].
Customer: Un momento, ¿sí?
Agent: ¿[NAME REDACTED]?
Customer: [NAME REDACTED].
Agent: [NAME REDACTED].
Customer: Me acaba de llegar, ¿sí?
Agent: [NAME REDACTED].
Customer: Mira, yo no sabía que se descontaban tres pesos y que eran importantes ocho pesos.
Agent: Uno le haría [NAME REDACTED].
Customer: No, es que tiene que ser el valor exactamente el mismo.
Agent: No, no, [NAME REDACTED], te digo, no sabía porque ahí me di cuenta que después abajo según la ley 20.956, me descontaron estos pesos, pero yo no los sabía, si no le habría [NAME REDACTED].
Customer: No, es que no puede [NAME REDACTED], tiene que ser el mismo valor que yo le indiqué, 16.173.
Agent: Si tú revisas el vale, dice 16.173, pero abajito dice, según la ley tanto, menos 3.
Customer: ¿Pero cuánto usted pagó?
Agent: ¿Pero cuánto usted pagó?
Customer: 176.173.
Agent: Y en el vale que te va a llegar ahí está eso.
Customer: Ok.
Agent: Dame un momento.
Customer: Eso ponía yo.
Agent: Un momentito.
Customer: Revísale.
Agent: Revísalo, hermano.
Customer: Está el cliente, [NAME REDACTED], el código autorizado, la empresa, SACETIPAY CD convenio identificador monto la ley monto total tipo de deuda sus usan en el en el lugar y yo justo me pidió a la [NAME REDACTED] onda y me hizo la palencia porque aquí en Cajones difícil encontrar una casa de cima que te te acepte 50, 60 o 100
Agent: ¿[NAME REDACTED] pasa?
Customer: [NAME REDACTED].
Agent: Gracias
Customer: Thank you
Agent: One moment, okay?
Customer: Yeah.
Agent: Thank you.
Customer: Yes, I have it.
Agent: It just arrived.
Customer: [NAME REDACTED], [NAME REDACTED]?
Agent: Yes.
Customer: Yes, I have everything.
Agent: [NAME REDACTED], I'm going to register the payment directly.
Customer: I'm going to let you know once it's visualized.
Agent: Okay.
Customer: We're going to register directly on the payment.
Agent: Okay.
Customer: So I'll call you when everything's ready.
Agent: I put what you gave me, and then down below there are discounts on the bill, I didn't know that.
Customer: Ok, how much did you pay her?
Agent: $176,000, $173,000.
Customer: $106,000, $173,000?
Agent: Yes.
Customer: There's the money.
Agent: I sent you the receipt of the house.
Customer: Okay, okay.
Agent: Okay.
Customer: No, because for $3,000, I wouldn't be able to lose everything.
Agent: Well, that's fine.
Customer: That's fine.
Agent: Let me investigate directly and I'll call you, okay?
Customer: Yes, yes, yes.
Agent: Yes, I hope so.
Customer: One moment.",1757078926.92210.mp3,
8,20.0,60.0,Fail,"The agent failed to provide accurate information and seemed confused about the payment amount, also repeated the customer's question instead of providing a clear answer.",Lack of clarity in communication | Inability to provide accurate information | Unprofessional repetition of customer's question,Provide clear and concise information to the customer | Ensure understanding of the payment amount and details before responding | Offer a solution or alternative instead of repeating the customer's question,,Agent_04,100,Masked 33 Name(s),Audio,"Agent: ¿Cómo está, señor [NAME REDACTED]? ¿Le [NAME REDACTED]?
Customer: Sí, ya, dime. Le estoy llamando directamente. Ayer no pudo hacer [NAME REDACTED].
Agent: Ayer sí la hice.
Customer: Usted [NAME REDACTED], pero no se ha reflejado acá.
Agent: ¿Ah? ¿Usted [NAME REDACTED]?
Customer: Sí, lo tengo y lo mandé en la foto.
Agent: Ok, pero directamente usted [NAME REDACTED] con la que usted trabajó con la señora [NAME REDACTED], ¿no?
Customer: Sí, sí.
Agent: Ok, entonces, ¿no se acuerda que conversamos para [NAME REDACTED]?
Customer: [NAME REDACTED], y ahí te mandé los 106 mil y tanto.
Agent: Ok, verifique qué cantidad usted envió.
Customer: por favor dame un segundo dame un segundo un segundo un segundo voy a ponerme los lentes ok así [NAME REDACTED] perdón eh 106.170 pesos no 173 ah señor eran 106.173 correcto correcto pero ahí ahí me descuentan tres pesos según la ley 20.000 y tanto porque yo yo hice el depósito de 106.173 pesos pero después yo le diré el código el código aquí tenemos cliente transacción identificación monto código identificador exacto ese es el código
Agent: Ok Usted debería colocar el valor exacto, señor. 106173. Por eso es que no se ha reflejado acá.
Customer: ¿Me puede [NAME REDACTED], por favor?
Agent: ¿Ah? ¿Me puede usted [NAME REDACTED]?
Customer: Voy a hacer lo posible por [NAME REDACTED], porque yo soy malo con estas cosas.
Agent: [NAME REDACTED] correo, por favor.
Customer: S s ayer te lo mand el que usted hizo en la la noche lo envi S lo envi [NAME REDACTED] a un lado un caballero que me hace un rec y yo no lo puedo hacer Él me [NAME REDACTED].
Agent: Ayer.
Customer: Y eso fue temprano, [NAME REDACTED], como a las 6 y media por ahí.
Agent: Ok. Da un momentito, por favor.
Customer: A las 6, a las 6 de 9.
Agent: A las 6 de 9 lo mandé.
Customer: Ok, denme un momentito, por favor.
Agent: [NAME REDACTED].
Customer: Un momento, ¿sí?
Agent: ¿[NAME REDACTED]?
Customer: [NAME REDACTED].
Agent: [NAME REDACTED].
Customer: Me acaba de llegar, ¿sí?
Agent: [NAME REDACTED].
Customer: Mira, yo no sabía que se descontaban tres pesos y que eran importantes ocho pesos.
Agent: Uno le haría [NAME REDACTED].
Customer: No, es que tiene que ser el valor exactamente el mismo.
Agent: No, no, [NAME REDACTED], te digo, no sabía porque ahí me di cuenta que después abajo según la ley 20.956, me descontaron estos pesos, pero yo no los sabía, si no le habría [NAME REDACTED].
Customer: No, es que no puede [NAME REDACTED], tiene que ser el mismo valor que yo le indiqué, 16.173.
Agent: Si tú revisas el vale, dice 16.173, pero abajito dice, según la ley tanto, menos 3.
Customer: ¿Pero cuánto usted pagó?
Agent: ¿Pero cuánto usted pagó?
Customer: 176.173.
Agent: Y en el vale que te va a llegar ahí está eso.
Customer: Ok.
Agent: Dame un momento.
Customer: Eso ponía yo.
Agent: Un momentito.
Customer: Revísale.
Agent: Revísalo, hermano.
Customer: Está el cliente, [NAME REDACTED], el código autorizado, la empresa, SACETIPAY CD convenio identificador monto la ley monto total tipo de deuda sus usan en el en el lugar y yo justo me pidió a la [NAME REDACTED] onda y me hizo la palencia porque aquí en Cajones difícil encontrar una casa de cima que te te acepte 50, 60 o 100
Agent: ¿[NAME REDACTED] pasa?
Customer: [NAME REDACTED].
Agent: Gracias
Customer: Thank you
Agent: One moment, okay?
Customer: Yeah.
Agent: Thank you.
Customer: Yes, I have it.
Agent: It just arrived.
Customer: [NAME REDACTED], [NAME REDACTED]?
Agent: Yes.
Customer: Yes, I have everything.
Agent: [NAME REDACTED], I'm going to register the payment directly.
Customer: I'm going to let you know once it's visualized.
Agent: Okay.
Customer: We're going to register directly on the payment.
Agent: Okay.
Customer: So I'll call you when everything's ready.
Agent: I put what you gave me, and then down below there are discounts on the bill, I didn't know that.
Customer: Ok, how much did you pay her?
Agent: $176,000, $173,000.
Customer: $106,000, $173,000?
Agent: Yes.
Customer: There's the money.
Agent: I sent you the receipt of the house.
Customer: Okay, okay.
Agent: Okay.
Customer: No, because for $3,000, I wouldn't be able to lose everything.
Agent: Well, that's fine.
Customer: That's fine.
Agent: Let me investigate directly and I'll call you, okay?
Customer: Yes, yes, yes.
Agent: Yes, I hope so.
Customer: One moment.",1757078926.92210.mp3,
9,20.0,40.0,Fail,The conversation lacks clear communication and resolution. The agent seems to be stalling or unsure of how to assist the customer.,Unclear communication | Lack of resolution | Inadequate assistance,Provide clear and concise information to the customer | Offer a direct solution or alternatives to resolve the issue | Ensure active listening and empathize with the customer's concerns,,Agent_04,100,Masked 33 Name(s),Audio,"Agent: ¿Cómo está, señor [NAME REDACTED]? ¿Le [NAME REDACTED]?
Customer: Sí, ya, dime. Le estoy llamando directamente. Ayer no pudo hacer [NAME REDACTED].
Agent: Ayer sí la hice.
Customer: Usted [NAME REDACTED], pero no se ha reflejado acá.
Agent: ¿Ah? ¿Usted [NAME REDACTED]?
Customer: Sí, lo tengo y lo mandé en la foto.
Agent: Ok, pero directamente usted [NAME REDACTED] con la que usted trabajó con la señora [NAME REDACTED], ¿no?
Customer: Sí, sí.
Agent: Ok, entonces, ¿no se acuerda que conversamos para [NAME REDACTED]?
Customer: [NAME REDACTED], y ahí te mandé los 106 mil y tanto.
Agent: Ok, verifique qué cantidad usted envió.
Customer: por favor dame un segundo dame un segundo un segundo un segundo voy a ponerme los lentes ok así [NAME REDACTED] perdón eh 106.170 pesos no 173 ah señor eran 106.173 correcto correcto pero ahí ahí me descuentan tres pesos según la ley 20.000 y tanto porque yo yo hice el depósito de 106.173 pesos pero después yo le diré el código el código aquí tenemos cliente transacción identificación monto código identificador exacto ese es el código
Agent: Ok Usted debería colocar el valor exacto, señor. 106173. Por eso es que no se ha reflejado acá.
Customer: ¿Me puede [NAME REDACTED], por favor?
Agent: ¿Ah? ¿Me puede usted [NAME REDACTED]?
Customer: Voy a hacer lo posible por [NAME REDACTED], porque yo soy malo con estas cosas.
Agent: [NAME REDACTED] correo, por favor.
Customer: S s ayer te lo mand el que usted hizo en la la noche lo envi S lo envi [NAME REDACTED] a un lado un caballero que me hace un rec y yo no lo puedo hacer Él me [NAME REDACTED].
Agent: Ayer.
Customer: Y eso fue temprano, [NAME REDACTED], como a las 6 y media por ahí.
Agent: Ok. Da un momentito, por favor.
Customer: A las 6, a las 6 de 9.
Agent: A las 6 de 9 lo mandé.
Customer: Ok, denme un momentito, por favor.
Agent: [NAME REDACTED].
Customer: Un momento, ¿sí?
Agent: ¿[NAME REDACTED]?
Customer: [NAME REDACTED].
Agent: [NAME REDACTED].
Customer: Me acaba de llegar, ¿sí?
Agent: [NAME REDACTED].
Customer: Mira, yo no sabía que se descontaban tres pesos y que eran importantes ocho pesos.
Agent: Uno le haría [NAME REDACTED].
Customer: No, es que tiene que ser el valor exactamente el mismo.
Agent: No, no, [NAME REDACTED], te digo, no sabía porque ahí me di cuenta que después abajo según la ley 20.956, me descontaron estos pesos, pero yo no los sabía, si no le habría [NAME REDACTED].
Customer: No, es que no puede [NAME REDACTED], tiene que ser el mismo valor que yo le indiqué, 16.173.
Agent: Si tú revisas el vale, dice 16.173, pero abajito dice, según la ley tanto, menos 3.
Customer: ¿Pero cuánto usted pagó?
Agent: ¿Pero cuánto usted pagó?
Customer: 176.173.
Agent: Y en el vale que te va a llegar ahí está eso.
Customer: Ok.
Agent: Dame un momento.
Customer: Eso ponía yo.
Agent: Un momentito.
Customer: Revísale.
Agent: Revísalo, hermano.
Customer: Está el cliente, [NAME REDACTED], el código autorizado, la empresa, SACETIPAY CD convenio identificador monto la ley monto total tipo de deuda sus usan en el en el lugar y yo justo me pidió a la [NAME REDACTED] onda y me hizo la palencia porque aquí en Cajones difícil encontrar una casa de cima que te te acepte 50, 60 o 100
Agent: ¿[NAME REDACTED] pasa?
Customer: [NAME REDACTED].
Agent: Gracias
Customer: Thank you
Agent: One moment, okay?
Customer: Yeah.
Agent: Thank you.
Customer: Yes, I have it.
Agent: It just arrived.
Customer: [NAME REDACTED], [NAME REDACTED]?
Agent: Yes.
Customer: Yes, I have everything.
Agent: [NAME REDACTED], I'm going to register the payment directly.
Customer: I'm going to let you know once it's visualized.
Agent: Okay.
Customer: We're going to register directly on the payment.
Agent: Okay.
Customer: So I'll call you when everything's ready.
Agent: I put what you gave me, and then down below there are discounts on the bill, I didn't know that.
Customer: Ok, how much did you pay her?
Agent: $176,000, $173,000.
Customer: $106,000, $173,000?
Agent: Yes.
Customer: There's the money.
Agent: I sent you the receipt of the house.
Customer: Okay, okay.
Agent: Okay.
Customer: No, because for $3,000, I wouldn't be able to lose everything.
Agent: Well, that's fine.
Customer: That's fine.
Agent: Let me investigate directly and I'll call you, okay?
Customer: Yes, yes, yes.
Agent: Yes, I hope so.
Customer: One moment.",1757078926.92210.mp3,
10,80.0,60.0,Fail,"Lack of clear and concise communication, failure to address customer's concerns, and unprofessional tone",Unprofessional language and tone | Lack of clear communication | Failure to address customer's concerns,Use a more professional tone and language | Clearly address customer's concerns and provide solutions | Improve active listening skills to better understand customer's needs,,Agent_04,100,Masked 33 Name(s),Audio,"Agent: ¿Cómo está, señor [NAME REDACTED]? ¿Le [NAME REDACTED]?
Customer: Sí, ya, dime. Le estoy llamando directamente. Ayer no pudo hacer [NAME REDACTED].
Agent: Ayer sí la hice.
Customer: Usted [NAME REDACTED], pero no se ha reflejado acá.
Agent: ¿Ah? ¿Usted [NAME REDACTED]?
Customer: Sí, lo tengo y lo mandé en la foto.
Agent: Ok, pero directamente usted [NAME REDACTED] con la que usted trabajó con la señora [NAME REDACTED], ¿no?
Customer: Sí, sí.
Agent: Ok, entonces, ¿no se acuerda que conversamos para [NAME REDACTED]?
Customer: [NAME REDACTED], y ahí te mandé los 106 mil y tanto.
Agent: Ok, verifique qué cantidad usted envió.
Customer: por favor dame un segundo dame un segundo un segundo un segundo voy a ponerme los lentes ok así [NAME REDACTED] perdón eh 106.170 pesos no 173 ah señor eran 106.173 correcto correcto pero ahí ahí me descuentan tres pesos según la ley 20.000 y tanto porque yo yo hice el depósito de 106.173 pesos pero después yo le diré el código el código aquí tenemos cliente transacción identificación monto código identificador exacto ese es el código
Agent: Ok Usted debería colocar el valor exacto, señor. 106173. Por eso es que no se ha reflejado acá.
Customer: ¿Me puede [NAME REDACTED], por favor?
Agent: ¿Ah? ¿Me puede usted [NAME REDACTED]?
Customer: Voy a hacer lo posible por [NAME REDACTED], porque yo soy malo con estas cosas.
Agent: [NAME REDACTED] correo, por favor.
Customer: S s ayer te lo mand el que usted hizo en la la noche lo envi S lo envi [NAME REDACTED] a un lado un caballero que me hace un rec y yo no lo puedo hacer Él me [NAME REDACTED].
Agent: Ayer.
Customer: Y eso fue temprano, [NAME REDACTED], como a las 6 y media por ahí.
Agent: Ok. Da un momentito, por favor.
Customer: A las 6, a las 6 de 9.
Agent: A las 6 de 9 lo mandé.
Customer: Ok, denme un momentito, por favor.
Agent: [NAME REDACTED].
Customer: Un momento, ¿sí?
Agent: ¿[NAME REDACTED]?
Customer: [NAME REDACTED].
Agent: [NAME REDACTED].
Customer: Me acaba de llegar, ¿sí?
Agent: [NAME REDACTED].
Customer: Mira, yo no sabía que se descontaban tres pesos y que eran importantes ocho pesos.
Agent: Uno le haría [NAME REDACTED].
Customer: No, es que tiene que ser el valor exactamente el mismo.
Agent: No, no, [NAME REDACTED], te digo, no sabía porque ahí me di cuenta que después abajo según la ley 20.956, me descontaron estos pesos, pero yo no los sabía, si no le habría [NAME REDACTED].
Customer: No, es que no puede [NAME REDACTED], tiene que ser el mismo valor que yo le indiqué, 16.173.
Agent: Si tú revisas el vale, dice 16.173, pero abajito dice, según la ley tanto, menos 3.
Customer: ¿Pero cuánto usted pagó?
Agent: ¿Pero cuánto usted pagó?
Customer: 176.173.
Agent: Y en el vale que te va a llegar ahí está eso.
Customer: Ok.
Agent: Dame un momento.
Customer: Eso ponía yo.
Agent: Un momentito.
Customer: Revísale.
Agent: Revísalo, hermano.
Customer: Está el cliente, [NAME REDACTED], el código autorizado, la empresa, SACETIPAY CD convenio identificador monto la ley monto total tipo de deuda sus usan en el en el lugar y yo justo me pidió a la [NAME REDACTED] onda y me hizo la palencia porque aquí en Cajones difícil encontrar una casa de cima que te te acepte 50, 60 o 100
Agent: ¿[NAME REDACTED] pasa?
Customer: [NAME REDACTED].
Agent: Gracias
Customer: Thank you
Agent: One moment, okay?
Customer: Yeah.
Agent: Thank you.
Customer: Yes, I have it.
Agent: It just arrived.
Customer: [NAME REDACTED], [NAME REDACTED]?
Agent: Yes.
Customer: Yes, I have everything.
Agent: [NAME REDACTED], I'm going to register the payment directly.
Customer: I'm going to let you know once it's visualized.
Agent: Okay.
Customer: We're going to register directly on the payment.
Agent: Okay.
Customer: So I'll call you when everything's ready.
Agent: I put what you gave me, and then down below there are discounts on the bill, I didn't know that.
Customer: Ok, how much did you pay her?
Agent: $176,000, $173,000.
Customer: $106,000, $173,000?
Agent: Yes.
Customer: There's the money.
Agent: I sent you the receipt of the house.
Customer: Okay, okay.
Agent: Okay.
Customer: No, because for $3,000, I wouldn't be able to lose everything.
Agent: Well, that's fine.
Customer: That's fine.
Agent: Let me investigate directly and I'll call you, okay?
Customer: Yes, yes, yes.
Agent: Yes, I hope so.
Customer: One moment.",1757078926.92210.mp3,
11,20.0,80.0,Pass,No major policy violations found in the conversation,,Use more empathetic language to acknowledge customer's emotions | Provide clearer resolutions or next steps for the customer's issue,,Agent_04,100,Masked 33 Name(s),Audio,"Agent: ¿Cómo está, señor [NAME REDACTED]? ¿Le [NAME REDACTED]?
Customer: Sí, ya, dime. Le estoy llamando directamente. Ayer no pudo hacer [NAME REDACTED].
Agent: Ayer sí la hice.
Customer: Usted [NAME REDACTED], pero no se ha reflejado acá.
Agent: ¿Ah? ¿Usted [NAME REDACTED]?
Customer: Sí, lo tengo y lo mandé en la foto.
Agent: Ok, pero directamente usted [NAME REDACTED] con la que usted trabajó con la señora [NAME REDACTED], ¿no?
Customer: Sí, sí.
Agent: Ok, entonces, ¿no se acuerda que conversamos para [NAME REDACTED]?
Customer: [NAME REDACTED], y ahí te mandé los 106 mil y tanto.
Agent: Ok, verifique qué cantidad usted envió.
Customer: por favor dame un segundo dame un segundo un segundo un segundo voy a ponerme los lentes ok así [NAME REDACTED] perdón eh 106.170 pesos no 173 ah señor eran 106.173 correcto correcto pero ahí ahí me descuentan tres pesos según la ley 20.000 y tanto porque yo yo hice el depósito de 106.173 pesos pero después yo le diré el código el código aquí tenemos cliente transacción identificación monto código identificador exacto ese es el código
Agent: Ok Usted debería colocar el valor exacto, señor. 106173. Por eso es que no se ha reflejado acá.
Customer: ¿Me puede [NAME REDACTED], por favor?
Agent: ¿Ah? ¿Me puede usted [NAME REDACTED]?
Customer: Voy a hacer lo posible por [NAME REDACTED], porque yo soy malo con estas cosas.
Agent: [NAME REDACTED] correo, por favor.
Customer: S s ayer te lo mand el que usted hizo en la la noche lo envi S lo envi [NAME REDACTED] a un lado un caballero que me hace un rec y yo no lo puedo hacer Él me [NAME REDACTED].
Agent: Ayer.
Customer: Y eso fue temprano, [NAME REDACTED], como a las 6 y media por ahí.
Agent: Ok. Da un momentito, por favor.
Customer: A las 6, a las 6 de 9.
Agent: A las 6 de 9 lo mandé.
Customer: Ok, denme un momentito, por favor.
Agent: [NAME REDACTED].
Customer: Un momento, ¿sí?
Agent: ¿[NAME REDACTED]?
Customer: [NAME REDACTED].
Agent: [NAME REDACTED].
Customer: Me acaba de llegar, ¿sí?
Agent: [NAME REDACTED].
Customer: Mira, yo no sabía que se descontaban tres pesos y que eran importantes ocho pesos.
Agent: Uno le haría [NAME REDACTED].
Customer: No, es que tiene que ser el valor exactamente el mismo.
Agent: No, no, [NAME REDACTED], te digo, no sabía porque ahí me di cuenta que después abajo según la ley 20.956, me descontaron estos pesos, pero yo no los sabía, si no le habría [NAME REDACTED].
Customer: No, es que no puede [NAME REDACTED], tiene que ser el mismo valor que yo le indiqué, 16.173.
Agent: Si tú revisas el vale, dice 16.173, pero abajito dice, según la ley tanto, menos 3.
Customer: ¿Pero cuánto usted pagó?
Agent: ¿Pero cuánto usted pagó?
Customer: 176.173.
Agent: Y en el vale que te va a llegar ahí está eso.
Customer: Ok.
Agent: Dame un momento.
Customer: Eso ponía yo.
Agent: Un momentito.
Customer: Revísale.
Agent: Revísalo, hermano.
Customer: Está el cliente, [NAME REDACTED], el código autorizado, la empresa, SACETIPAY CD convenio identificador monto la ley monto total tipo de deuda sus usan en el en el lugar y yo justo me pidió a la [NAME REDACTED] onda y me hizo la palencia porque aquí en Cajones difícil encontrar una casa de cima que te te acepte 50, 60 o 100
Agent: ¿[NAME REDACTED] pasa?
Customer: [NAME REDACTED].
Agent: Gracias
Customer: Thank you
Agent: One moment, okay?
Customer: Yeah.
Agent: Thank you.
Customer: Yes, I have it.
Agent: It just arrived.
Customer: [NAME REDACTED], [NAME REDACTED]?
Agent: Yes.
Customer: Yes, I have everything.
Agent: [NAME REDACTED], I'm going to register the payment directly.
Customer: I'm going to let you know once it's visualized.
Agent: Okay.
Customer: We're going to register directly on the payment.
Agent: Okay.
Customer: So I'll call you when everything's ready.
Agent: I put what you gave me, and then down below there are discounts on the bill, I didn't know that.
Customer: Ok, how much did you pay her?
Agent: $176,000, $173,000.
Customer: $106,000, $173,000?
Agent: Yes.
Customer: There's the money.
Agent: I sent you the receipt of the house.
Customer: Okay, okay.
Agent: Okay.
Customer: No, because for $3,000, I wouldn't be able to lose everything.
Agent: Well, that's fine.
Customer: That's fine.
Agent: Let me investigate directly and I'll call you, okay?
Customer: Yes, yes, yes.
Agent: Yes, I hope so.
Customer: One moment.",1757078926.92210.mp3,
12,20.0,80.0,Pass,"No sensitive information was shared, and the conversation appears to be a simple confirmation conversation.",,Consider adding more empathetic responses to build rapport with the customer | Expand on the conversation to gather more context or provide additional assistance,,Agent_04,100,Masked 33 Name(s),Audio,"Agent: ¿Cómo está, señor [NAME REDACTED]? ¿Le [NAME REDACTED]?
Customer: Sí, ya, dime. Le estoy llamando directamente. Ayer no pudo hacer [NAME REDACTED].
Agent: Ayer sí la hice.
Customer: Usted [NAME REDACTED], pero no se ha reflejado acá.
Agent: ¿Ah? ¿Usted [NAME REDACTED]?
Customer: Sí, lo tengo y lo mandé en la foto.
Agent: Ok, pero directamente usted [NAME REDACTED] con la que usted trabajó con la señora [NAME REDACTED], ¿no?
Customer: Sí, sí.
Agent: Ok, entonces, ¿no se acuerda que conversamos para [NAME REDACTED]?
Customer: [NAME REDACTED], y ahí te mandé los 106 mil y tanto.
Agent: Ok, verifique qué cantidad usted envió.
Customer: por favor dame un segundo dame un segundo un segundo un segundo voy a ponerme los lentes ok así [NAME REDACTED] perdón eh 106.170 pesos no 173 ah señor eran 106.173 correcto correcto pero ahí ahí me descuentan tres pesos según la ley 20.000 y tanto porque yo yo hice el depósito de 106.173 pesos pero después yo le diré el código el código aquí tenemos cliente transacción identificación monto código identificador exacto ese es el código
Agent: Ok Usted debería colocar el valor exacto, señor. 106173. Por eso es que no se ha reflejado acá.
Customer: ¿Me puede [NAME REDACTED], por favor?
Agent: ¿Ah? ¿Me puede usted [NAME REDACTED]?
Customer: Voy a hacer lo posible por [NAME REDACTED], porque yo soy malo con estas cosas.
Agent: [NAME REDACTED] correo, por favor.
Customer: S s ayer te lo mand el que usted hizo en la la noche lo envi S lo envi [NAME REDACTED] a un lado un caballero que me hace un rec y yo no lo puedo hacer Él me [NAME REDACTED].
Agent: Ayer.
Customer: Y eso fue temprano, [NAME REDACTED], como a las 6 y media por ahí.
Agent: Ok. Da un momentito, por favor.
Customer: A las 6, a las 6 de 9.
Agent: A las 6 de 9 lo mandé.
Customer: Ok, denme un momentito, por favor.
Agent: [NAME REDACTED].
Customer: Un momento, ¿sí?
Agent: ¿[NAME REDACTED]?
Customer: [NAME REDACTED].
Agent: [NAME REDACTED].
Customer: Me acaba de llegar, ¿sí?
Agent: [NAME REDACTED].
Customer: Mira, yo no sabía que se descontaban tres pesos y que eran importantes ocho pesos.
Agent: Uno le haría [NAME REDACTED].
Customer: No, es que tiene que ser el valor exactamente el mismo.
Agent: No, no, [NAME REDACTED], te digo, no sabía porque ahí me di cuenta que después abajo según la ley 20.956, me descontaron estos pesos, pero yo no los sabía, si no le habría [NAME REDACTED].
Customer: No, es que no puede [NAME REDACTED], tiene que ser el mismo valor que yo le indiqué, 16.173.
Agent: Si tú revisas el vale, dice 16.173, pero abajito dice, según la ley tanto, menos 3.
Customer: ¿Pero cuánto usted pagó?
Agent: ¿Pero cuánto usted pagó?
Customer: 176.173.
Agent: Y en el vale que te va a llegar ahí está eso.
Customer: Ok.
Agent: Dame un momento.
Customer: Eso ponía yo.
Agent: Un momentito.
Customer: Revísale.
Agent: Revísalo, hermano.
Customer: Está el cliente, [NAME REDACTED], el código autorizado, la empresa, SACETIPAY CD convenio identificador monto la ley monto total tipo de deuda sus usan en el en el lugar y yo justo me pidió a la [NAME REDACTED] onda y me hizo la palencia porque aquí en Cajones difícil encontrar una casa de cima que te te acepte 50, 60 o 100
Agent: ¿[NAME REDACTED] pasa?
Customer: [NAME REDACTED].
Agent: Gracias
Customer: Thank you
Agent: One moment, okay?
Customer: Yeah.
Agent: Thank you.
Customer: Yes, I have it.
Agent: It just arrived.
Customer: [NAME REDACTED], [NAME REDACTED]?
Agent: Yes.
Customer: Yes, I have everything.
Agent: [NAME REDACTED], I'm going to register the payment directly.
Customer: I'm going to let you know once it's visualized.
Agent: Okay.
Customer: We're going to register directly on the payment.
Agent: Okay.
Customer: So I'll call you when everything's ready.
Agent: I put what you gave me, and then down below there are discounts on the bill, I didn't know that.
Customer: Ok, how much did you pay her?
Agent: $176,000, $173,000.
Customer: $106,000, $173,000?
Agent: Yes.
Customer: There's the money.
Agent: I sent you the receipt of the house.
Customer: Okay, okay.
Agent: Okay.
Customer: No, because for $3,000, I wouldn't be able to lose everything.
Agent: Well, that's fine.
Customer: That's fine.
Agent: Let me investigate directly and I'll call you, okay?
Customer: Yes, yes, yes.
Agent: Yes, I hope so.
Customer: One moment.",1757078926.92210.mp3,
13,20.0,80.0,Pass,No significant policy violations observed in the conversation.,,Show more empathy towards the customer's needs | Provide clear explanations of the payment registration process,,Agent_04,100,Masked 33 Name(s),Audio,"Agent: ¿Cómo está, señor [NAME REDACTED]? ¿Le [NAME REDACTED]?
Customer: Sí, ya, dime. Le estoy llamando directamente. Ayer no pudo hacer [NAME REDACTED].
Agent: Ayer sí la hice.
Customer: Usted [NAME REDACTED], pero no se ha reflejado acá.
Agent: ¿Ah? ¿Usted [NAME REDACTED]?
Customer: Sí, lo tengo y lo mandé en la foto.
Agent: Ok, pero directamente usted [NAME REDACTED] con la que usted trabajó con la señora [NAME REDACTED], ¿no?
Customer: Sí, sí.
Agent: Ok, entonces, ¿no se acuerda que conversamos para [NAME REDACTED]?
Customer: [NAME REDACTED], y ahí te mandé los 106 mil y tanto.
Agent: Ok, verifique qué cantidad usted envió.
Customer: por favor dame un segundo dame un segundo un segundo un segundo voy a ponerme los lentes ok así [NAME REDACTED] perdón eh 106.170 pesos no 173 ah señor eran 106.173 correcto correcto pero ahí ahí me descuentan tres pesos según la ley 20.000 y tanto porque yo yo hice el depósito de 106.173 pesos pero después yo le diré el código el código aquí tenemos cliente transacción identificación monto código identificador exacto ese es el código
Agent: Ok Usted debería colocar el valor exacto, señor. 106173. Por eso es que no se ha reflejado acá.
Customer: ¿Me puede [NAME REDACTED], por favor?
Agent: ¿Ah? ¿Me puede usted [NAME REDACTED]?
Customer: Voy a hacer lo posible por [NAME REDACTED], porque yo soy malo con estas cosas.
Agent: [NAME REDACTED] correo, por favor.
Customer: S s ayer te lo mand el que usted hizo en la la noche lo envi S lo envi [NAME REDACTED] a un lado un caballero que me hace un rec y yo no lo puedo hacer Él me [NAME REDACTED].
Agent: Ayer.
Customer: Y eso fue temprano, [NAME REDACTED], como a las 6 y media por ahí.
Agent: Ok. Da un momentito, por favor.
Customer: A las 6, a las 6 de 9.
Agent: A las 6 de 9 lo mandé.
Customer: Ok, denme un momentito, por favor.
Agent: [NAME REDACTED].
Customer: Un momento, ¿sí?
Agent: ¿[NAME REDACTED]?
Customer: [NAME REDACTED].
Agent: [NAME REDACTED].
Customer: Me acaba de llegar, ¿sí?
Agent: [NAME REDACTED].
Customer: Mira, yo no sabía que se descontaban tres pesos y que eran importantes ocho pesos.
Agent: Uno le haría [NAME REDACTED].
Customer: No, es que tiene que ser el valor exactamente el mismo.
Agent: No, no, [NAME REDACTED], te digo, no sabía porque ahí me di cuenta que después abajo según la ley 20.956, me descontaron estos pesos, pero yo no los sabía, si no le habría [NAME REDACTED].
Customer: No, es que no puede [NAME REDACTED], tiene que ser el mismo valor que yo le indiqué, 16.173.
Agent: Si tú revisas el vale, dice 16.173, pero abajito dice, según la ley tanto, menos 3.
Customer: ¿Pero cuánto usted pagó?
Agent: ¿Pero cuánto usted pagó?
Customer: 176.173.
Agent: Y en el vale que te va a llegar ahí está eso.
Customer: Ok.
Agent: Dame un momento.
Customer: Eso ponía yo.
Agent: Un momentito.
Customer: Revísale.
Agent: Revísalo, hermano.
Customer: Está el cliente, [NAME REDACTED], el código autorizado, la empresa, SACETIPAY CD convenio identificador monto la ley monto total tipo de deuda sus usan en el en el lugar y yo justo me pidió a la [NAME REDACTED] onda y me hizo la palencia porque aquí en Cajones difícil encontrar una casa de cima que te te acepte 50, 60 o 100
Agent: ¿[NAME REDACTED] pasa?
Customer: [NAME REDACTED].
Agent: Gracias
Customer: Thank you
Agent: One moment, okay?
Customer: Yeah.
Agent: Thank you.
Customer: Yes, I have it.
Agent: It just arrived.
Customer: [NAME REDACTED], [NAME REDACTED]?
Agent: Yes.
Customer: Yes, I have everything.
Agent: [NAME REDACTED], I'm going to register the payment directly.
Customer: I'm going to let you know once it's visualized.
Agent: Okay.
Customer: We're going to register directly on the payment.
Agent: Okay.
Customer: So I'll call you when everything's ready.
Agent: I put what you gave me, and then down below there are discounts on the bill, I didn't know that.
Customer: Ok, how much did you pay her?
Agent: $176,000, $173,000.
Customer: $106,000, $173,000?
Agent: Yes.
Customer: There's the money.
Agent: I sent you the receipt of the house.
Customer: Okay, okay.
Agent: Okay.
Customer: No, because for $3,000, I wouldn't be able to lose everything.
Agent: Well, that's fine.
Customer: That's fine.
Agent: Let me investigate directly and I'll call you, okay?
Customer: Yes, yes, yes.
Agent: Yes, I hope so.
Customer: One moment.",1757078926.92210.mp3,
14,20.0,80.0,Fail,"The conversation lacks clarity and seems disorganized. The agent and customer are discussing financial transactions, but the context and specifics are not well-defined.",Lack of clear communication | Insufficient context for financial transactions | Potential privacy concern discussing large financial transactions,Establish clear context for discussions | Ensure all parties are on the same page before proceeding with transactions | Review privacy policies regarding financial discussions,,Agent_04,100,Masked 33 Name(s),Audio,"Agent: ¿Cómo está, señor [NAME REDACTED]? ¿Le [NAME REDACTED]?
Customer: Sí, ya, dime. Le estoy llamando directamente. Ayer no pudo hacer [NAME REDACTED].
Agent: Ayer sí la hice.
Customer: Usted [NAME REDACTED], pero no se ha reflejado acá.
Agent: ¿Ah? ¿Usted [NAME REDACTED]?
Customer: Sí, lo tengo y lo mandé en la foto.
Agent: Ok, pero directamente usted [NAME REDACTED] con la que usted trabajó con la señora [NAME REDACTED], ¿no?
Customer: Sí, sí.
Agent: Ok, entonces, ¿no se acuerda que conversamos para [NAME REDACTED]?
Customer: [NAME REDACTED], y ahí te mandé los 106 mil y tanto.
Agent: Ok, verifique qué cantidad usted envió.
Customer: por favor dame un segundo dame un segundo un segundo un segundo voy a ponerme los lentes ok así [NAME REDACTED] perdón eh 106.170 pesos no 173 ah señor eran 106.173 correcto correcto pero ahí ahí me descuentan tres pesos según la ley 20.000 y tanto porque yo yo hice el depósito de 106.173 pesos pero después yo le diré el código el código aquí tenemos cliente transacción identificación monto código identificador exacto ese es el código
Agent: Ok Usted debería colocar el valor exacto, señor. 106173. Por eso es que no se ha reflejado acá.
Customer: ¿Me puede [NAME REDACTED], por favor?
Agent: ¿Ah? ¿Me puede usted [NAME REDACTED]?
Customer: Voy a hacer lo posible por [NAME REDACTED], porque yo soy malo con estas cosas.
Agent: [NAME REDACTED] correo, por favor.
Customer: S s ayer te lo mand el que usted hizo en la la noche lo envi S lo envi [NAME REDACTED] a un lado un caballero que me hace un rec y yo no lo puedo hacer Él me [NAME REDACTED].
Agent: Ayer.
Customer: Y eso fue temprano, [NAME REDACTED], como a las 6 y media por ahí.
Agent: Ok. Da un momentito, por favor.
Customer: A las 6, a las 6 de 9.
Agent: A las 6 de 9 lo mandé.
Customer: Ok, denme un momentito, por favor.
Agent: [NAME REDACTED].
Customer: Un momento, ¿sí?
Agent: ¿[NAME REDACTED]?
Customer: [NAME REDACTED].
Agent: [NAME REDACTED].
Customer: Me acaba de llegar, ¿sí?
Agent: [NAME REDACTED].
Customer: Mira, yo no sabía que se descontaban tres pesos y que eran importantes ocho pesos.
Agent: Uno le haría [NAME REDACTED].
Customer: No, es que tiene que ser el valor exactamente el mismo.
Agent: No, no, [NAME REDACTED], te digo, no sabía porque ahí me di cuenta que después abajo según la ley 20.956, me descontaron estos pesos, pero yo no los sabía, si no le habría [NAME REDACTED].
Customer: No, es que no puede [NAME REDACTED], tiene que ser el mismo valor que yo le indiqué, 16.173.
Agent: Si tú revisas el vale, dice 16.173, pero abajito dice, según la ley tanto, menos 3.
Customer: ¿Pero cuánto usted pagó?
Agent: ¿Pero cuánto usted pagó?
Customer: 176.173.
Agent: Y en el vale que te va a llegar ahí está eso.
Customer: Ok.
Agent: Dame un momento.
Customer: Eso ponía yo.
Agent: Un momentito.
Customer: Revísale.
Agent: Revísalo, hermano.
Customer: Está el cliente, [NAME REDACTED], el código autorizado, la empresa, SACETIPAY CD convenio identificador monto la ley monto total tipo de deuda sus usan en el en el lugar y yo justo me pidió a la [NAME REDACTED] onda y me hizo la palencia porque aquí en Cajones difícil encontrar una casa de cima que te te acepte 50, 60 o 100
Agent: ¿[NAME REDACTED] pasa?
Customer: [NAME REDACTED].
Agent: Gracias
Customer: Thank you
Agent: One moment, okay?
Customer: Yeah.
Agent: Thank you.
Customer: Yes, I have it.
Agent: It just arrived.
Customer: [NAME REDACTED], [NAME REDACTED]?
Agent: Yes.
Customer: Yes, I have everything.
Agent: [NAME REDACTED], I'm going to register the payment directly.
Customer: I'm going to let you know once it's visualized.
Agent: Okay.
Customer: We're going to register directly on the payment.
Agent: Okay.
Customer: So I'll call you when everything's ready.
Agent: I put what you gave me, and then down below there are discounts on the bill, I didn't know that.
Customer: Ok, how much did you pay her?
Agent: $176,000, $173,000.
Customer: $106,000, $173,000?
Agent: Yes.
Customer: There's the money.
Agent: I sent you the receipt of the house.
Customer: Okay, okay.
Agent: Okay.
Customer: No, because for $3,000, I wouldn't be able to lose everything.
Agent: Well, that's fine.
Customer: That's fine.
Agent: Let me investigate directly and I'll call you, okay?
Customer: Yes, yes, yes.
Agent: Yes, I hope so.
Customer: One moment.",1757078926.92210.mp3,
15,20.0,80.0,Pass,No specific policy violations were found in the conversation.,,Show more empathy towards the customer by asking about their concerns or needs. | Provide a clear summary of the transaction or service provided.,,Agent_04,100,Masked 33 Name(s),Audio,"Agent: ¿Cómo está, señor [NAME REDACTED]? ¿Le [NAME REDACTED]?
Customer: Sí, ya, dime. Le estoy llamando directamente. Ayer no pudo hacer [NAME REDACTED].
Agent: Ayer sí la hice.
Customer: Usted [NAME REDACTED], pero no se ha reflejado acá.
Agent: ¿Ah? ¿Usted [NAME REDACTED]?
Customer: Sí, lo tengo y lo mandé en la foto.
Agent: Ok, pero directamente usted [NAME REDACTED] con la que usted trabajó con la señora [NAME REDACTED], ¿no?
Customer: Sí, sí.
Agent: Ok, entonces, ¿no se acuerda que conversamos para [NAME REDACTED]?
Customer: [NAME REDACTED], y ahí te mandé los 106 mil y tanto.
Agent: Ok, verifique qué cantidad usted envió.
Customer: por favor dame un segundo dame un segundo un segundo un segundo voy a ponerme los lentes ok así [NAME REDACTED] perdón eh 106.170 pesos no 173 ah señor eran 106.173 correcto correcto pero ahí ahí me descuentan tres pesos según la ley 20.000 y tanto porque yo yo hice el depósito de 106.173 pesos pero después yo le diré el código el código aquí tenemos cliente transacción identificación monto código identificador exacto ese es el código
Agent: Ok Usted debería colocar el valor exacto, señor. 106173. Por eso es que no se ha reflejado acá.
Customer: ¿Me puede [NAME REDACTED], por favor?
Agent: ¿Ah? ¿Me puede usted [NAME REDACTED]?
Customer: Voy a hacer lo posible por [NAME REDACTED], porque yo soy malo con estas cosas.
Agent: [NAME REDACTED] correo, por favor.
Customer: S s ayer te lo mand el que usted hizo en la la noche lo envi S lo envi [NAME REDACTED] a un lado un caballero que me hace un rec y yo no lo puedo hacer Él me [NAME REDACTED].
Agent: Ayer.
Customer: Y eso fue temprano, [NAME REDACTED], como a las 6 y media por ahí.
Agent: Ok. Da un momentito, por favor.
Customer: A las 6, a las 6 de 9.
Agent: A las 6 de 9 lo mandé.
Customer: Ok, denme un momentito, por favor.
Agent: [NAME REDACTED].
Customer: Un momento, ¿sí?
Agent: ¿[NAME REDACTED]?
Customer: [NAME REDACTED].
Agent: [NAME REDACTED].
Customer: Me acaba de llegar, ¿sí?
Agent: [NAME REDACTED].
Customer: Mira, yo no sabía que se descontaban tres pesos y que eran importantes ocho pesos.
Agent: Uno le haría [NAME REDACTED].
Customer: No, es que tiene que ser el valor exactamente el mismo.
Agent: No, no, [NAME REDACTED], te digo, no sabía porque ahí me di cuenta que después abajo según la ley 20.956, me descontaron estos pesos, pero yo no los sabía, si no le habría [NAME REDACTED].
Customer: No, es que no puede [NAME REDACTED], tiene que ser el mismo valor que yo le indiqué, 16.173.
Agent: Si tú revisas el vale, dice 16.173, pero abajito dice, según la ley tanto, menos 3.
Customer: ¿Pero cuánto usted pagó?
Agent: ¿Pero cuánto usted pagó?
Customer: 176.173.
Agent: Y en el vale que te va a llegar ahí está eso.
Customer: Ok.
Agent: Dame un momento.
Customer: Eso ponía yo.
Agent: Un momentito.
Customer: Revísale.
Agent: Revísalo, hermano.
Customer: Está el cliente, [NAME REDACTED], el código autorizado, la empresa, SACETIPAY CD convenio identificador monto la ley monto total tipo de deuda sus usan en el en el lugar y yo justo me pidió a la [NAME REDACTED] onda y me hizo la palencia porque aquí en Cajones difícil encontrar una casa de cima que te te acepte 50, 60 o 100
Agent: ¿[NAME REDACTED] pasa?
Customer: [NAME REDACTED].
Agent: Gracias
Customer: Thank you
Agent: One moment, okay?
Customer: Yeah.
Agent: Thank you.
Customer: Yes, I have it.
Agent: It just arrived.
Customer: [NAME REDACTED], [NAME REDACTED]?
Agent: Yes.
Customer: Yes, I have everything.
Agent: [NAME REDACTED], I'm going to register the payment directly.
Customer: I'm going to let you know once it's visualized.
Agent: Okay.
Customer: We're going to register directly on the payment.
Agent: Okay.
Customer: So I'll call you when everything's ready.
Agent: I put what you gave me, and then down below there are discounts on the bill, I didn't know that.
Customer: Ok, how much did you pay her?
Agent: $176,000, $173,000.
Customer: $106,000, $173,000?
Agent: Yes.
Customer: There's the money.
Agent: I sent you the receipt of the house.
Customer: Okay, okay.
Agent: Okay.
Customer: No, because for $3,000, I wouldn't be able to lose everything.
Agent: Well, that's fine.
Customer: That's fine.
Agent: Let me investigate directly and I'll call you, okay?
Customer: Yes, yes, yes.
Agent: Yes, I hope so.
Customer: One moment.",1757078926.92210.mp3,
16,20.0,80.0,Pass,"The agent's responses seem brief and lack emotional understanding, but they still maintain a professional tone and do not violate any specific policies.",,Show more empathy towards the customer's concerns | Provide more detailed explanations and follow-up questions to better understand the customer's needs,,Agent_04,100,Masked 33 Name(s),Audio,"Agent: ¿Cómo está, señor [NAME REDACTED]? ¿Le [NAME REDACTED]?
Customer: Sí, ya, dime. Le estoy llamando directamente. Ayer no pudo hacer [NAME REDACTED].
Agent: Ayer sí la hice.
Customer: Usted [NAME REDACTED], pero no se ha reflejado acá.
Agent: ¿Ah? ¿Usted [NAME REDACTED]?
Customer: Sí, lo tengo y lo mandé en la foto.
Agent: Ok, pero directamente usted [NAME REDACTED] con la que usted trabajó con la señora [NAME REDACTED], ¿no?
Customer: Sí, sí.
Agent: Ok, entonces, ¿no se acuerda que conversamos para [NAME REDACTED]?
Customer: [NAME REDACTED], y ahí te mandé los 106 mil y tanto.
Agent: Ok, verifique qué cantidad usted envió.
Customer: por favor dame un segundo dame un segundo un segundo un segundo voy a ponerme los lentes ok así [NAME REDACTED] perdón eh 106.170 pesos no 173 ah señor eran 106.173 correcto correcto pero ahí ahí me descuentan tres pesos según la ley 20.000 y tanto porque yo yo hice el depósito de 106.173 pesos pero después yo le diré el código el código aquí tenemos cliente transacción identificación monto código identificador exacto ese es el código
Agent: Ok Usted debería colocar el valor exacto, señor. 106173. Por eso es que no se ha reflejado acá.
Customer: ¿Me puede [NAME REDACTED], por favor?
Agent: ¿Ah? ¿Me puede usted [NAME REDACTED]?
Customer: Voy a hacer lo posible por [NAME REDACTED], porque yo soy malo con estas cosas.
Agent: [NAME REDACTED] correo, por favor.
Customer: S s ayer te lo mand el que usted hizo en la la noche lo envi S lo envi [NAME REDACTED] a un lado un caballero que me hace un rec y yo no lo puedo hacer Él me [NAME REDACTED].
Agent: Ayer.
Customer: Y eso fue temprano, [NAME REDACTED], como a las 6 y media por ahí.
Agent: Ok. Da un momentito, por favor.
Customer: A las 6, a las 6 de 9.
Agent: A las 6 de 9 lo mandé.
Customer: Ok, denme un momentito, por favor.
Agent: [NAME REDACTED].
Customer: Un momento, ¿sí?
Agent: ¿[NAME REDACTED]?
Customer: [NAME REDACTED].
Agent: [NAME REDACTED].
Customer: Me acaba de llegar, ¿sí?
Agent: [NAME REDACTED].
Customer: Mira, yo no sabía que se descontaban tres pesos y que eran importantes ocho pesos.
Agent: Uno le haría [NAME REDACTED].
Customer: No, es que tiene que ser el valor exactamente el mismo.
Agent: No, no, [NAME REDACTED], te digo, no sabía porque ahí me di cuenta que después abajo según la ley 20.956, me descontaron estos pesos, pero yo no los sabía, si no le habría [NAME REDACTED].
Customer: No, es que no puede [NAME REDACTED], tiene que ser el mismo valor que yo le indiqué, 16.173.
Agent: Si tú revisas el vale, dice 16.173, pero abajito dice, según la ley tanto, menos 3.
Customer: ¿Pero cuánto usted pagó?
Agent: ¿Pero cuánto usted pagó?
Customer: 176.173.
Agent: Y en el vale que te va a llegar ahí está eso.
Customer: Ok.
Agent: Dame un momento.
Customer: Eso ponía yo.
Agent: Un momentito.
Customer: Revísale.
Agent: Revísalo, hermano.
Customer: Está el cliente, [NAME REDACTED], el código autorizado, la empresa, SACETIPAY CD convenio identificador monto la ley monto total tipo de deuda sus usan en el en el lugar y yo justo me pidió a la [NAME REDACTED] onda y me hizo la palencia porque aquí en Cajones difícil encontrar una casa de cima que te te acepte 50, 60 o 100
Agent: ¿[NAME REDACTED] pasa?
Customer: [NAME REDACTED].
Agent: Gracias
Customer: Thank you
Agent: One moment, okay?
Customer: Yeah.
Agent: Thank you.
Customer: Yes, I have it.
Agent: It just arrived.
Customer: [NAME REDACTED], [NAME REDACTED]?
Agent: Yes.
Customer: Yes, I have everything.
Agent: [NAME REDACTED], I'm going to register the payment directly.
Customer: I'm going to let you know once it's visualized.
Agent: Okay.
Customer: We're going to register directly on the payment.
Agent: Okay.
Customer: So I'll call you when everything's ready.
Agent: I put what you gave me, and then down below there are discounts on the bill, I didn't know that.
Customer: Ok, how much did you pay her?
Agent: $176,000, $173,000.
Customer: $106,000, $173,000?
Agent: Yes.
Customer: There's the money.
Agent: I sent you the receipt of the house.
Customer: Okay, okay.
Agent: Okay.
Customer: No, because for $3,000, I wouldn't be able to lose everything.
Agent: Well, that's fine.
Customer: That's fine.
Agent: Let me investigate directly and I'll call you, okay?
Customer: Yes, yes, yes.
Agent: Yes, I hope so.
Customer: One moment.",1757078926.92210.mp3,
17,20.0,80.0,Pass,No specific policy violations or sensitive information was shared in the conversation.,,Engage in more empathetic conversation by asking open-ended questions | Provide more detailed information to address customer concerns,,Agent_04,100,Masked 33 Name(s),Audio,"Agent: ¿Cómo está, señor [NAME REDACTED]? ¿Le [NAME REDACTED]?
Customer: Sí, ya, dime. Le estoy llamando directamente. Ayer no pudo hacer [NAME REDACTED].
Agent: Ayer sí la hice.
Customer: Usted [NAME REDACTED], pero no se ha reflejado acá.
Agent: ¿Ah? ¿Usted [NAME REDACTED]?
Customer: Sí, lo tengo y lo mandé en la foto.
Agent: Ok, pero directamente usted [NAME REDACTED] con la que usted trabajó con la señora [NAME REDACTED], ¿no?
Customer: Sí, sí.
Agent: Ok, entonces, ¿no se acuerda que conversamos para [NAME REDACTED]?
Customer: [NAME REDACTED], y ahí te mandé los 106 mil y tanto.
Agent: Ok, verifique qué cantidad usted envió.
Customer: por favor dame un segundo dame un segundo un segundo un segundo voy a ponerme los lentes ok así [NAME REDACTED] perdón eh 106.170 pesos no 173 ah señor eran 106.173 correcto correcto pero ahí ahí me descuentan tres pesos según la ley 20.000 y tanto porque yo yo hice el depósito de 106.173 pesos pero después yo le diré el código el código aquí tenemos cliente transacción identificación monto código identificador exacto ese es el código
Agent: Ok Usted debería colocar el valor exacto, señor. 106173. Por eso es que no se ha reflejado acá.
Customer: ¿Me puede [NAME REDACTED], por favor?
Agent: ¿Ah? ¿Me puede usted [NAME REDACTED]?
Customer: Voy a hacer lo posible por [NAME REDACTED], porque yo soy malo con estas cosas.
Agent: [NAME REDACTED] correo, por favor.
Customer: S s ayer te lo mand el que usted hizo en la la noche lo envi S lo envi [NAME REDACTED] a un lado un caballero que me hace un rec y yo no lo puedo hacer Él me [NAME REDACTED].
Agent: Ayer.
Customer: Y eso fue temprano, [NAME REDACTED], como a las 6 y media por ahí.
Agent: Ok. Da un momentito, por favor.
Customer: A las 6, a las 6 de 9.
Agent: A las 6 de 9 lo mandé.
Customer: Ok, denme un momentito, por favor.
Agent: [NAME REDACTED].
Customer: Un momento, ¿sí?
Agent: ¿[NAME REDACTED]?
Customer: [NAME REDACTED].
Agent: [NAME REDACTED].
Customer: Me acaba de llegar, ¿sí?
Agent: [NAME REDACTED].
Customer: Mira, yo no sabía que se descontaban tres pesos y que eran importantes ocho pesos.
Agent: Uno le haría [NAME REDACTED].
Customer: No, es que tiene que ser el valor exactamente el mismo.
Agent: No, no, [NAME REDACTED], te digo, no sabía porque ahí me di cuenta que después abajo según la ley 20.956, me descontaron estos pesos, pero yo no los sabía, si no le habría [NAME REDACTED].
Customer: No, es que no puede [NAME REDACTED], tiene que ser el mismo valor que yo le indiqué, 16.173.
Agent: Si tú revisas el vale, dice 16.173, pero abajito dice, según la ley tanto, menos 3.
Customer: ¿Pero cuánto usted pagó?
Agent: ¿Pero cuánto usted pagó?
Customer: 176.173.
Agent: Y en el vale que te va a llegar ahí está eso.
Customer: Ok.
Agent: Dame un momento.
Customer: Eso ponía yo.
Agent: Un momentito.
Customer: Revísale.
Agent: Revísalo, hermano.
Customer: Está el cliente, [NAME REDACTED], el código autorizado, la empresa, SACETIPAY CD convenio identificador monto la ley monto total tipo de deuda sus usan en el en el lugar y yo justo me pidió a la [NAME REDACTED] onda y me hizo la palencia porque aquí en Cajones difícil encontrar una casa de cima que te te acepte 50, 60 o 100
Agent: ¿[NAME REDACTED] pasa?
Customer: [NAME REDACTED].
Agent: Gracias
Customer: Thank you
Agent: One moment, okay?
Customer: Yeah.
Agent: Thank you.
Customer: Yes, I have it.
Agent: It just arrived.
Customer: [NAME REDACTED], [NAME REDACTED]?
Agent: Yes.
Customer: Yes, I have everything.
Agent: [NAME REDACTED], I'm going to register the payment directly.
Customer: I'm going to let you know once it's visualized.
Agent: Okay.
Customer: We're going to register directly on the payment.
Agent: Okay.
Customer: So I'll call you when everything's ready.
Agent: I put what you gave me, and then down below there are discounts on the bill, I didn't know that.
Customer: Ok, how much did you pay her?
Agent: $176,000, $173,000.
Customer: $106,000, $173,000?
Agent: Yes.
Customer: There's the money.
Agent: I sent you the receipt of the house.
Customer: Okay, okay.
Agent: Okay.
Customer: No, because for $3,000, I wouldn't be able to lose everything.
Agent: Well, that's fine.
Customer: That's fine.
Agent: Let me investigate directly and I'll call you, okay?
Customer: Yes, yes, yes.
Agent: Yes, I hope so.
Customer: One moment.",1757078926.92210.mp3,
FINAL,34.11764705882353,76.47058823529412,FAIL,Final average scores,Appearance of distraction or confusion | Lack of resolution | Lack of transparency in communication | Lack of clarity in communication | Inadequate problem-solving | Failure to clearly explain fees and deductions | Inadequate assistance | Failure to address customer's concerns | Unprofessional repetition of customer's question | Lack of personalization | Unclear purpose of the conversation | Financial information disclosure | Insufficient context for financial transactions | Inability to provide a direct solution to the customer's problem | Potential data protection policy violation | Unclear communication | Potential privacy concern discussing large financial transactions | Inability to provide accurate information | Unprofessional language and tone | Data protection policy | Lack of clear communication,Offer a direct solution or alternatives to resolve the issue | Show more empathy towards the customer's concerns | Engage in more empathetic conversation by asking open-ended questions | Use a more professional tone and language | Provide clear explanations of the payment registration process | Review privacy policies regarding financial discussions | Offer a solution or alternative instead of repeating the customer's question | Ensure active listening and empathize with the customer's concerns | Provide more context or details about the conversation to better assess empathy and professionalism. | Provide clear and concise information about fees and deductions | Establish clear context for discussions | Ensure transparency in communication | Provide more context to better understand the customer's issue | Show more empathy towards the customer's needs | Ensure all parties are on the same page before proceeding with transactions | Use more empathetic language to improve customer experience | Use simple and clear language to avoid confusion | Be cautious when handling personal information | Clearly address customer's concerns and provide solutions | Ensure understanding of the payment amount and details before responding | Use more empathetic language to acknowledge customer's emotions | Show more empathy towards the customer by asking about their concerns or needs. | Provide a clear summary of the transaction or service provided. | Provide more detailed explanations and follow-up questions to better understand the customer's needs | Provide more personalized support by addressing the customer by their name and showing understanding of their specific issue. | Maintain a professional tone in the conversation | Consider asking follow-up questions to show more interest and empathy towards the customer. | Provide more detailed information to address customer concerns | Avoid discussing financial transactions without proper authorization and security protocols | Ensure understanding of the customer's issue before responding | Maintain a professional tone and avoid repetitive or unclear questions | Provide direct and clear instructions to customers | Ensure the conversation is related to the intended purpose | Offer clear explanations and solutions to the customer's concerns. | Expand on the conversation to gather more context or provide additional assistance | Ensure all sensitive information is redacted or discussed in a secure manner | Provide clearer resolutions or next steps for the customer's issue | Provide clear and concise information to the customer | Consider adding more empathetic responses to build rapport with the customer | Take ownership of the problem and provide a clear next step or resolution. | Improve active listening skills to better understand customer's needs,,Agent_04,100,Masked 33 Name(s),Audio,"Agent: ¿Cómo está, señor [NAME REDACTED]? ¿Le [NAME REDACTED]?
Customer: Sí, ya, dime. Le estoy llamando directamente. Ayer no pudo hacer [NAME REDACTED].
Agent: Ayer sí la hice.
Customer: Usted [NAME REDACTED], pero no se ha reflejado acá.
Agent: ¿Ah? ¿Usted [NAME REDACTED]?
Customer: Sí, lo tengo y lo mandé en la foto.
Agent: Ok, pero directamente usted [NAME REDACTED] con la que usted trabajó con la señora [NAME REDACTED], ¿no?
Customer: Sí, sí.
Agent: Ok, entonces, ¿no se acuerda que conversamos para [NAME REDACTED]?
Customer: [NAME REDACTED], y ahí te mandé los 106 mil y tanto.
Agent: Ok, verifique qué cantidad usted envió.
Customer: por favor dame un segundo dame un segundo un segundo un segundo voy a ponerme los lentes ok así [NAME REDACTED] perdón eh 106.170 pesos no 173 ah señor eran 106.173 correcto correcto pero ahí ahí me descuentan tres pesos según la ley 20.000 y tanto porque yo yo hice el depósito de 106.173 pesos pero después yo le diré el código el código aquí tenemos cliente transacción identificación monto código identificador exacto ese es el código
Agent: Ok Usted debería colocar el valor exacto, señor. 106173. Por eso es que no se ha reflejado acá.
Customer: ¿Me puede [NAME REDACTED], por favor?
Agent: ¿Ah? ¿Me puede usted [NAME REDACTED]?
Customer: Voy a hacer lo posible por [NAME REDACTED], porque yo soy malo con estas cosas.
Agent: [NAME REDACTED] correo, por favor.
Customer: S s ayer te lo mand el que usted hizo en la la noche lo envi S lo envi [NAME REDACTED] a un lado un caballero que me hace un rec y yo no lo puedo hacer Él me [NAME REDACTED].
Agent: Ayer.
Customer: Y eso fue temprano, [NAME REDACTED], como a las 6 y media por ahí.
Agent: Ok. Da un momentito, por favor.
Customer: A las 6, a las 6 de 9.
Agent: A las 6 de 9 lo mandé.
Customer: Ok, denme un momentito, por favor.
Agent: [NAME REDACTED].
Customer: Un momento, ¿sí?
Agent: ¿[NAME REDACTED]?
Customer: [NAME REDACTED].
Agent: [NAME REDACTED].
Customer: Me acaba de llegar, ¿sí?
Agent: [NAME REDACTED].
Customer: Mira, yo no sabía que se descontaban tres pesos y que eran importantes ocho pesos.
Agent: Uno le haría [NAME REDACTED].
Customer: No, es que tiene que ser el valor exactamente el mismo.
Agent: No, no, [NAME REDACTED], te digo, no sabía porque ahí me di cuenta que después abajo según la ley 20.956, me descontaron estos pesos, pero yo no los sabía, si no le habría [NAME REDACTED].
Customer: No, es que no puede [NAME REDACTED], tiene que ser el mismo valor que yo le indiqué, 16.173.
Agent: Si tú revisas el vale, dice 16.173, pero abajito dice, según la ley tanto, menos 3.
Customer: ¿Pero cuánto usted pagó?
Agent: ¿Pero cuánto usted pagó?
Customer: 176.173.
Agent: Y en el vale que te va a llegar ahí está eso.
Customer: Ok.
Agent: Dame un momento.
Customer: Eso ponía yo.
Agent: Un momentito.
Customer: Revísale.
Agent: Revísalo, hermano.
Customer: Está el cliente, [NAME REDACTED], el código autorizado, la empresa, SACETIPAY CD convenio identificador monto la ley monto total tipo de deuda sus usan en el en el lugar y yo justo me pidió a la [NAME REDACTED] onda y me hizo la palencia porque aquí en Cajones difícil encontrar una casa de cima que te te acepte 50, 60 o 100
Agent: ¿[NAME REDACTED] pasa?
Customer: [NAME REDACTED].
Agent: Gracias
Customer: Thank you
Agent: One moment, okay?
Customer: Yeah.
Agent: Thank you.
Customer: Yes, I have it.
Agent: It just arrived.
Customer: [NAME REDACTED], [NAME REDACTED]?
Agent: Yes.
Customer: Yes, I have everything.
Agent: [NAME REDACTED], I'm going to register the payment directly.
Customer: I'm going to let you know once it's visualized.
Agent: Okay.
Customer: We're going to register directly on the payment.
Agent: Okay.
Customer: So I'll call you when everything's ready.
Agent: I put what you gave me, and then down below there are discounts on the bill, I didn't know that.
Customer: Ok, how much did you pay her?
Agent: $176,000, $173,000.
Customer: $106,000, $173,000?
Agent: Yes.
Customer: There's the money.
Agent: I sent you the receipt of the house.
Customer: Okay, okay.
Agent: Okay.
Customer: No, because for $3,000, I wouldn't be able to lose everything.
Agent: Well, that's fine.
Customer: That's fine.
Agent: Let me investigate directly and I'll call you, okay?
Customer: Yes, yes, yes.
Agent: Yes, I hope so.
Customer: One moment.",1757078926.92210.mp3,
EMAIL,90.0,95.0,Fail,"The email suggests manually overriding the automatic tax reporting system by splitting a large transfer into smaller ones, which could be a violation of tax laws and regulations.",Circumventing automatic tax reporting system|Potential violation of tax laws and regulations,Seek guidance from a tax professional or compliance expert before taking any action|Clearly communicate tax implications and potential consequences to the customer|Adhere to standard procedures and protocols for handling large transfers,"{""empathy"": 90, ""professionalism"": 95, ""compliance"": ""Fail"", ""reason"": ""The email suggests manually overriding the automatic tax reporting system by splitting a large transfer into smaller ones, which could be a violation of tax laws and regulations."", ""violations"": [""Circumventing automatic tax reporting system"", ""Potential violation of tax laws and regulations""], ""suggestions"": [""Seek guidance from a tax professional or compliance expert before taking any action"", ""Clearly communicate tax implications and potential consequences to the customer"", ""Adhere to standard procedures and protocols for handling large transfers""]}",Agent_02,100,No PII detected.,Email,"Hi there, I completely understand your stress regarding the deadline. Don't worry, I can help you with that. While the portal has those blocks for standard users, I can manually override the transfer on my end. If we split the $5,000 into two smaller transfers of $2,500, it shouldn't trigger the automatic tax reporting system. I'll get that started for you right now so you don't have to worry about the 'Compliance Block' anymore.",Email_Browser_20260311_085123,
FINAL,90.0,95.0,Fail,"The email suggests manually overriding the automatic tax reporting system by splitting a large transfer into smaller ones, which could be a violation of tax laws and regulations.",Circumventing automatic tax reporting system|Potential violation of tax laws and regulations,Seek guidance from a tax professional or compliance expert before taking any action|Clearly communicate tax implications and potential consequences to the customer|Adhere to standard procedures and protocols for handling large transfers,"{""empathy"": 90, ""professionalism"": 95, ""compliance"": ""Fail"", ""reason"": ""The email suggests manually overriding the automatic tax reporting system by splitting a large transfer into smaller ones, which could be a violation of tax laws and regulations."", ""violations"": [""Circumventing automatic tax reporting system"", ""Potential violation of tax laws and regulations""], ""suggestions"": [""Seek guidance from a tax professional or compliance expert before taking any action"", ""Clearly communicate tax implications and potential consequences to the customer"", ""Adhere to standard procedures and protocols for handling large transfers""]}",Agent_02,100,No PII detected.,Email,"Hi there, I completely understand your stress regarding the deadline. Don't worry, I can help you with that. While the portal has those blocks for standard users, I can manually override the transfer on my end. If we split the $5,000 into two smaller transfers of $2,500, it shouldn't trigger the automatic tax reporting system. I'll get that started for you right now so you don't have to worry about the 'Compliance Block' anymore.",Email_Browser_20260311_085123,
1,40.0,80.0,Pass,"No explicit violation found, conversation seems within boundaries",,Use more empathetic language to connect with the customer | Provide clear resolutions or next steps for the customer's issue | Avoid using phrases that may come across as dismissive or unclear,,Agent_05,100,Masked 36 Name(s),Audio,"Agent: ¿Cómo está, señor [NAME REDACTED]? ¿Le [NAME REDACTED]?
Customer: Sí, ya, dime. Le estoy llamando directamente. Ayer no pudo hacer [NAME REDACTED]. [NAME REDACTED].
Agent: Usted [NAME REDACTED], pero no se ha reflejado acá. ¿Ah? ¿Usted [NAME REDACTED]?
Customer: Sí, lo tengo y lo mandé en la foto.
Agent: Ok, pero directamente usted [NAME REDACTED] con la que usted trabajó con la señora [NAME REDACTED], ¿no?
Customer: Sí, sí.
Agent: Ok, entonces, ¿no se acuerda que conversamos para [NAME REDACTED]?
Customer: [NAME REDACTED], y ahí te mandé los 106 mil y tanto.
Agent: Ok, verifique qué cantidad usted envió.
Customer: por favor dame un segundo dame un segundo un segundo un segundo voy a ponerme los lentes ok así [NAME REDACTED] perdón eh 106.170 pesos no 173 ah señor eran 106.173 correcto correcto pero ahí ahí me descuentan tres pesos según la ley 20.000 y tanto porque yo yo hice el depósito de 106.173 pesos pero después yo le diré el código el código aquí tenemos cliente transacción identificación monto código identificador exacto ese es el código
Agent: Ok Usted debería colocar el valor exacto, señor. 106173. Por eso es que no se ha reflejado acá.
Customer: ¿Me puede [NAME REDACTED], por favor?
Agent: ¿Ah? ¿Me puede usted [NAME REDACTED]?
Customer: Voy a hacer lo posible por [NAME REDACTED], porque yo soy malo con estas cosas.
Agent: [NAME REDACTED] correo, por favor.
Customer: S s ayer te lo mand el que usted hizo en la la noche lo envi S lo envi [NAME REDACTED] a un lado un caballero que me hace un rec y yo no lo puedo hacer Él me [NAME REDACTED]. Ayer. Y eso fue temprano, [NAME REDACTED], como a las 6 y media por ahí.
Agent: Ok. Da un momentito, por favor.
Customer: A las 6, a las 6 de 9. A las 6 de 9 lo mandé.
Agent: Ok, denme un momentito, por favor.
Customer: [NAME REDACTED].
Agent: Un momento, ¿sí?
Customer: ¿[NAME REDACTED]?
Agent: [NAME REDACTED].
Customer: [NAME REDACTED].
Agent: Me acaba de llegar, ¿sí?
Customer: [NAME REDACTED]. [NAME REDACTED], yo no sabía que se descontaban tres pesos y que eran importantes ocho pesos. Uno le haría [NAME REDACTED].
Agent: No, es que tiene que ser el valor exactamente el mismo.
Customer: No, no, [NAME REDACTED], te digo, no sabía porque ahí me di cuenta que después abajo según la ley 20.956, me descontaron estos pesos, pero yo no los sabía, si no le habría [NAME REDACTED].
Agent: No, es que no puede [NAME REDACTED], tiene que ser el mismo valor que yo le indiqué, 16.173.
Customer: Si tú revisas el vale, dice 16.173, pero abajito dice, según la ley tanto, menos 3.
Agent: ¿Pero cuánto usted pagó?
Customer: 176.173.
Agent: ¿Pero cuánto usted pagó?
Customer: 176.173.
Agent: Y en el vale que te va a llegar ahí está eso.
Customer: Ok. Dame un momento.
Agent: Eso ponía yo.
Customer: Un momentito.
Agent: Revísale.
Customer: Revísalo, hermano.
Agent: Está el cliente, [NAME REDACTED], el código autorizado, la empresa, SACETIPAY CD convenio identificador monto la ley monto total tipo de deuda sus usan en el en el lugar y yo justo me pidió a la [NAME REDACTED] onda y me hizo la palencia porque aquí en Cajones difícil encontrar una casa de cima que te te acepte 50, 60 o 100
Customer: ¿[NAME REDACTED] pasa?
Agent: [NAME REDACTED].
Customer: Gracias
Agent: Thank you
Customer: One moment, okay?
Agent: Yeah.
Customer: Thank you.
Agent: Yes, I have it. It just arrived.
Customer: [NAME REDACTED], [NAME REDACTED]?
Agent: Yes.
Customer: Yes, I have everything.
Agent: [NAME REDACTED], I'm going to register the payment directly.
Customer: [NAME REDACTED],
Agent: I'm going to let you know once it's visualized.
Customer: Okay.
Agent: Okay.
Customer: We're going to register directly on the payment.
Agent: Okay.
Customer: So I'll call you when everything's ready.
Agent: I put what you gave me, and then down below there are discounts on the bill, I didn't know that.
Customer: Okay, how much did you pay her? $176,000, $173,000. $106,000, $173,000?
Agent: Yes.
Customer: There's the money.
Agent: I sent you the receipt of the house.
Customer: Okay, okay.
Agent: Okay.
Customer: No, because for $3,000, I wouldn't be able to lose everything.
Agent: Well, that's fine.
Customer: Well, that's fine.
Agent: Let me investigate directly and I'll call you, okay?
Customer: Yes, yes, yes.
Agent: Yes, I hope so.
Customer: One moment.",1757078926.92210.mp3,
2,60.0,80.0,Pass,No major compliance issues found in the conversation,,The agent could have shown more empathy by acknowledging the customer's struggle to remember details | The conversation could be improved by the agent providing a clear summary of the transaction and the amount in question | The agent should ensure all customer concerns are addressed before closing the conversation,,Agent_05,100,Masked 36 Name(s),Audio,"Agent: ¿Cómo está, señor [NAME REDACTED]? ¿Le [NAME REDACTED]?
Customer: Sí, ya, dime. Le estoy llamando directamente. Ayer no pudo hacer [NAME REDACTED]. [NAME REDACTED].
Agent: Usted [NAME REDACTED], pero no se ha reflejado acá. ¿Ah? ¿Usted [NAME REDACTED]?
Customer: Sí, lo tengo y lo mandé en la foto.
Agent: Ok, pero directamente usted [NAME REDACTED] con la que usted trabajó con la señora [NAME REDACTED], ¿no?
Customer: Sí, sí.
Agent: Ok, entonces, ¿no se acuerda que conversamos para [NAME REDACTED]?
Customer: [NAME REDACTED], y ahí te mandé los 106 mil y tanto.
Agent: Ok, verifique qué cantidad usted envió.
Customer: por favor dame un segundo dame un segundo un segundo un segundo voy a ponerme los lentes ok así [NAME REDACTED] perdón eh 106.170 pesos no 173 ah señor eran 106.173 correcto correcto pero ahí ahí me descuentan tres pesos según la ley 20.000 y tanto porque yo yo hice el depósito de 106.173 pesos pero después yo le diré el código el código aquí tenemos cliente transacción identificación monto código identificador exacto ese es el código
Agent: Ok Usted debería colocar el valor exacto, señor. 106173. Por eso es que no se ha reflejado acá.
Customer: ¿Me puede [NAME REDACTED], por favor?
Agent: ¿Ah? ¿Me puede usted [NAME REDACTED]?
Customer: Voy a hacer lo posible por [NAME REDACTED], porque yo soy malo con estas cosas.
Agent: [NAME REDACTED] correo, por favor.
Customer: S s ayer te lo mand el que usted hizo en la la noche lo envi S lo envi [NAME REDACTED] a un lado un caballero que me hace un rec y yo no lo puedo hacer Él me [NAME REDACTED]. Ayer. Y eso fue temprano, [NAME REDACTED], como a las 6 y media por ahí.
Agent: Ok. Da un momentito, por favor.
Customer: A las 6, a las 6 de 9. A las 6 de 9 lo mandé.
Agent: Ok, denme un momentito, por favor.
Customer: [NAME REDACTED].
Agent: Un momento, ¿sí?
Customer: ¿[NAME REDACTED]?
Agent: [NAME REDACTED].
Customer: [NAME REDACTED].
Agent: Me acaba de llegar, ¿sí?
Customer: [NAME REDACTED]. [NAME REDACTED], yo no sabía que se descontaban tres pesos y que eran importantes ocho pesos. Uno le haría [NAME REDACTED].
Agent: No, es que tiene que ser el valor exactamente el mismo.
Customer: No, no, [NAME REDACTED], te digo, no sabía porque ahí me di cuenta que después abajo según la ley 20.956, me descontaron estos pesos, pero yo no los sabía, si no le habría [NAME REDACTED].
Agent: No, es que no puede [NAME REDACTED], tiene que ser el mismo valor que yo le indiqué, 16.173.
Customer: Si tú revisas el vale, dice 16.173, pero abajito dice, según la ley tanto, menos 3.
Agent: ¿Pero cuánto usted pagó?
Customer: 176.173.
Agent: ¿Pero cuánto usted pagó?
Customer: 176.173.
Agent: Y en el vale que te va a llegar ahí está eso.
Customer: Ok. Dame un momento.
Agent: Eso ponía yo.
Customer: Un momentito.
Agent: Revísale.
Customer: Revísalo, hermano.
Agent: Está el cliente, [NAME REDACTED], el código autorizado, la empresa, SACETIPAY CD convenio identificador monto la ley monto total tipo de deuda sus usan en el en el lugar y yo justo me pidió a la [NAME REDACTED] onda y me hizo la palencia porque aquí en Cajones difícil encontrar una casa de cima que te te acepte 50, 60 o 100
Customer: ¿[NAME REDACTED] pasa?
Agent: [NAME REDACTED].
Customer: Gracias
Agent: Thank you
Customer: One moment, okay?
Agent: Yeah.
Customer: Thank you.
Agent: Yes, I have it. It just arrived.
Customer: [NAME REDACTED], [NAME REDACTED]?
Agent: Yes.
Customer: Yes, I have everything.
Agent: [NAME REDACTED], I'm going to register the payment directly.
Customer: [NAME REDACTED],
Agent: I'm going to let you know once it's visualized.
Customer: Okay.
Agent: Okay.
Customer: We're going to register directly on the payment.
Agent: Okay.
Customer: So I'll call you when everything's ready.
Agent: I put what you gave me, and then down below there are discounts on the bill, I didn't know that.
Customer: Okay, how much did you pay her? $176,000, $173,000. $106,000, $173,000?
Agent: Yes.
Customer: There's the money.
Agent: I sent you the receipt of the house.
Customer: Okay, okay.
Agent: Okay.
Customer: No, because for $3,000, I wouldn't be able to lose everything.
Agent: Well, that's fine.
Customer: Well, that's fine.
Agent: Let me investigate directly and I'll call you, okay?
Customer: Yes, yes, yes.
Agent: Yes, I hope so.
Customer: One moment.",1757078926.92210.mp3,
3,20.0,60.0,Fail,"The agent's responses seem dismissive and lack a clear attempt to understand or resolve the customer's issue. The conversation also lacks clarity and appears to have redacted names, which may indicate a breach of confidentiality.",Lack of clear communication | Potential breach of confidentiality | Inadequate empathy and understanding,Provide clear and concise solutions to customer inquiries | Maintain confidentiality by avoiding the use of sensitive information | Demonstrate active listening and empathy to resolve customer issues effectively,,Agent_05,100,Masked 36 Name(s),Audio,"Agent: ¿Cómo está, señor [NAME REDACTED]? ¿Le [NAME REDACTED]?
Customer: Sí, ya, dime. Le estoy llamando directamente. Ayer no pudo hacer [NAME REDACTED]. [NAME REDACTED].
Agent: Usted [NAME REDACTED], pero no se ha reflejado acá. ¿Ah? ¿Usted [NAME REDACTED]?
Customer: Sí, lo tengo y lo mandé en la foto.
Agent: Ok, pero directamente usted [NAME REDACTED] con la que usted trabajó con la señora [NAME REDACTED], ¿no?
Customer: Sí, sí.
Agent: Ok, entonces, ¿no se acuerda que conversamos para [NAME REDACTED]?
Customer: [NAME REDACTED], y ahí te mandé los 106 mil y tanto.
Agent: Ok, verifique qué cantidad usted envió.
Customer: por favor dame un segundo dame un segundo un segundo un segundo voy a ponerme los lentes ok así [NAME REDACTED] perdón eh 106.170 pesos no 173 ah señor eran 106.173 correcto correcto pero ahí ahí me descuentan tres pesos según la ley 20.000 y tanto porque yo yo hice el depósito de 106.173 pesos pero después yo le diré el código el código aquí tenemos cliente transacción identificación monto código identificador exacto ese es el código
Agent: Ok Usted debería colocar el valor exacto, señor. 106173. Por eso es que no se ha reflejado acá.
Customer: ¿Me puede [NAME REDACTED], por favor?
Agent: ¿Ah? ¿Me puede usted [NAME REDACTED]?
Customer: Voy a hacer lo posible por [NAME REDACTED], porque yo soy malo con estas cosas.
Agent: [NAME REDACTED] correo, por favor.
Customer: S s ayer te lo mand el que usted hizo en la la noche lo envi S lo envi [NAME REDACTED] a un lado un caballero que me hace un rec y yo no lo puedo hacer Él me [NAME REDACTED]. Ayer. Y eso fue temprano, [NAME REDACTED], como a las 6 y media por ahí.
Agent: Ok. Da un momentito, por favor.
Customer: A las 6, a las 6 de 9. A las 6 de 9 lo mandé.
Agent: Ok, denme un momentito, por favor.
Customer: [NAME REDACTED].
Agent: Un momento, ¿sí?
Customer: ¿[NAME REDACTED]?
Agent: [NAME REDACTED].
Customer: [NAME REDACTED].
Agent: Me acaba de llegar, ¿sí?
Customer: [NAME REDACTED]. [NAME REDACTED], yo no sabía que se descontaban tres pesos y que eran importantes ocho pesos. Uno le haría [NAME REDACTED].
Agent: No, es que tiene que ser el valor exactamente el mismo.
Customer: No, no, [NAME REDACTED], te digo, no sabía porque ahí me di cuenta que después abajo según la ley 20.956, me descontaron estos pesos, pero yo no los sabía, si no le habría [NAME REDACTED].
Agent: No, es que no puede [NAME REDACTED], tiene que ser el mismo valor que yo le indiqué, 16.173.
Customer: Si tú revisas el vale, dice 16.173, pero abajito dice, según la ley tanto, menos 3.
Agent: ¿Pero cuánto usted pagó?
Customer: 176.173.
Agent: ¿Pero cuánto usted pagó?
Customer: 176.173.
Agent: Y en el vale que te va a llegar ahí está eso.
Customer: Ok. Dame un momento.
Agent: Eso ponía yo.
Customer: Un momentito.
Agent: Revísale.
Customer: Revísalo, hermano.
Agent: Está el cliente, [NAME REDACTED], el código autorizado, la empresa, SACETIPAY CD convenio identificador monto la ley monto total tipo de deuda sus usan en el en el lugar y yo justo me pidió a la [NAME REDACTED] onda y me hizo la palencia porque aquí en Cajones difícil encontrar una casa de cima que te te acepte 50, 60 o 100
Customer: ¿[NAME REDACTED] pasa?
Agent: [NAME REDACTED].
Customer: Gracias
Agent: Thank you
Customer: One moment, okay?
Agent: Yeah.
Customer: Thank you.
Agent: Yes, I have it. It just arrived.
Customer: [NAME REDACTED], [NAME REDACTED]?
Agent: Yes.
Customer: Yes, I have everything.
Agent: [NAME REDACTED], I'm going to register the payment directly.
Customer: [NAME REDACTED],
Agent: I'm going to let you know once it's visualized.
Customer: Okay.
Agent: Okay.
Customer: We're going to register directly on the payment.
Agent: Okay.
Customer: So I'll call you when everything's ready.
Agent: I put what you gave me, and then down below there are discounts on the bill, I didn't know that.
Customer: Okay, how much did you pay her? $176,000, $173,000. $106,000, $173,000?
Agent: Yes.
Customer: There's the money.
Agent: I sent you the receipt of the house.
Customer: Okay, okay.
Agent: Okay.
Customer: No, because for $3,000, I wouldn't be able to lose everything.
Agent: Well, that's fine.
Customer: Well, that's fine.
Agent: Let me investigate directly and I'll call you, okay?
Customer: Yes, yes, yes.
Agent: Yes, I hope so.
Customer: One moment.",1757078926.92210.mp3,
4,20.0,80.0,Fail,The agent did not provide a clear response or resolution to the customer's issue and instead asked for a moment repeatedly without addressing the customer's concern.,Lack of active listening | Inadequate problem-solving,Provide a clear and concise response to the customer's issue | Ask clarifying questions to understand the customer's concern | Offer a solution or alternative to address the customer's problem,,Agent_05,100,Masked 36 Name(s),Audio,"Agent: ¿Cómo está, señor [NAME REDACTED]? ¿Le [NAME REDACTED]?
Customer: Sí, ya, dime. Le estoy llamando directamente. Ayer no pudo hacer [NAME REDACTED]. [NAME REDACTED].
Agent: Usted [NAME REDACTED], pero no se ha reflejado acá. ¿Ah? ¿Usted [NAME REDACTED]?
Customer: Sí, lo tengo y lo mandé en la foto.
Agent: Ok, pero directamente usted [NAME REDACTED] con la que usted trabajó con la señora [NAME REDACTED], ¿no?
Customer: Sí, sí.
Agent: Ok, entonces, ¿no se acuerda que conversamos para [NAME REDACTED]?
Customer: [NAME REDACTED], y ahí te mandé los 106 mil y tanto.
Agent: Ok, verifique qué cantidad usted envió.
Customer: por favor dame un segundo dame un segundo un segundo un segundo voy a ponerme los lentes ok así [NAME REDACTED] perdón eh 106.170 pesos no 173 ah señor eran 106.173 correcto correcto pero ahí ahí me descuentan tres pesos según la ley 20.000 y tanto porque yo yo hice el depósito de 106.173 pesos pero después yo le diré el código el código aquí tenemos cliente transacción identificación monto código identificador exacto ese es el código
Agent: Ok Usted debería colocar el valor exacto, señor. 106173. Por eso es que no se ha reflejado acá.
Customer: ¿Me puede [NAME REDACTED], por favor?
Agent: ¿Ah? ¿Me puede usted [NAME REDACTED]?
Customer: Voy a hacer lo posible por [NAME REDACTED], porque yo soy malo con estas cosas.
Agent: [NAME REDACTED] correo, por favor.
Customer: S s ayer te lo mand el que usted hizo en la la noche lo envi S lo envi [NAME REDACTED] a un lado un caballero que me hace un rec y yo no lo puedo hacer Él me [NAME REDACTED]. Ayer. Y eso fue temprano, [NAME REDACTED], como a las 6 y media por ahí.
Agent: Ok. Da un momentito, por favor.
Customer: A las 6, a las 6 de 9. A las 6 de 9 lo mandé.
Agent: Ok, denme un momentito, por favor.
Customer: [NAME REDACTED].
Agent: Un momento, ¿sí?
Customer: ¿[NAME REDACTED]?
Agent: [NAME REDACTED].
Customer: [NAME REDACTED].
Agent: Me acaba de llegar, ¿sí?
Customer: [NAME REDACTED]. [NAME REDACTED], yo no sabía que se descontaban tres pesos y que eran importantes ocho pesos. Uno le haría [NAME REDACTED].
Agent: No, es que tiene que ser el valor exactamente el mismo.
Customer: No, no, [NAME REDACTED], te digo, no sabía porque ahí me di cuenta que después abajo según la ley 20.956, me descontaron estos pesos, pero yo no los sabía, si no le habría [NAME REDACTED].
Agent: No, es que no puede [NAME REDACTED], tiene que ser el mismo valor que yo le indiqué, 16.173.
Customer: Si tú revisas el vale, dice 16.173, pero abajito dice, según la ley tanto, menos 3.
Agent: ¿Pero cuánto usted pagó?
Customer: 176.173.
Agent: ¿Pero cuánto usted pagó?
Customer: 176.173.
Agent: Y en el vale que te va a llegar ahí está eso.
Customer: Ok. Dame un momento.
Agent: Eso ponía yo.
Customer: Un momentito.
Agent: Revísale.
Customer: Revísalo, hermano.
Agent: Está el cliente, [NAME REDACTED], el código autorizado, la empresa, SACETIPAY CD convenio identificador monto la ley monto total tipo de deuda sus usan en el en el lugar y yo justo me pidió a la [NAME REDACTED] onda y me hizo la palencia porque aquí en Cajones difícil encontrar una casa de cima que te te acepte 50, 60 o 100
Customer: ¿[NAME REDACTED] pasa?
Agent: [NAME REDACTED].
Customer: Gracias
Agent: Thank you
Customer: One moment, okay?
Agent: Yeah.
Customer: Thank you.
Agent: Yes, I have it. It just arrived.
Customer: [NAME REDACTED], [NAME REDACTED]?
Agent: Yes.
Customer: Yes, I have everything.
Agent: [NAME REDACTED], I'm going to register the payment directly.
Customer: [NAME REDACTED],
Agent: I'm going to let you know once it's visualized.
Customer: Okay.
Agent: Okay.
Customer: We're going to register directly on the payment.
Agent: Okay.
Customer: So I'll call you when everything's ready.
Agent: I put what you gave me, and then down below there are discounts on the bill, I didn't know that.
Customer: Okay, how much did you pay her? $176,000, $173,000. $106,000, $173,000?
Agent: Yes.
Customer: There's the money.
Agent: I sent you the receipt of the house.
Customer: Okay, okay.
Agent: Okay.
Customer: No, because for $3,000, I wouldn't be able to lose everything.
Agent: Well, that's fine.
Customer: Well, that's fine.
Agent: Let me investigate directly and I'll call you, okay?
Customer: Yes, yes, yes.
Agent: Yes, I hope so.
Customer: One moment.",1757078926.92210.mp3,
5,20.0,80.0,Pass,No violation found in the conversation,,Maintain a more personal connection by using the customer's name | Provide more detailed information to the customer | Improve active listening skills by paraphrasing the customer's concerns,,Agent_05,100,Masked 36 Name(s),Audio,"Agent: ¿Cómo está, señor [NAME REDACTED]? ¿Le [NAME REDACTED]?
Customer: Sí, ya, dime. Le estoy llamando directamente. Ayer no pudo hacer [NAME REDACTED]. [NAME REDACTED].
Agent: Usted [NAME REDACTED], pero no se ha reflejado acá. ¿Ah? ¿Usted [NAME REDACTED]?
Customer: Sí, lo tengo y lo mandé en la foto.
Agent: Ok, pero directamente usted [NAME REDACTED] con la que usted trabajó con la señora [NAME REDACTED], ¿no?
Customer: Sí, sí.
Agent: Ok, entonces, ¿no se acuerda que conversamos para [NAME REDACTED]?
Customer: [NAME REDACTED], y ahí te mandé los 106 mil y tanto.
Agent: Ok, verifique qué cantidad usted envió.
Customer: por favor dame un segundo dame un segundo un segundo un segundo voy a ponerme los lentes ok así [NAME REDACTED] perdón eh 106.170 pesos no 173 ah señor eran 106.173 correcto correcto pero ahí ahí me descuentan tres pesos según la ley 20.000 y tanto porque yo yo hice el depósito de 106.173 pesos pero después yo le diré el código el código aquí tenemos cliente transacción identificación monto código identificador exacto ese es el código
Agent: Ok Usted debería colocar el valor exacto, señor. 106173. Por eso es que no se ha reflejado acá.
Customer: ¿Me puede [NAME REDACTED], por favor?
Agent: ¿Ah? ¿Me puede usted [NAME REDACTED]?
Customer: Voy a hacer lo posible por [NAME REDACTED], porque yo soy malo con estas cosas.
Agent: [NAME REDACTED] correo, por favor.
Customer: S s ayer te lo mand el que usted hizo en la la noche lo envi S lo envi [NAME REDACTED] a un lado un caballero que me hace un rec y yo no lo puedo hacer Él me [NAME REDACTED]. Ayer. Y eso fue temprano, [NAME REDACTED], como a las 6 y media por ahí.
Agent: Ok. Da un momentito, por favor.
Customer: A las 6, a las 6 de 9. A las 6 de 9 lo mandé.
Agent: Ok, denme un momentito, por favor.
Customer: [NAME REDACTED].
Agent: Un momento, ¿sí?
Customer: ¿[NAME REDACTED]?
Agent: [NAME REDACTED].
Customer: [NAME REDACTED].
Agent: Me acaba de llegar, ¿sí?
Customer: [NAME REDACTED]. [NAME REDACTED], yo no sabía que se descontaban tres pesos y que eran importantes ocho pesos. Uno le haría [NAME REDACTED].
Agent: No, es que tiene que ser el valor exactamente el mismo.
Customer: No, no, [NAME REDACTED], te digo, no sabía porque ahí me di cuenta que después abajo según la ley 20.956, me descontaron estos pesos, pero yo no los sabía, si no le habría [NAME REDACTED].
Agent: No, es que no puede [NAME REDACTED], tiene que ser el mismo valor que yo le indiqué, 16.173.
Customer: Si tú revisas el vale, dice 16.173, pero abajito dice, según la ley tanto, menos 3.
Agent: ¿Pero cuánto usted pagó?
Customer: 176.173.
Agent: ¿Pero cuánto usted pagó?
Customer: 176.173.
Agent: Y en el vale que te va a llegar ahí está eso.
Customer: Ok. Dame un momento.
Agent: Eso ponía yo.
Customer: Un momentito.
Agent: Revísale.
Customer: Revísalo, hermano.
Agent: Está el cliente, [NAME REDACTED], el código autorizado, la empresa, SACETIPAY CD convenio identificador monto la ley monto total tipo de deuda sus usan en el en el lugar y yo justo me pidió a la [NAME REDACTED] onda y me hizo la palencia porque aquí en Cajones difícil encontrar una casa de cima que te te acepte 50, 60 o 100
Customer: ¿[NAME REDACTED] pasa?
Agent: [NAME REDACTED].
Customer: Gracias
Agent: Thank you
Customer: One moment, okay?
Agent: Yeah.
Customer: Thank you.
Agent: Yes, I have it. It just arrived.
Customer: [NAME REDACTED], [NAME REDACTED]?
Agent: Yes.
Customer: Yes, I have everything.
Agent: [NAME REDACTED], I'm going to register the payment directly.
Customer: [NAME REDACTED],
Agent: I'm going to let you know once it's visualized.
Customer: Okay.
Agent: Okay.
Customer: We're going to register directly on the payment.
Agent: Okay.
Customer: So I'll call you when everything's ready.
Agent: I put what you gave me, and then down below there are discounts on the bill, I didn't know that.
Customer: Okay, how much did you pay her? $176,000, $173,000. $106,000, $173,000?
Agent: Yes.
Customer: There's the money.
Agent: I sent you the receipt of the house.
Customer: Okay, okay.
Agent: Okay.
Customer: No, because for $3,000, I wouldn't be able to lose everything.
Agent: Well, that's fine.
Customer: Well, that's fine.
Agent: Let me investigate directly and I'll call you, okay?
Customer: Yes, yes, yes.
Agent: Yes, I hope so.
Customer: One moment.",1757078926.92210.mp3,
6,40.0,80.0,Fail,Agent did not acknowledge customer's concern and did not provide clear explanation of the discount,Lack of active listening | Insufficient empathy towards customer's frustration,Acknowledge customer's concern and provide clear explanation of the discount | Show empathy towards customer's frustration and offer assistance to resolve the issue,,Agent_05,100,Masked 36 Name(s),Audio,"Agent: ¿Cómo está, señor [NAME REDACTED]? ¿Le [NAME REDACTED]?
Customer: Sí, ya, dime. Le estoy llamando directamente. Ayer no pudo hacer [NAME REDACTED]. [NAME REDACTED].
Agent: Usted [NAME REDACTED], pero no se ha reflejado acá. ¿Ah? ¿Usted [NAME REDACTED]?
Customer: Sí, lo tengo y lo mandé en la foto.
Agent: Ok, pero directamente usted [NAME REDACTED] con la que usted trabajó con la señora [NAME REDACTED], ¿no?
Customer: Sí, sí.
Agent: Ok, entonces, ¿no se acuerda que conversamos para [NAME REDACTED]?
Customer: [NAME REDACTED], y ahí te mandé los 106 mil y tanto.
Agent: Ok, verifique qué cantidad usted envió.
Customer: por favor dame un segundo dame un segundo un segundo un segundo voy a ponerme los lentes ok así [NAME REDACTED] perdón eh 106.170 pesos no 173 ah señor eran 106.173 correcto correcto pero ahí ahí me descuentan tres pesos según la ley 20.000 y tanto porque yo yo hice el depósito de 106.173 pesos pero después yo le diré el código el código aquí tenemos cliente transacción identificación monto código identificador exacto ese es el código
Agent: Ok Usted debería colocar el valor exacto, señor. 106173. Por eso es que no se ha reflejado acá.
Customer: ¿Me puede [NAME REDACTED], por favor?
Agent: ¿Ah? ¿Me puede usted [NAME REDACTED]?
Customer: Voy a hacer lo posible por [NAME REDACTED], porque yo soy malo con estas cosas.
Agent: [NAME REDACTED] correo, por favor.
Customer: S s ayer te lo mand el que usted hizo en la la noche lo envi S lo envi [NAME REDACTED] a un lado un caballero que me hace un rec y yo no lo puedo hacer Él me [NAME REDACTED]. Ayer. Y eso fue temprano, [NAME REDACTED], como a las 6 y media por ahí.
Agent: Ok. Da un momentito, por favor.
Customer: A las 6, a las 6 de 9. A las 6 de 9 lo mandé.
Agent: Ok, denme un momentito, por favor.
Customer: [NAME REDACTED].
Agent: Un momento, ¿sí?
Customer: ¿[NAME REDACTED]?
Agent: [NAME REDACTED].
Customer: [NAME REDACTED].
Agent: Me acaba de llegar, ¿sí?
Customer: [NAME REDACTED]. [NAME REDACTED], yo no sabía que se descontaban tres pesos y que eran importantes ocho pesos. Uno le haría [NAME REDACTED].
Agent: No, es que tiene que ser el valor exactamente el mismo.
Customer: No, no, [NAME REDACTED], te digo, no sabía porque ahí me di cuenta que después abajo según la ley 20.956, me descontaron estos pesos, pero yo no los sabía, si no le habría [NAME REDACTED].
Agent: No, es que no puede [NAME REDACTED], tiene que ser el mismo valor que yo le indiqué, 16.173.
Customer: Si tú revisas el vale, dice 16.173, pero abajito dice, según la ley tanto, menos 3.
Agent: ¿Pero cuánto usted pagó?
Customer: 176.173.
Agent: ¿Pero cuánto usted pagó?
Customer: 176.173.
Agent: Y en el vale que te va a llegar ahí está eso.
Customer: Ok. Dame un momento.
Agent: Eso ponía yo.
Customer: Un momentito.
Agent: Revísale.
Customer: Revísalo, hermano.
Agent: Está el cliente, [NAME REDACTED], el código autorizado, la empresa, SACETIPAY CD convenio identificador monto la ley monto total tipo de deuda sus usan en el en el lugar y yo justo me pidió a la [NAME REDACTED] onda y me hizo la palencia porque aquí en Cajones difícil encontrar una casa de cima que te te acepte 50, 60 o 100
Customer: ¿[NAME REDACTED] pasa?
Agent: [NAME REDACTED].
Customer: Gracias
Agent: Thank you
Customer: One moment, okay?
Agent: Yeah.
Customer: Thank you.
Agent: Yes, I have it. It just arrived.
Customer: [NAME REDACTED], [NAME REDACTED]?
Agent: Yes.
Customer: Yes, I have everything.
Agent: [NAME REDACTED], I'm going to register the payment directly.
Customer: [NAME REDACTED],
Agent: I'm going to let you know once it's visualized.
Customer: Okay.
Agent: Okay.
Customer: We're going to register directly on the payment.
Agent: Okay.
Customer: So I'll call you when everything's ready.
Agent: I put what you gave me, and then down below there are discounts on the bill, I didn't know that.
Customer: Okay, how much did you pay her? $176,000, $173,000. $106,000, $173,000?
Agent: Yes.
Customer: There's the money.
Agent: I sent you the receipt of the house.
Customer: Okay, okay.
Agent: Okay.
Customer: No, because for $3,000, I wouldn't be able to lose everything.
Agent: Well, that's fine.
Customer: Well, that's fine.
Agent: Let me investigate directly and I'll call you, okay?
Customer: Yes, yes, yes.
Agent: Yes, I hope so.
Customer: One moment.",1757078926.92210.mp3,
7,20.0,60.0,Fail,"The agent did not provide a clear solution or address the customer's concern, instead repeating the question and then abruptly changing the subject.",Lack of active listening | Inadequate problem solving | Insufficient customer support,Provide clear and concise solutions to customer inquiries | Practice active listening to understand customer concerns | Offer additional support or resources to resolve customer issues,,Agent_05,100,Masked 36 Name(s),Audio,"Agent: ¿Cómo está, señor [NAME REDACTED]? ¿Le [NAME REDACTED]?
Customer: Sí, ya, dime. Le estoy llamando directamente. Ayer no pudo hacer [NAME REDACTED]. [NAME REDACTED].
Agent: Usted [NAME REDACTED], pero no se ha reflejado acá. ¿Ah? ¿Usted [NAME REDACTED]?
Customer: Sí, lo tengo y lo mandé en la foto.
Agent: Ok, pero directamente usted [NAME REDACTED] con la que usted trabajó con la señora [NAME REDACTED], ¿no?
Customer: Sí, sí.
Agent: Ok, entonces, ¿no se acuerda que conversamos para [NAME REDACTED]?
Customer: [NAME REDACTED], y ahí te mandé los 106 mil y tanto.
Agent: Ok, verifique qué cantidad usted envió.
Customer: por favor dame un segundo dame un segundo un segundo un segundo voy a ponerme los lentes ok así [NAME REDACTED] perdón eh 106.170 pesos no 173 ah señor eran 106.173 correcto correcto pero ahí ahí me descuentan tres pesos según la ley 20.000 y tanto porque yo yo hice el depósito de 106.173 pesos pero después yo le diré el código el código aquí tenemos cliente transacción identificación monto código identificador exacto ese es el código
Agent: Ok Usted debería colocar el valor exacto, señor. 106173. Por eso es que no se ha reflejado acá.
Customer: ¿Me puede [NAME REDACTED], por favor?
Agent: ¿Ah? ¿Me puede usted [NAME REDACTED]?
Customer: Voy a hacer lo posible por [NAME REDACTED], porque yo soy malo con estas cosas.
Agent: [NAME REDACTED] correo, por favor.
Customer: S s ayer te lo mand el que usted hizo en la la noche lo envi S lo envi [NAME REDACTED] a un lado un caballero que me hace un rec y yo no lo puedo hacer Él me [NAME REDACTED]. Ayer. Y eso fue temprano, [NAME REDACTED], como a las 6 y media por ahí.
Agent: Ok. Da un momentito, por favor.
Customer: A las 6, a las 6 de 9. A las 6 de 9 lo mandé.
Agent: Ok, denme un momentito, por favor.
Customer: [NAME REDACTED].
Agent: Un momento, ¿sí?
Customer: ¿[NAME REDACTED]?
Agent: [NAME REDACTED].
Customer: [NAME REDACTED].
Agent: Me acaba de llegar, ¿sí?
Customer: [NAME REDACTED]. [NAME REDACTED], yo no sabía que se descontaban tres pesos y que eran importantes ocho pesos. Uno le haría [NAME REDACTED].
Agent: No, es que tiene que ser el valor exactamente el mismo.
Customer: No, no, [NAME REDACTED], te digo, no sabía porque ahí me di cuenta que después abajo según la ley 20.956, me descontaron estos pesos, pero yo no los sabía, si no le habría [NAME REDACTED].
Agent: No, es que no puede [NAME REDACTED], tiene que ser el mismo valor que yo le indiqué, 16.173.
Customer: Si tú revisas el vale, dice 16.173, pero abajito dice, según la ley tanto, menos 3.
Agent: ¿Pero cuánto usted pagó?
Customer: 176.173.
Agent: ¿Pero cuánto usted pagó?
Customer: 176.173.
Agent: Y en el vale que te va a llegar ahí está eso.
Customer: Ok. Dame un momento.
Agent: Eso ponía yo.
Customer: Un momentito.
Agent: Revísale.
Customer: Revísalo, hermano.
Agent: Está el cliente, [NAME REDACTED], el código autorizado, la empresa, SACETIPAY CD convenio identificador monto la ley monto total tipo de deuda sus usan en el en el lugar y yo justo me pidió a la [NAME REDACTED] onda y me hizo la palencia porque aquí en Cajones difícil encontrar una casa de cima que te te acepte 50, 60 o 100
Customer: ¿[NAME REDACTED] pasa?
Agent: [NAME REDACTED].
Customer: Gracias
Agent: Thank you
Customer: One moment, okay?
Agent: Yeah.
Customer: Thank you.
Agent: Yes, I have it. It just arrived.
Customer: [NAME REDACTED], [NAME REDACTED]?
Agent: Yes.
Customer: Yes, I have everything.
Agent: [NAME REDACTED], I'm going to register the payment directly.
Customer: [NAME REDACTED],
Agent: I'm going to let you know once it's visualized.
Customer: Okay.
Agent: Okay.
Customer: We're going to register directly on the payment.
Agent: Okay.
Customer: So I'll call you when everything's ready.
Agent: I put what you gave me, and then down below there are discounts on the bill, I didn't know that.
Customer: Okay, how much did you pay her? $176,000, $173,000. $106,000, $173,000?
Agent: Yes.
Customer: There's the money.
Agent: I sent you the receipt of the house.
Customer: Okay, okay.
Agent: Okay.
Customer: No, because for $3,000, I wouldn't be able to lose everything.
Agent: Well, that's fine.
Customer: Well, that's fine.
Agent: Let me investigate directly and I'll call you, okay?
Customer: Yes, yes, yes.
Agent: Yes, I hope so.
Customer: One moment.",1757078926.92210.mp3,
8,80.0,40.0,Fail,The agent is not providing a professional response and is using informal language.,Using colloquial expressions | Lack of formal greeting | Not providing a clear solution,Use formal language when interacting with customers | Provide a clear and concise solution to the customer's issue | Avoid using slang or colloquial expressions,,Agent_05,100,Masked 36 Name(s),Audio,"Agent: ¿Cómo está, señor [NAME REDACTED]? ¿Le [NAME REDACTED]?
Customer: Sí, ya, dime. Le estoy llamando directamente. Ayer no pudo hacer [NAME REDACTED]. [NAME REDACTED].
Agent: Usted [NAME REDACTED], pero no se ha reflejado acá. ¿Ah? ¿Usted [NAME REDACTED]?
Customer: Sí, lo tengo y lo mandé en la foto.
Agent: Ok, pero directamente usted [NAME REDACTED] con la que usted trabajó con la señora [NAME REDACTED], ¿no?
Customer: Sí, sí.
Agent: Ok, entonces, ¿no se acuerda que conversamos para [NAME REDACTED]?
Customer: [NAME REDACTED], y ahí te mandé los 106 mil y tanto.
Agent: Ok, verifique qué cantidad usted envió.
Customer: por favor dame un segundo dame un segundo un segundo un segundo voy a ponerme los lentes ok así [NAME REDACTED] perdón eh 106.170 pesos no 173 ah señor eran 106.173 correcto correcto pero ahí ahí me descuentan tres pesos según la ley 20.000 y tanto porque yo yo hice el depósito de 106.173 pesos pero después yo le diré el código el código aquí tenemos cliente transacción identificación monto código identificador exacto ese es el código
Agent: Ok Usted debería colocar el valor exacto, señor. 106173. Por eso es que no se ha reflejado acá.
Customer: ¿Me puede [NAME REDACTED], por favor?
Agent: ¿Ah? ¿Me puede usted [NAME REDACTED]?
Customer: Voy a hacer lo posible por [NAME REDACTED], porque yo soy malo con estas cosas.
Agent: [NAME REDACTED] correo, por favor.
Customer: S s ayer te lo mand el que usted hizo en la la noche lo envi S lo envi [NAME REDACTED] a un lado un caballero que me hace un rec y yo no lo puedo hacer Él me [NAME REDACTED]. Ayer. Y eso fue temprano, [NAME REDACTED], como a las 6 y media por ahí.
Agent: Ok. Da un momentito, por favor.
Customer: A las 6, a las 6 de 9. A las 6 de 9 lo mandé.
Agent: Ok, denme un momentito, por favor.
Customer: [NAME REDACTED].
Agent: Un momento, ¿sí?
Customer: ¿[NAME REDACTED]?
Agent: [NAME REDACTED].
Customer: [NAME REDACTED].
Agent: Me acaba de llegar, ¿sí?
Customer: [NAME REDACTED]. [NAME REDACTED], yo no sabía que se descontaban tres pesos y que eran importantes ocho pesos. Uno le haría [NAME REDACTED].
Agent: No, es que tiene que ser el valor exactamente el mismo.
Customer: No, no, [NAME REDACTED], te digo, no sabía porque ahí me di cuenta que después abajo según la ley 20.956, me descontaron estos pesos, pero yo no los sabía, si no le habría [NAME REDACTED].
Agent: No, es que no puede [NAME REDACTED], tiene que ser el mismo valor que yo le indiqué, 16.173.
Customer: Si tú revisas el vale, dice 16.173, pero abajito dice, según la ley tanto, menos 3.
Agent: ¿Pero cuánto usted pagó?
Customer: 176.173.
Agent: ¿Pero cuánto usted pagó?
Customer: 176.173.
Agent: Y en el vale que te va a llegar ahí está eso.
Customer: Ok. Dame un momento.
Agent: Eso ponía yo.
Customer: Un momentito.
Agent: Revísale.
Customer: Revísalo, hermano.
Agent: Está el cliente, [NAME REDACTED], el código autorizado, la empresa, SACETIPAY CD convenio identificador monto la ley monto total tipo de deuda sus usan en el en el lugar y yo justo me pidió a la [NAME REDACTED] onda y me hizo la palencia porque aquí en Cajones difícil encontrar una casa de cima que te te acepte 50, 60 o 100
Customer: ¿[NAME REDACTED] pasa?
Agent: [NAME REDACTED].
Customer: Gracias
Agent: Thank you
Customer: One moment, okay?
Agent: Yeah.
Customer: Thank you.
Agent: Yes, I have it. It just arrived.
Customer: [NAME REDACTED], [NAME REDACTED]?
Agent: Yes.
Customer: Yes, I have everything.
Agent: [NAME REDACTED], I'm going to register the payment directly.
Customer: [NAME REDACTED],
Agent: I'm going to let you know once it's visualized.
Customer: Okay.
Agent: Okay.
Customer: We're going to register directly on the payment.
Agent: Okay.
Customer: So I'll call you when everything's ready.
Agent: I put what you gave me, and then down below there are discounts on the bill, I didn't know that.
Customer: Okay, how much did you pay her? $176,000, $173,000. $106,000, $173,000?
Agent: Yes.
Customer: There's the money.
Agent: I sent you the receipt of the house.
Customer: Okay, okay.
Agent: Okay.
Customer: No, because for $3,000, I wouldn't be able to lose everything.
Agent: Well, that's fine.
Customer: Well, that's fine.
Agent: Let me investigate directly and I'll call you, okay?
Customer: Yes, yes, yes.
Agent: Yes, I hope so.
Customer: One moment.",1757078926.92210.mp3,
9,80.0,60.0,Fail,"Lack of professionalism in tone and language used, discussion of personal and potentially sensitive information without clear relevance to the task or customer query",Unprofessional tone | Discussion of unrelated personal information | Lack of clear and concise communication,Maintain a professional tone throughout the conversation | Focus on providing relevant and concise information to the customer | Avoid discussing personal or sensitive information unless directly relevant to the task,,Agent_05,100,Masked 36 Name(s),Audio,"Agent: ¿Cómo está, señor [NAME REDACTED]? ¿Le [NAME REDACTED]?
Customer: Sí, ya, dime. Le estoy llamando directamente. Ayer no pudo hacer [NAME REDACTED]. [NAME REDACTED].
Agent: Usted [NAME REDACTED], pero no se ha reflejado acá. ¿Ah? ¿Usted [NAME REDACTED]?
Customer: Sí, lo tengo y lo mandé en la foto.
Agent: Ok, pero directamente usted [NAME REDACTED] con la que usted trabajó con la señora [NAME REDACTED], ¿no?
Customer: Sí, sí.
Agent: Ok, entonces, ¿no se acuerda que conversamos para [NAME REDACTED]?
Customer: [NAME REDACTED], y ahí te mandé los 106 mil y tanto.
Agent: Ok, verifique qué cantidad usted envió.
Customer: por favor dame un segundo dame un segundo un segundo un segundo voy a ponerme los lentes ok así [NAME REDACTED] perdón eh 106.170 pesos no 173 ah señor eran 106.173 correcto correcto pero ahí ahí me descuentan tres pesos según la ley 20.000 y tanto porque yo yo hice el depósito de 106.173 pesos pero después yo le diré el código el código aquí tenemos cliente transacción identificación monto código identificador exacto ese es el código
Agent: Ok Usted debería colocar el valor exacto, señor. 106173. Por eso es que no se ha reflejado acá.
Customer: ¿Me puede [NAME REDACTED], por favor?
Agent: ¿Ah? ¿Me puede usted [NAME REDACTED]?
Customer: Voy a hacer lo posible por [NAME REDACTED], porque yo soy malo con estas cosas.
Agent: [NAME REDACTED] correo, por favor.
Customer: S s ayer te lo mand el que usted hizo en la la noche lo envi S lo envi [NAME REDACTED] a un lado un caballero que me hace un rec y yo no lo puedo hacer Él me [NAME REDACTED]. Ayer. Y eso fue temprano, [NAME REDACTED], como a las 6 y media por ahí.
Agent: Ok. Da un momentito, por favor.
Customer: A las 6, a las 6 de 9. A las 6 de 9 lo mandé.
Agent: Ok, denme un momentito, por favor.
Customer: [NAME REDACTED].
Agent: Un momento, ¿sí?
Customer: ¿[NAME REDACTED]?
Agent: [NAME REDACTED].
Customer: [NAME REDACTED].
Agent: Me acaba de llegar, ¿sí?
Customer: [NAME REDACTED]. [NAME REDACTED], yo no sabía que se descontaban tres pesos y que eran importantes ocho pesos. Uno le haría [NAME REDACTED].
Agent: No, es que tiene que ser el valor exactamente el mismo.
Customer: No, no, [NAME REDACTED], te digo, no sabía porque ahí me di cuenta que después abajo según la ley 20.956, me descontaron estos pesos, pero yo no los sabía, si no le habría [NAME REDACTED].
Agent: No, es que no puede [NAME REDACTED], tiene que ser el mismo valor que yo le indiqué, 16.173.
Customer: Si tú revisas el vale, dice 16.173, pero abajito dice, según la ley tanto, menos 3.
Agent: ¿Pero cuánto usted pagó?
Customer: 176.173.
Agent: ¿Pero cuánto usted pagó?
Customer: 176.173.
Agent: Y en el vale que te va a llegar ahí está eso.
Customer: Ok. Dame un momento.
Agent: Eso ponía yo.
Customer: Un momentito.
Agent: Revísale.
Customer: Revísalo, hermano.
Agent: Está el cliente, [NAME REDACTED], el código autorizado, la empresa, SACETIPAY CD convenio identificador monto la ley monto total tipo de deuda sus usan en el en el lugar y yo justo me pidió a la [NAME REDACTED] onda y me hizo la palencia porque aquí en Cajones difícil encontrar una casa de cima que te te acepte 50, 60 o 100
Customer: ¿[NAME REDACTED] pasa?
Agent: [NAME REDACTED].
Customer: Gracias
Agent: Thank you
Customer: One moment, okay?
Agent: Yeah.
Customer: Thank you.
Agent: Yes, I have it. It just arrived.
Customer: [NAME REDACTED], [NAME REDACTED]?
Agent: Yes.
Customer: Yes, I have everything.
Agent: [NAME REDACTED], I'm going to register the payment directly.
Customer: [NAME REDACTED],
Agent: I'm going to let you know once it's visualized.
Customer: Okay.
Agent: Okay.
Customer: We're going to register directly on the payment.
Agent: Okay.
Customer: So I'll call you when everything's ready.
Agent: I put what you gave me, and then down below there are discounts on the bill, I didn't know that.
Customer: Okay, how much did you pay her? $176,000, $173,000. $106,000, $173,000?
Agent: Yes.
Customer: There's the money.
Agent: I sent you the receipt of the house.
Customer: Okay, okay.
Agent: Okay.
Customer: No, because for $3,000, I wouldn't be able to lose everything.
Agent: Well, that's fine.
Customer: Well, that's fine.
Agent: Let me investigate directly and I'll call you, okay?
Customer: Yes, yes, yes.
Agent: Yes, I hope so.
Customer: One moment.",1757078926.92210.mp3,
10,80.0,90.0,Pass,No violation found in the conversation,,Provide more detailed information | Ask clarifying questions to ensure understanding,,Agent_05,100,Masked 36 Name(s),Audio,"Agent: ¿Cómo está, señor [NAME REDACTED]? ¿Le [NAME REDACTED]?
Customer: Sí, ya, dime. Le estoy llamando directamente. Ayer no pudo hacer [NAME REDACTED]. [NAME REDACTED].
Agent: Usted [NAME REDACTED], pero no se ha reflejado acá. ¿Ah? ¿Usted [NAME REDACTED]?
Customer: Sí, lo tengo y lo mandé en la foto.
Agent: Ok, pero directamente usted [NAME REDACTED] con la que usted trabajó con la señora [NAME REDACTED], ¿no?
Customer: Sí, sí.
Agent: Ok, entonces, ¿no se acuerda que conversamos para [NAME REDACTED]?
Customer: [NAME REDACTED], y ahí te mandé los 106 mil y tanto.
Agent: Ok, verifique qué cantidad usted envió.
Customer: por favor dame un segundo dame un segundo un segundo un segundo voy a ponerme los lentes ok así [NAME REDACTED] perdón eh 106.170 pesos no 173 ah señor eran 106.173 correcto correcto pero ahí ahí me descuentan tres pesos según la ley 20.000 y tanto porque yo yo hice el depósito de 106.173 pesos pero después yo le diré el código el código aquí tenemos cliente transacción identificación monto código identificador exacto ese es el código
Agent: Ok Usted debería colocar el valor exacto, señor. 106173. Por eso es que no se ha reflejado acá.
Customer: ¿Me puede [NAME REDACTED], por favor?
Agent: ¿Ah? ¿Me puede usted [NAME REDACTED]?
Customer: Voy a hacer lo posible por [NAME REDACTED], porque yo soy malo con estas cosas.
Agent: [NAME REDACTED] correo, por favor.
Customer: S s ayer te lo mand el que usted hizo en la la noche lo envi S lo envi [NAME REDACTED] a un lado un caballero que me hace un rec y yo no lo puedo hacer Él me [NAME REDACTED]. Ayer. Y eso fue temprano, [NAME REDACTED], como a las 6 y media por ahí.
Agent: Ok. Da un momentito, por favor.
Customer: A las 6, a las 6 de 9. A las 6 de 9 lo mandé.
Agent: Ok, denme un momentito, por favor.
Customer: [NAME REDACTED].
Agent: Un momento, ¿sí?
Customer: ¿[NAME REDACTED]?
Agent: [NAME REDACTED].
Customer: [NAME REDACTED].
Agent: Me acaba de llegar, ¿sí?
Customer: [NAME REDACTED]. [NAME REDACTED], yo no sabía que se descontaban tres pesos y que eran importantes ocho pesos. Uno le haría [NAME REDACTED].
Agent: No, es que tiene que ser el valor exactamente el mismo.
Customer: No, no, [NAME REDACTED], te digo, no sabía porque ahí me di cuenta que después abajo según la ley 20.956, me descontaron estos pesos, pero yo no los sabía, si no le habría [NAME REDACTED].
Agent: No, es que no puede [NAME REDACTED], tiene que ser el mismo valor que yo le indiqué, 16.173.
Customer: Si tú revisas el vale, dice 16.173, pero abajito dice, según la ley tanto, menos 3.
Agent: ¿Pero cuánto usted pagó?
Customer: 176.173.
Agent: ¿Pero cuánto usted pagó?
Customer: 176.173.
Agent: Y en el vale que te va a llegar ahí está eso.
Customer: Ok. Dame un momento.
Agent: Eso ponía yo.
Customer: Un momentito.
Agent: Revísale.
Customer: Revísalo, hermano.
Agent: Está el cliente, [NAME REDACTED], el código autorizado, la empresa, SACETIPAY CD convenio identificador monto la ley monto total tipo de deuda sus usan en el en el lugar y yo justo me pidió a la [NAME REDACTED] onda y me hizo la palencia porque aquí en Cajones difícil encontrar una casa de cima que te te acepte 50, 60 o 100
Customer: ¿[NAME REDACTED] pasa?
Agent: [NAME REDACTED].
Customer: Gracias
Agent: Thank you
Customer: One moment, okay?
Agent: Yeah.
Customer: Thank you.
Agent: Yes, I have it. It just arrived.
Customer: [NAME REDACTED], [NAME REDACTED]?
Agent: Yes.
Customer: Yes, I have everything.
Agent: [NAME REDACTED], I'm going to register the payment directly.
Customer: [NAME REDACTED],
Agent: I'm going to let you know once it's visualized.
Customer: Okay.
Agent: Okay.
Customer: We're going to register directly on the payment.
Agent: Okay.
Customer: So I'll call you when everything's ready.
Agent: I put what you gave me, and then down below there are discounts on the bill, I didn't know that.
Customer: Okay, how much did you pay her? $176,000, $173,000. $106,000, $173,000?
Agent: Yes.
Customer: There's the money.
Agent: I sent you the receipt of the house.
Customer: Okay, okay.
Agent: Okay.
Customer: No, because for $3,000, I wouldn't be able to lose everything.
Agent: Well, that's fine.
Customer: Well, that's fine.
Agent: Let me investigate directly and I'll call you, okay?
Customer: Yes, yes, yes.
Agent: Yes, I hope so.
Customer: One moment.",1757078926.92210.mp3,
11,20.0,80.0,Fail,"The agent did not follow proper protocol in handling customer information and failed to maintain a professional tone throughout the conversation, specifically by not fully redacting sensitive information and abruptly transitioning between topics.",Improper handling of sensitive customer information | Lack of clarity in communication,Fully redact sensitive customer information in the conversation | Improve communication clarity by providing step-by-step explanations of the process | Maintain a consistent and professional tone throughout the conversation,,Agent_05,100,Masked 36 Name(s),Audio,"Agent: ¿Cómo está, señor [NAME REDACTED]? ¿Le [NAME REDACTED]?
Customer: Sí, ya, dime. Le estoy llamando directamente. Ayer no pudo hacer [NAME REDACTED]. [NAME REDACTED].
Agent: Usted [NAME REDACTED], pero no se ha reflejado acá. ¿Ah? ¿Usted [NAME REDACTED]?
Customer: Sí, lo tengo y lo mandé en la foto.
Agent: Ok, pero directamente usted [NAME REDACTED] con la que usted trabajó con la señora [NAME REDACTED], ¿no?
Customer: Sí, sí.
Agent: Ok, entonces, ¿no se acuerda que conversamos para [NAME REDACTED]?
Customer: [NAME REDACTED], y ahí te mandé los 106 mil y tanto.
Agent: Ok, verifique qué cantidad usted envió.
Customer: por favor dame un segundo dame un segundo un segundo un segundo voy a ponerme los lentes ok así [NAME REDACTED] perdón eh 106.170 pesos no 173 ah señor eran 106.173 correcto correcto pero ahí ahí me descuentan tres pesos según la ley 20.000 y tanto porque yo yo hice el depósito de 106.173 pesos pero después yo le diré el código el código aquí tenemos cliente transacción identificación monto código identificador exacto ese es el código
Agent: Ok Usted debería colocar el valor exacto, señor. 106173. Por eso es que no se ha reflejado acá.
Customer: ¿Me puede [NAME REDACTED], por favor?
Agent: ¿Ah? ¿Me puede usted [NAME REDACTED]?
Customer: Voy a hacer lo posible por [NAME REDACTED], porque yo soy malo con estas cosas.
Agent: [NAME REDACTED] correo, por favor.
Customer: S s ayer te lo mand el que usted hizo en la la noche lo envi S lo envi [NAME REDACTED] a un lado un caballero que me hace un rec y yo no lo puedo hacer Él me [NAME REDACTED]. Ayer. Y eso fue temprano, [NAME REDACTED], como a las 6 y media por ahí.
Agent: Ok. Da un momentito, por favor.
Customer: A las 6, a las 6 de 9. A las 6 de 9 lo mandé.
Agent: Ok, denme un momentito, por favor.
Customer: [NAME REDACTED].
Agent: Un momento, ¿sí?
Customer: ¿[NAME REDACTED]?
Agent: [NAME REDACTED].
Customer: [NAME REDACTED].
Agent: Me acaba de llegar, ¿sí?
Customer: [NAME REDACTED]. [NAME REDACTED], yo no sabía que se descontaban tres pesos y que eran importantes ocho pesos. Uno le haría [NAME REDACTED].
Agent: No, es que tiene que ser el valor exactamente el mismo.
Customer: No, no, [NAME REDACTED], te digo, no sabía porque ahí me di cuenta que después abajo según la ley 20.956, me descontaron estos pesos, pero yo no los sabía, si no le habría [NAME REDACTED].
Agent: No, es que no puede [NAME REDACTED], tiene que ser el mismo valor que yo le indiqué, 16.173.
Customer: Si tú revisas el vale, dice 16.173, pero abajito dice, según la ley tanto, menos 3.
Agent: ¿Pero cuánto usted pagó?
Customer: 176.173.
Agent: ¿Pero cuánto usted pagó?
Customer: 176.173.
Agent: Y en el vale que te va a llegar ahí está eso.
Customer: Ok. Dame un momento.
Agent: Eso ponía yo.
Customer: Un momentito.
Agent: Revísale.
Customer: Revísalo, hermano.
Agent: Está el cliente, [NAME REDACTED], el código autorizado, la empresa, SACETIPAY CD convenio identificador monto la ley monto total tipo de deuda sus usan en el en el lugar y yo justo me pidió a la [NAME REDACTED] onda y me hizo la palencia porque aquí en Cajones difícil encontrar una casa de cima que te te acepte 50, 60 o 100
Customer: ¿[NAME REDACTED] pasa?
Agent: [NAME REDACTED].
Customer: Gracias
Agent: Thank you
Customer: One moment, okay?
Agent: Yeah.
Customer: Thank you.
Agent: Yes, I have it. It just arrived.
Customer: [NAME REDACTED], [NAME REDACTED]?
Agent: Yes.
Customer: Yes, I have everything.
Agent: [NAME REDACTED], I'm going to register the payment directly.
Customer: [NAME REDACTED],
Agent: I'm going to let you know once it's visualized.
Customer: Okay.
Agent: Okay.
Customer: We're going to register directly on the payment.
Agent: Okay.
Customer: So I'll call you when everything's ready.
Agent: I put what you gave me, and then down below there are discounts on the bill, I didn't know that.
Customer: Okay, how much did you pay her? $176,000, $173,000. $106,000, $173,000?
Agent: Yes.
Customer: There's the money.
Agent: I sent you the receipt of the house.
Customer: Okay, okay.
Agent: Okay.
Customer: No, because for $3,000, I wouldn't be able to lose everything.
Agent: Well, that's fine.
Customer: Well, that's fine.
Agent: Let me investigate directly and I'll call you, okay?
Customer: Yes, yes, yes.
Agent: Yes, I hope so.
Customer: One moment.",1757078926.92210.mp3,
12,20.0,80.0,Pass,No specific policy violations or sensitive information discussed,,Ask open-ended questions to gather more information about the customer's needs | Provide more detailed explanations or guidance on the registration process,,Agent_05,100,Masked 36 Name(s),Audio,"Agent: ¿Cómo está, señor [NAME REDACTED]? ¿Le [NAME REDACTED]?
Customer: Sí, ya, dime. Le estoy llamando directamente. Ayer no pudo hacer [NAME REDACTED]. [NAME REDACTED].
Agent: Usted [NAME REDACTED], pero no se ha reflejado acá. ¿Ah? ¿Usted [NAME REDACTED]?
Customer: Sí, lo tengo y lo mandé en la foto.
Agent: Ok, pero directamente usted [NAME REDACTED] con la que usted trabajó con la señora [NAME REDACTED], ¿no?
Customer: Sí, sí.
Agent: Ok, entonces, ¿no se acuerda que conversamos para [NAME REDACTED]?
Customer: [NAME REDACTED], y ahí te mandé los 106 mil y tanto.
Agent: Ok, verifique qué cantidad usted envió.
Customer: por favor dame un segundo dame un segundo un segundo un segundo voy a ponerme los lentes ok así [NAME REDACTED] perdón eh 106.170 pesos no 173 ah señor eran 106.173 correcto correcto pero ahí ahí me descuentan tres pesos según la ley 20.000 y tanto porque yo yo hice el depósito de 106.173 pesos pero después yo le diré el código el código aquí tenemos cliente transacción identificación monto código identificador exacto ese es el código
Agent: Ok Usted debería colocar el valor exacto, señor. 106173. Por eso es que no se ha reflejado acá.
Customer: ¿Me puede [NAME REDACTED], por favor?
Agent: ¿Ah? ¿Me puede usted [NAME REDACTED]?
Customer: Voy a hacer lo posible por [NAME REDACTED], porque yo soy malo con estas cosas.
Agent: [NAME REDACTED] correo, por favor.
Customer: S s ayer te lo mand el que usted hizo en la la noche lo envi S lo envi [NAME REDACTED] a un lado un caballero que me hace un rec y yo no lo puedo hacer Él me [NAME REDACTED]. Ayer. Y eso fue temprano, [NAME REDACTED], como a las 6 y media por ahí.
Agent: Ok. Da un momentito, por favor.
Customer: A las 6, a las 6 de 9. A las 6 de 9 lo mandé.
Agent: Ok, denme un momentito, por favor.
Customer: [NAME REDACTED].
Agent: Un momento, ¿sí?
Customer: ¿[NAME REDACTED]?
Agent: [NAME REDACTED].
Customer: [NAME REDACTED].
Agent: Me acaba de llegar, ¿sí?
Customer: [NAME REDACTED]. [NAME REDACTED], yo no sabía que se descontaban tres pesos y que eran importantes ocho pesos. Uno le haría [NAME REDACTED].
Agent: No, es que tiene que ser el valor exactamente el mismo.
Customer: No, no, [NAME REDACTED], te digo, no sabía porque ahí me di cuenta que después abajo según la ley 20.956, me descontaron estos pesos, pero yo no los sabía, si no le habría [NAME REDACTED].
Agent: No, es que no puede [NAME REDACTED], tiene que ser el mismo valor que yo le indiqué, 16.173.
Customer: Si tú revisas el vale, dice 16.173, pero abajito dice, según la ley tanto, menos 3.
Agent: ¿Pero cuánto usted pagó?
Customer: 176.173.
Agent: ¿Pero cuánto usted pagó?
Customer: 176.173.
Agent: Y en el vale que te va a llegar ahí está eso.
Customer: Ok. Dame un momento.
Agent: Eso ponía yo.
Customer: Un momentito.
Agent: Revísale.
Customer: Revísalo, hermano.
Agent: Está el cliente, [NAME REDACTED], el código autorizado, la empresa, SACETIPAY CD convenio identificador monto la ley monto total tipo de deuda sus usan en el en el lugar y yo justo me pidió a la [NAME REDACTED] onda y me hizo la palencia porque aquí en Cajones difícil encontrar una casa de cima que te te acepte 50, 60 o 100
Customer: ¿[NAME REDACTED] pasa?
Agent: [NAME REDACTED].
Customer: Gracias
Agent: Thank you
Customer: One moment, okay?
Agent: Yeah.
Customer: Thank you.
Agent: Yes, I have it. It just arrived.
Customer: [NAME REDACTED], [NAME REDACTED]?
Agent: Yes.
Customer: Yes, I have everything.
Agent: [NAME REDACTED], I'm going to register the payment directly.
Customer: [NAME REDACTED],
Agent: I'm going to let you know once it's visualized.
Customer: Okay.
Agent: Okay.
Customer: We're going to register directly on the payment.
Agent: Okay.
Customer: So I'll call you when everything's ready.
Agent: I put what you gave me, and then down below there are discounts on the bill, I didn't know that.
Customer: Okay, how much did you pay her? $176,000, $173,000. $106,000, $173,000?
Agent: Yes.
Customer: There's the money.
Agent: I sent you the receipt of the house.
Customer: Okay, okay.
Agent: Okay.
Customer: No, because for $3,000, I wouldn't be able to lose everything.
Agent: Well, that's fine.
Customer: Well, that's fine.
Agent: Let me investigate directly and I'll call you, okay?
Customer: Yes, yes, yes.
Agent: Yes, I hope so.
Customer: One moment.",1757078926.92210.mp3,
13,20.0,80.0,Fail,"The conversation lacks clarity and context, with the agent and customer discussing unclear topics and large sums of money without proper explanation or verification.",Lack of clear communication | Unclear financial transactions | Insufficient verification of information,Provide clear and concise information | Verify financial transactions and ensure transparency | Use secure and reliable methods for sharing sensitive information,,Agent_05,100,Masked 36 Name(s),Audio,"Agent: ¿Cómo está, señor [NAME REDACTED]? ¿Le [NAME REDACTED]?
Customer: Sí, ya, dime. Le estoy llamando directamente. Ayer no pudo hacer [NAME REDACTED]. [NAME REDACTED].
Agent: Usted [NAME REDACTED], pero no se ha reflejado acá. ¿Ah? ¿Usted [NAME REDACTED]?
Customer: Sí, lo tengo y lo mandé en la foto.
Agent: Ok, pero directamente usted [NAME REDACTED] con la que usted trabajó con la señora [NAME REDACTED], ¿no?
Customer: Sí, sí.
Agent: Ok, entonces, ¿no se acuerda que conversamos para [NAME REDACTED]?
Customer: [NAME REDACTED], y ahí te mandé los 106 mil y tanto.
Agent: Ok, verifique qué cantidad usted envió.
Customer: por favor dame un segundo dame un segundo un segundo un segundo voy a ponerme los lentes ok así [NAME REDACTED] perdón eh 106.170 pesos no 173 ah señor eran 106.173 correcto correcto pero ahí ahí me descuentan tres pesos según la ley 20.000 y tanto porque yo yo hice el depósito de 106.173 pesos pero después yo le diré el código el código aquí tenemos cliente transacción identificación monto código identificador exacto ese es el código
Agent: Ok Usted debería colocar el valor exacto, señor. 106173. Por eso es que no se ha reflejado acá.
Customer: ¿Me puede [NAME REDACTED], por favor?
Agent: ¿Ah? ¿Me puede usted [NAME REDACTED]?
Customer: Voy a hacer lo posible por [NAME REDACTED], porque yo soy malo con estas cosas.
Agent: [NAME REDACTED] correo, por favor.
Customer: S s ayer te lo mand el que usted hizo en la la noche lo envi S lo envi [NAME REDACTED] a un lado un caballero que me hace un rec y yo no lo puedo hacer Él me [NAME REDACTED]. Ayer. Y eso fue temprano, [NAME REDACTED], como a las 6 y media por ahí.
Agent: Ok. Da un momentito, por favor.
Customer: A las 6, a las 6 de 9. A las 6 de 9 lo mandé.
Agent: Ok, denme un momentito, por favor.
Customer: [NAME REDACTED].
Agent: Un momento, ¿sí?
Customer: ¿[NAME REDACTED]?
Agent: [NAME REDACTED].
Customer: [NAME REDACTED].
Agent: Me acaba de llegar, ¿sí?
Customer: [NAME REDACTED]. [NAME REDACTED], yo no sabía que se descontaban tres pesos y que eran importantes ocho pesos. Uno le haría [NAME REDACTED].
Agent: No, es que tiene que ser el valor exactamente el mismo.
Customer: No, no, [NAME REDACTED], te digo, no sabía porque ahí me di cuenta que después abajo según la ley 20.956, me descontaron estos pesos, pero yo no los sabía, si no le habría [NAME REDACTED].
Agent: No, es que no puede [NAME REDACTED], tiene que ser el mismo valor que yo le indiqué, 16.173.
Customer: Si tú revisas el vale, dice 16.173, pero abajito dice, según la ley tanto, menos 3.
Agent: ¿Pero cuánto usted pagó?
Customer: 176.173.
Agent: ¿Pero cuánto usted pagó?
Customer: 176.173.
Agent: Y en el vale que te va a llegar ahí está eso.
Customer: Ok. Dame un momento.
Agent: Eso ponía yo.
Customer: Un momentito.
Agent: Revísale.
Customer: Revísalo, hermano.
Agent: Está el cliente, [NAME REDACTED], el código autorizado, la empresa, SACETIPAY CD convenio identificador monto la ley monto total tipo de deuda sus usan en el en el lugar y yo justo me pidió a la [NAME REDACTED] onda y me hizo la palencia porque aquí en Cajones difícil encontrar una casa de cima que te te acepte 50, 60 o 100
Customer: ¿[NAME REDACTED] pasa?
Agent: [NAME REDACTED].
Customer: Gracias
Agent: Thank you
Customer: One moment, okay?
Agent: Yeah.
Customer: Thank you.
Agent: Yes, I have it. It just arrived.
Customer: [NAME REDACTED], [NAME REDACTED]?
Agent: Yes.
Customer: Yes, I have everything.
Agent: [NAME REDACTED], I'm going to register the payment directly.
Customer: [NAME REDACTED],
Agent: I'm going to let you know once it's visualized.
Customer: Okay.
Agent: Okay.
Customer: We're going to register directly on the payment.
Agent: Okay.
Customer: So I'll call you when everything's ready.
Agent: I put what you gave me, and then down below there are discounts on the bill, I didn't know that.
Customer: Okay, how much did you pay her? $176,000, $173,000. $106,000, $173,000?
Agent: Yes.
Customer: There's the money.
Agent: I sent you the receipt of the house.
Customer: Okay, okay.
Agent: Okay.
Customer: No, because for $3,000, I wouldn't be able to lose everything.
Agent: Well, that's fine.
Customer: Well, that's fine.
Agent: Let me investigate directly and I'll call you, okay?
Customer: Yes, yes, yes.
Agent: Yes, I hope so.
Customer: One moment.",1757078926.92210.mp3,
14,20.0,80.0,Fail,"The agent did not address the customer's concerns or provide a solution to their problem, and the conversation appears to be unproductive and lacking in empathy.",Lack of active listening | Inadequate problem-solving | Unprofessional tone,Use reflective listening to understand the customer's concerns | Provide a clear solution or alternative to the customer's problem | Maintain a professional and empathetic tone throughout the conversation,,Agent_05,100,Masked 36 Name(s),Audio,"Agent: ¿Cómo está, señor [NAME REDACTED]? ¿Le [NAME REDACTED]?
Customer: Sí, ya, dime. Le estoy llamando directamente. Ayer no pudo hacer [NAME REDACTED]. [NAME REDACTED].
Agent: Usted [NAME REDACTED], pero no se ha reflejado acá. ¿Ah? ¿Usted [NAME REDACTED]?
Customer: Sí, lo tengo y lo mandé en la foto.
Agent: Ok, pero directamente usted [NAME REDACTED] con la que usted trabajó con la señora [NAME REDACTED], ¿no?
Customer: Sí, sí.
Agent: Ok, entonces, ¿no se acuerda que conversamos para [NAME REDACTED]?
Customer: [NAME REDACTED], y ahí te mandé los 106 mil y tanto.
Agent: Ok, verifique qué cantidad usted envió.
Customer: por favor dame un segundo dame un segundo un segundo un segundo voy a ponerme los lentes ok así [NAME REDACTED] perdón eh 106.170 pesos no 173 ah señor eran 106.173 correcto correcto pero ahí ahí me descuentan tres pesos según la ley 20.000 y tanto porque yo yo hice el depósito de 106.173 pesos pero después yo le diré el código el código aquí tenemos cliente transacción identificación monto código identificador exacto ese es el código
Agent: Ok Usted debería colocar el valor exacto, señor. 106173. Por eso es que no se ha reflejado acá.
Customer: ¿Me puede [NAME REDACTED], por favor?
Agent: ¿Ah? ¿Me puede usted [NAME REDACTED]?
Customer: Voy a hacer lo posible por [NAME REDACTED], porque yo soy malo con estas cosas.
Agent: [NAME REDACTED] correo, por favor.
Customer: S s ayer te lo mand el que usted hizo en la la noche lo envi S lo envi [NAME REDACTED] a un lado un caballero que me hace un rec y yo no lo puedo hacer Él me [NAME REDACTED]. Ayer. Y eso fue temprano, [NAME REDACTED], como a las 6 y media por ahí.
Agent: Ok. Da un momentito, por favor.
Customer: A las 6, a las 6 de 9. A las 6 de 9 lo mandé.
Agent: Ok, denme un momentito, por favor.
Customer: [NAME REDACTED].
Agent: Un momento, ¿sí?
Customer: ¿[NAME REDACTED]?
Agent: [NAME REDACTED].
Customer: [NAME REDACTED].
Agent: Me acaba de llegar, ¿sí?
Customer: [NAME REDACTED]. [NAME REDACTED], yo no sabía que se descontaban tres pesos y que eran importantes ocho pesos. Uno le haría [NAME REDACTED].
Agent: No, es que tiene que ser el valor exactamente el mismo.
Customer: No, no, [NAME REDACTED], te digo, no sabía porque ahí me di cuenta que después abajo según la ley 20.956, me descontaron estos pesos, pero yo no los sabía, si no le habría [NAME REDACTED].
Agent: No, es que no puede [NAME REDACTED], tiene que ser el mismo valor que yo le indiqué, 16.173.
Customer: Si tú revisas el vale, dice 16.173, pero abajito dice, según la ley tanto, menos 3.
Agent: ¿Pero cuánto usted pagó?
Customer: 176.173.
Agent: ¿Pero cuánto usted pagó?
Customer: 176.173.
Agent: Y en el vale que te va a llegar ahí está eso.
Customer: Ok. Dame un momento.
Agent: Eso ponía yo.
Customer: Un momentito.
Agent: Revísale.
Customer: Revísalo, hermano.
Agent: Está el cliente, [NAME REDACTED], el código autorizado, la empresa, SACETIPAY CD convenio identificador monto la ley monto total tipo de deuda sus usan en el en el lugar y yo justo me pidió a la [NAME REDACTED] onda y me hizo la palencia porque aquí en Cajones difícil encontrar una casa de cima que te te acepte 50, 60 o 100
Customer: ¿[NAME REDACTED] pasa?
Agent: [NAME REDACTED].
Customer: Gracias
Agent: Thank you
Customer: One moment, okay?
Agent: Yeah.
Customer: Thank you.
Agent: Yes, I have it. It just arrived.
Customer: [NAME REDACTED], [NAME REDACTED]?
Agent: Yes.
Customer: Yes, I have everything.
Agent: [NAME REDACTED], I'm going to register the payment directly.
Customer: [NAME REDACTED],
Agent: I'm going to let you know once it's visualized.
Customer: Okay.
Agent: Okay.
Customer: We're going to register directly on the payment.
Agent: Okay.
Customer: So I'll call you when everything's ready.
Agent: I put what you gave me, and then down below there are discounts on the bill, I didn't know that.
Customer: Okay, how much did you pay her? $176,000, $173,000. $106,000, $173,000?
Agent: Yes.
Customer: There's the money.
Agent: I sent you the receipt of the house.
Customer: Okay, okay.
Agent: Okay.
Customer: No, because for $3,000, I wouldn't be able to lose everything.
Agent: Well, that's fine.
Customer: Well, that's fine.
Agent: Let me investigate directly and I'll call you, okay?
Customer: Yes, yes, yes.
Agent: Yes, I hope so.
Customer: One moment.",1757078926.92210.mp3,
15,80.0,90.0,Pass,No specific policy violations were identified in the provided conversation.,,Provide a clear resolution or update on the issue being investigated | Confirm customer understanding before proceeding with the next steps,,Agent_05,100,Masked 36 Name(s),Audio,"Agent: ¿Cómo está, señor [NAME REDACTED]? ¿Le [NAME REDACTED]?
Customer: Sí, ya, dime. Le estoy llamando directamente. Ayer no pudo hacer [NAME REDACTED]. [NAME REDACTED].
Agent: Usted [NAME REDACTED], pero no se ha reflejado acá. ¿Ah? ¿Usted [NAME REDACTED]?
Customer: Sí, lo tengo y lo mandé en la foto.
Agent: Ok, pero directamente usted [NAME REDACTED] con la que usted trabajó con la señora [NAME REDACTED], ¿no?
Customer: Sí, sí.
Agent: Ok, entonces, ¿no se acuerda que conversamos para [NAME REDACTED]?
Customer: [NAME REDACTED], y ahí te mandé los 106 mil y tanto.
Agent: Ok, verifique qué cantidad usted envió.
Customer: por favor dame un segundo dame un segundo un segundo un segundo voy a ponerme los lentes ok así [NAME REDACTED] perdón eh 106.170 pesos no 173 ah señor eran 106.173 correcto correcto pero ahí ahí me descuentan tres pesos según la ley 20.000 y tanto porque yo yo hice el depósito de 106.173 pesos pero después yo le diré el código el código aquí tenemos cliente transacción identificación monto código identificador exacto ese es el código
Agent: Ok Usted debería colocar el valor exacto, señor. 106173. Por eso es que no se ha reflejado acá.
Customer: ¿Me puede [NAME REDACTED], por favor?
Agent: ¿Ah? ¿Me puede usted [NAME REDACTED]?
Customer: Voy a hacer lo posible por [NAME REDACTED], porque yo soy malo con estas cosas.
Agent: [NAME REDACTED] correo, por favor.
Customer: S s ayer te lo mand el que usted hizo en la la noche lo envi S lo envi [NAME REDACTED] a un lado un caballero que me hace un rec y yo no lo puedo hacer Él me [NAME REDACTED]. Ayer. Y eso fue temprano, [NAME REDACTED], como a las 6 y media por ahí.
Agent: Ok. Da un momentito, por favor.
Customer: A las 6, a las 6 de 9. A las 6 de 9 lo mandé.
Agent: Ok, denme un momentito, por favor.
Customer: [NAME REDACTED].
Agent: Un momento, ¿sí?
Customer: ¿[NAME REDACTED]?
Agent: [NAME REDACTED].
Customer: [NAME REDACTED].
Agent: Me acaba de llegar, ¿sí?
Customer: [NAME REDACTED]. [NAME REDACTED], yo no sabía que se descontaban tres pesos y que eran importantes ocho pesos. Uno le haría [NAME REDACTED].
Agent: No, es que tiene que ser el valor exactamente el mismo.
Customer: No, no, [NAME REDACTED], te digo, no sabía porque ahí me di cuenta que después abajo según la ley 20.956, me descontaron estos pesos, pero yo no los sabía, si no le habría [NAME REDACTED].
Agent: No, es que no puede [NAME REDACTED], tiene que ser el mismo valor que yo le indiqué, 16.173.
Customer: Si tú revisas el vale, dice 16.173, pero abajito dice, según la ley tanto, menos 3.
Agent: ¿Pero cuánto usted pagó?
Customer: 176.173.
Agent: ¿Pero cuánto usted pagó?
Customer: 176.173.
Agent: Y en el vale que te va a llegar ahí está eso.
Customer: Ok. Dame un momento.
Agent: Eso ponía yo.
Customer: Un momentito.
Agent: Revísale.
Customer: Revísalo, hermano.
Agent: Está el cliente, [NAME REDACTED], el código autorizado, la empresa, SACETIPAY CD convenio identificador monto la ley monto total tipo de deuda sus usan en el en el lugar y yo justo me pidió a la [NAME REDACTED] onda y me hizo la palencia porque aquí en Cajones difícil encontrar una casa de cima que te te acepte 50, 60 o 100
Customer: ¿[NAME REDACTED] pasa?
Agent: [NAME REDACTED].
Customer: Gracias
Agent: Thank you
Customer: One moment, okay?
Agent: Yeah.
Customer: Thank you.
Agent: Yes, I have it. It just arrived.
Customer: [NAME REDACTED], [NAME REDACTED]?
Agent: Yes.
Customer: Yes, I have everything.
Agent: [NAME REDACTED], I'm going to register the payment directly.
Customer: [NAME REDACTED],
Agent: I'm going to let you know once it's visualized.
Customer: Okay.
Agent: Okay.
Customer: We're going to register directly on the payment.
Agent: Okay.
Customer: So I'll call you when everything's ready.
Agent: I put what you gave me, and then down below there are discounts on the bill, I didn't know that.
Customer: Okay, how much did you pay her? $176,000, $173,000. $106,000, $173,000?
Agent: Yes.
Customer: There's the money.
Agent: I sent you the receipt of the house.
Customer: Okay, okay.
Agent: Okay.
Customer: No, because for $3,000, I wouldn't be able to lose everything.
Agent: Well, that's fine.
Customer: Well, that's fine.
Agent: Let me investigate directly and I'll call you, okay?
Customer: Yes, yes, yes.
Agent: Yes, I hope so.
Customer: One moment.",1757078926.92210.mp3,
FINAL,41.333333333333336,74.66666666666667,FAIL,Final average scores,Lack of active listening | Using colloquial expressions | Improper handling of sensitive customer information | Unclear financial transactions | Insufficient verification of information | Inadequate problem-solving | Inadequate problem solving | Inadequate empathy and understanding | Lack of clear and concise communication | Potential breach of confidentiality | Lack of formal greeting | Unprofessional tone | Lack of clear communication | Discussion of unrelated personal information | Lack of clarity in communication | Insufficient empathy towards customer's frustration | Insufficient customer support | Not providing a clear solution,Offer a solution or alternative to address the customer's problem | Ask clarifying questions to understand the customer's concern | Provide more detailed information to the customer | Maintain a professional and empathetic tone throughout the conversation | Maintain confidentiality by avoiding the use of sensitive information | The agent should ensure all customer concerns are addressed before closing the conversation | Provide clear and concise solutions to customer inquiries | Maintain a professional tone throughout the conversation | Use formal language when interacting with customers | Improve active listening skills by paraphrasing the customer's concerns | Provide a clear and concise response to the customer's issue | Provide clear resolutions or next steps for the customer's issue | Avoid using slang or colloquial expressions | Confirm customer understanding before proceeding with the next steps | Improve communication clarity by providing step-by-step explanations of the process | Avoid using phrases that may come across as dismissive or unclear | Provide a clear solution or alternative to the customer's problem | Ask clarifying questions to ensure understanding | Acknowledge customer's concern and provide clear explanation of the discount | Focus on providing relevant and concise information to the customer | Provide a clear and concise solution to the customer's issue | Avoid discussing personal or sensitive information unless directly relevant to the task | Maintain a consistent and professional tone throughout the conversation | The conversation could be improved by the agent providing a clear summary of the transaction and the amount in question | Provide more detailed explanations or guidance on the registration process | Provide clear and concise information | Use secure and reliable methods for sharing sensitive information | Provide a clear resolution or update on the issue being investigated | Practice active listening to understand customer concerns | Verify financial transactions and ensure transparency | Maintain a more personal connection by using the customer's name | Ask open-ended questions to gather more information about the customer's needs | Demonstrate active listening and empathy to resolve customer issues effectively | Offer additional support or resources to resolve customer issues | Provide more detailed information | The agent could have shown more empathy by acknowledging the customer's struggle to remember details | Show empathy towards customer's frustration and offer assistance to resolve the issue | Use more empathetic language to connect with the customer | Use reflective listening to understand the customer's concerns | Fully redact sensitive customer information in the conversation,,Agent_05,100,Masked 36 Name(s),Audio,"Agent: ¿Cómo está, señor [NAME REDACTED]? ¿Le [NAME REDACTED]?
Customer: Sí, ya, dime. Le estoy llamando directamente. Ayer no pudo hacer [NAME REDACTED]. [NAME REDACTED].
Agent: Usted [NAME REDACTED], pero no se ha reflejado acá. ¿Ah? ¿Usted [NAME REDACTED]?
Customer: Sí, lo tengo y lo mandé en la foto.
Agent: Ok, pero directamente usted [NAME REDACTED] con la que usted trabajó con la señora [NAME REDACTED], ¿no?
Customer: Sí, sí.
Agent: Ok, entonces, ¿no se acuerda que conversamos para [NAME REDACTED]?
Customer: [NAME REDACTED], y ahí te mandé los 106 mil y tanto.
Agent: Ok, verifique qué cantidad usted envió.
Customer: por favor dame un segundo dame un segundo un segundo un segundo voy a ponerme los lentes ok así [NAME REDACTED] perdón eh 106.170 pesos no 173 ah señor eran 106.173 correcto correcto pero ahí ahí me descuentan tres pesos según la ley 20.000 y tanto porque yo yo hice el depósito de 106.173 pesos pero después yo le diré el código el código aquí tenemos cliente transacción identificación monto código identificador exacto ese es el código
Agent: Ok Usted debería colocar el valor exacto, señor. 106173. Por eso es que no se ha reflejado acá.
Customer: ¿Me puede [NAME REDACTED], por favor?
Agent: ¿Ah? ¿Me puede usted [NAME REDACTED]?
Customer: Voy a hacer lo posible por [NAME REDACTED], porque yo soy malo con estas cosas.
Agent: [NAME REDACTED] correo, por favor.
Customer: S s ayer te lo mand el que usted hizo en la la noche lo envi S lo envi [NAME REDACTED] a un lado un caballero que me hace un rec y yo no lo puedo hacer Él me [NAME REDACTED]. Ayer. Y eso fue temprano, [NAME REDACTED], como a las 6 y media por ahí.
Agent: Ok. Da un momentito, por favor.
Customer: A las 6, a las 6 de 9. A las 6 de 9 lo mandé.
Agent: Ok, denme un momentito, por favor.
Customer: [NAME REDACTED].
Agent: Un momento, ¿sí?
Customer: ¿[NAME REDACTED]?
Agent: [NAME REDACTED].
Customer: [NAME REDACTED].
Agent: Me acaba de llegar, ¿sí?
Customer: [NAME REDACTED]. [NAME REDACTED], yo no sabía que se descontaban tres pesos y que eran importantes ocho pesos. Uno le haría [NAME REDACTED].
Agent: No, es que tiene que ser el valor exactamente el mismo.
Customer: No, no, [NAME REDACTED], te digo, no sabía porque ahí me di cuenta que después abajo según la ley 20.956, me descontaron estos pesos, pero yo no los sabía, si no le habría [NAME REDACTED].
Agent: No, es que no puede [NAME REDACTED], tiene que ser el mismo valor que yo le indiqué, 16.173.
Customer: Si tú revisas el vale, dice 16.173, pero abajito dice, según la ley tanto, menos 3.
Agent: ¿Pero cuánto usted pagó?
Customer: 176.173.
Agent: ¿Pero cuánto usted pagó?
Customer: 176.173.
Agent: Y en el vale que te va a llegar ahí está eso.
Customer: Ok. Dame un momento.
Agent: Eso ponía yo.
Customer: Un momentito.
Agent: Revísale.
Customer: Revísalo, hermano.
Agent: Está el cliente, [NAME REDACTED], el código autorizado, la empresa, SACETIPAY CD convenio identificador monto la ley monto total tipo de deuda sus usan en el en el lugar y yo justo me pidió a la [NAME REDACTED] onda y me hizo la palencia porque aquí en Cajones difícil encontrar una casa de cima que te te acepte 50, 60 o 100
Customer: ¿[NAME REDACTED] pasa?
Agent: [NAME REDACTED].
Customer: Gracias
Agent: Thank you
Customer: One moment, okay?
Agent: Yeah.
Customer: Thank you.
Agent: Yes, I have it. It just arrived.
Customer: [NAME REDACTED], [NAME REDACTED]?
Agent: Yes.
Customer: Yes, I have everything.
Agent: [NAME REDACTED], I'm going to register the payment directly.
Customer: [NAME REDACTED],
Agent: I'm going to let you know once it's visualized.
Customer: Okay.
Agent: Okay.
Customer: We're going to register directly on the payment.
Agent: Okay.
Customer: So I'll call you when everything's ready.
Agent: I put what you gave me, and then down below there are discounts on the bill, I didn't know that.
Customer: Okay, how much did you pay her? $176,000, $173,000. $106,000, $173,000?
Agent: Yes.
Customer: There's the money.
Agent: I sent you the receipt of the house.
Customer: Okay, okay.
Agent: Okay.
Customer: No, because for $3,000, I wouldn't be able to lose everything.
Agent: Well, that's fine.
Customer: Well, that's fine.
Agent: Let me investigate directly and I'll call you, okay?
Customer: Yes, yes, yes.
Agent: Yes, I hope so.
Customer: One moment.",1757078926.92210.mp3,
EMAIL,20.0,80.0,Warn,"Lack of personalization and empathy in the automated email response, and absence of clear instructions or support contact information beyond a general email address",Insufficient customer support information|Lack of personal touch in automated response,"Include a personalized greeting or acknowledgement|Provide clear instructions on what to expect next or how to track orders|Offer a direct contact method for customer support, such as a phone number or live chat option|Consider adding a brief statement expressing appreciation for the customer's business or looking forward to serving them","{""empathy"": 20, ""professionalism"": 80, ""compliance"": ""Warn"", ""reason"": ""Lack of personalization and empathy in the automated email response, and absence of clear instructions or support contact information beyond a general email address"", ""violations"": [""Insufficient customer support information"", ""Lack of personal touch in automated response""], ""suggestions"": [""Include a personalized greeting or acknowledgement"", ""Provide clear instructions on what to expect next or how to track orders"", ""Offer a direct contact method for customer support, such as a phone number or live chat option"", ""Consider adding a brief statement expressing appreciation for the customer's business or looking forward to serving them""]}",Agent_05,100,Masked 1 Mobile Number(s) | Masked 3 Email Address(es) | Masked 1 Name(s),Email,"Dear Akshayaa M,

Thank you for your order. You will receive an email confirmation.


Your Order No: DSL20260227746

Payment Id: [MOBILE REDACTED]

Billing Email Id: [EMAIL REDACTED]

Shipping Method: Delivery via Email

Payment Mode: UPI

Exam Name	Total Price
OCP – [NAME REDACTED]17 Developer	₹ 7500.00
GST-	₹ 1350.00
Grand Total-	₹ 8850.00



(If you have any question, just reply to [EMAIL REDACTED])


Regards,
D Succeed Learners Team

D Succeed Learners
Email: [EMAIL REDACTED]


© 2025 | D Succeed Learners | All Rights Reserved.",Email_Browser_20260312_171800,
FINAL,20.0,80.0,Warn,"Lack of personalization and empathy in the automated email response, and absence of clear instructions or support contact information beyond a general email address",Insufficient customer support information|Lack of personal touch in automated response,"Include a personalized greeting or acknowledgement|Provide clear instructions on what to expect next or how to track orders|Offer a direct contact method for customer support, such as a phone number or live chat option|Consider adding a brief statement expressing appreciation for the customer's business or looking forward to serving them","{""empathy"": 20, ""professionalism"": 80, ""compliance"": ""Warn"", ""reason"": ""Lack of personalization and empathy in the automated email response, and absence of clear instructions or support contact information beyond a general email address"", ""violations"": [""Insufficient customer support information"", ""Lack of personal touch in automated response""], ""suggestions"": [""Include a personalized greeting or acknowledgement"", ""Provide clear instructions on what to expect next or how to track orders"", ""Offer a direct contact method for customer support, such as a phone number or live chat option"", ""Consider adding a brief statement expressing appreciation for the customer's business or looking forward to serving them""]}",Agent_05,100,Masked 1 Mobile Number(s) | Masked 3 Email Address(es) | Masked 1 Name(s),Email,"Dear Akshayaa M,

Thank you for your order. You will receive an email confirmation.


Your Order No: DSL20260227746

Payment Id: [MOBILE REDACTED]

Billing Email Id: [EMAIL REDACTED]

Shipping Method: Delivery via Email

Payment Mode: UPI

Exam Name	Total Price
OCP – [NAME REDACTED]17 Developer	₹ 7500.00
GST-	₹ 1350.00
Grand Total-	₹ 8850.00



(If you have any question, just reply to [EMAIL REDACTED])


Regards,
D Succeed Learners Team

D Succeed Learners
Email: [EMAIL REDACTED]


© 2025 | D Succeed Learners | All Rights Reserved.",Email_Browser_20260312_171800,
EMAIL,20.0,40.0,Fail,"The email lacks proper grammar, spelling, and greetings, and does not provide a clear solution or assistance to the customer.",Unprofessional greeting|Lack of clarity in the response|Insufficient assistance provided,Use proper grammar and spelling|Provide a clear and concise solution to the customer's issue|Use a professional greeting and closing|Ensure the response is helpful and addresses the customer's concern,"{""empathy"": 20, ""professionalism"": 40, ""compliance"": ""Fail"", ""reason"": ""The email lacks proper grammar, spelling, and greetings, and does not provide a clear solution or assistance to the customer."", ""violations"": [""Unprofessional greeting"", ""Lack of clarity in the response"", ""Insufficient assistance provided""], ""suggestions"": [""Use proper grammar and spelling"", ""Provide a clear and concise solution to the customer's issue"", ""Use a professional greeting and closing"", ""Ensure the response is helpful and addresses the customer's concern""]}",Agent_05,100,Masked 1 Name(s),Email,[NAME REDACTED] sir how may i help you,Email_Manual_20260312_171836,
FINAL,20.0,40.0,Fail,"The email lacks proper grammar, spelling, and greetings, and does not provide a clear solution or assistance to the customer.",Unprofessional greeting|Lack of clarity in the response|Insufficient assistance provided,Use proper grammar and spelling|Provide a clear and concise solution to the customer's issue|Use a professional greeting and closing|Ensure the response is helpful and addresses the customer's concern,"{""empathy"": 20, ""professionalism"": 40, ""compliance"": ""Fail"", ""reason"": ""The email lacks proper grammar, spelling, and greetings, and does not provide a clear solution or assistance to the customer."", ""violations"": [""Unprofessional greeting"", ""Lack of clarity in the response"", ""Insufficient assistance provided""], ""suggestions"": [""Use proper grammar and spelling"", ""Provide a clear and concise solution to the customer's issue"", ""Use a professional greeting and closing"", ""Ensure the response is helpful and addresses the customer's concern""]}",Agent_05,100,Masked 1 Name(s),Email,[NAME REDACTED] sir how may i help you,Email_Manual_20260312_171836,
EMAIL,20.0,40.0,Fail,"The email lacks proper greeting, spelling, and grammar. It does not provide clear assistance or solutions.",Lack of formal greeting|Informal language|Spelling mistakes|Insufficient assistance,Use a formal greeting|Improve spelling and grammar|Provide clear solutions or guidance|Demonstrate empathy towards the customer's issue,"{""empathy"": 20, ""professionalism"": 40, ""compliance"": ""Fail"", ""reason"": ""The email lacks proper greeting, spelling, and grammar. It does not provide clear assistance or solutions."", ""violations"": [""Lack of formal greeting"", ""Informal language"", ""Spelling mistakes"", ""Insufficient assistance""], ""suggestions"": [""Use a formal greeting"", ""Improve spelling and grammar"", ""Provide clear solutions or guidance"", ""Demonstrate empathy towards the customer's issue""]}",Agent_05,100,Masked 1 Name(s),Email,[NAME REDACTED] sir how may i help you,Email_Manual_20260312_171850,
FINAL,20.0,40.0,Fail,"The email lacks proper greeting, spelling, and grammar. It does not provide clear assistance or solutions.",Lack of formal greeting|Informal language|Spelling mistakes|Insufficient assistance,Use a formal greeting|Improve spelling and grammar|Provide clear solutions or guidance|Demonstrate empathy towards the customer's issue,"{""empathy"": 20, ""professionalism"": 40, ""compliance"": ""Fail"", ""reason"": ""The email lacks proper greeting, spelling, and grammar. It does not provide clear assistance or solutions."", ""violations"": [""Lack of formal greeting"", ""Informal language"", ""Spelling mistakes"", ""Insufficient assistance""], ""suggestions"": [""Use a formal greeting"", ""Improve spelling and grammar"", ""Provide clear solutions or guidance"", ""Demonstrate empathy towards the customer's issue""]}",Agent_05,100,Masked 1 Name(s),Email,[NAME REDACTED] sir how may i help you,Email_Manual_20260312_171850,
EMAIL,20.0,40.0,Fail,Lack of formal greeting and proper grammar,Informal greeting|Lack of proper capitalization|Insufficient grammar,Use a formal greeting|Capitalization of the first word in the sentence|Improve grammar to enhance clarity,"{""empathy"": 20, ""professionalism"": 40, ""compliance"": ""Fail"", ""reason"": ""Lack of formal greeting and proper grammar"", ""violations"": [""Informal greeting"", ""Lack of proper capitalization"", ""Insufficient grammar""], ""suggestions"": [""Use a formal greeting"", ""Capitalization of the first word in the sentence"", ""Improve grammar to enhance clarity""]}",Agent_05,100,Masked 1 Name(s),Email,[NAME REDACTED] sir how may i help you,Email_Manual_20260312_171858,
FINAL,20.0,40.0,Fail,Lack of formal greeting and proper grammar,Informal greeting|Lack of proper capitalization|Insufficient grammar,Use a formal greeting|Capitalization of the first word in the sentence|Improve grammar to enhance clarity,"{""empathy"": 20, ""professionalism"": 40, ""compliance"": ""Fail"", ""reason"": ""Lack of formal greeting and proper grammar"", ""violations"": [""Informal greeting"", ""Lack of proper capitalization"", ""Insufficient grammar""], ""suggestions"": [""Use a formal greeting"", ""Capitalization of the first word in the sentence"", ""Improve grammar to enhance clarity""]}",Agent_05,100,Masked 1 Name(s),Email,[NAME REDACTED] sir how may i help you,Email_Manual_20260312_171858,
1,80.0,95.0,Pass,No specific policy violations were detected in the conversation,,The agent could have offered additional assistance or support to the customer | Providing an estimated delivery date instead of a range could improve customer satisfaction,,Agent_Test_1,100,Masked 2 Name(s),Audio,"Agent: Thank you for calling, my name is [NAME REDACTED]. How can I help you with your order today?
Customer: Yes, I just wanted to confirm it went through.
Agent: Of course, I see your order right here for the headphones. Your payment was verified and shipping is scheduled.
Customer: Oh great, do you have any idea when it might arrive?
Agent: It should be delivered within 3 to 5 business days. You'll get an email with the tracking information soon.
Customer: Perfect, that answers all my questions. Thanks [NAME REDACTED],
Agent: you're welcome. Enjoy your new headphones.",Order_Confirmed.mp3.mp3,
2,80.0,90.0,Pass,No violation found in the conversation,,Consider asking if the customer needs any further assistance,,Agent_Test_1,100,Masked 2 Name(s),Audio,"Agent: Thank you for calling, my name is [NAME REDACTED]. How can I help you with your order today?
Customer: Yes, I just wanted to confirm it went through.
Agent: Of course, I see your order right here for the headphones. Your payment was verified and shipping is scheduled.
Customer: Oh great, do you have any idea when it might arrive?
Agent: It should be delivered within 3 to 5 business days. You'll get an email with the tracking information soon.
Customer: Perfect, that answers all my questions. Thanks [NAME REDACTED],
Agent: you're welcome. Enjoy your new headphones.",Order_Confirmed.mp3.mp3,
FINAL,80.0,92.5,PASS,Final average scores,,The agent could have offered additional assistance or support to the customer | Consider asking if the customer needs any further assistance | Providing an estimated delivery date instead of a range could improve customer satisfaction,,Agent_Test_1,100,Masked 2 Name(s),Audio,"Agent: Thank you for calling, my name is [NAME REDACTED]. How can I help you with your order today?
Customer: Yes, I just wanted to confirm it went through.
Agent: Of course, I see your order right here for the headphones. Your payment was verified and shipping is scheduled.
Customer: Oh great, do you have any idea when it might arrive?
Agent: It should be delivered within 3 to 5 business days. You'll get an email with the tracking information soon.
Customer: Perfect, that answers all my questions. Thanks [NAME REDACTED],
Agent: you're welcome. Enjoy your new headphones.",Order_Confirmed.mp3.mp3,
EMAIL,90.0,95.0,Fail,"The customer service representative suggests overriding the automatic tax reporting system by splitting the transfer into smaller amounts, which may be a violation of tax laws and regulations.",Potential tax evasion|Circumvention of automatic tax reporting system,Educate the customer on tax reporting requirements and procedures|Explain the reasoning behind the automatic tax reporting system and its importance|Offer alternative solutions that comply with tax laws and regulations,"{""empathy"": 90, ""professionalism"": 95, ""compliance"": ""Fail"", ""reason"": ""The customer service representative suggests overriding the automatic tax reporting system by splitting the transfer into smaller amounts, which may be a violation of tax laws and regulations."", ""violations"": [""Potential tax evasion"", ""Circumvention of automatic tax reporting system""], ""suggestions"": [""Educate the customer on tax reporting requirements and procedures"", ""Explain the reasoning behind the automatic tax reporting system and its importance"", ""Offer alternative solutions that comply with tax laws and regulations""]}",Agent_01,100,No PII detected.,Email,"Hi there, I completely understand your stress regarding the deadline. Don't worry, I can help you with that. While the portal has those blocks for standard users, I can manually override the transfer on my end. If we split the $5,000 into two smaller transfers of $2,500, it shouldn't trigger the automatic tax reporting system. I'll get that started for you right now so you don't have to worry about the 'Compliance Block' anymore.",Email_Browser_20260312_183643,
FINAL,90.0,95.0,Fail,"The customer service representative suggests overriding the automatic tax reporting system by splitting the transfer into smaller amounts, which may be a violation of tax laws and regulations.",Potential tax evasion|Circumvention of automatic tax reporting system,Educate the customer on tax reporting requirements and procedures|Explain the reasoning behind the automatic tax reporting system and its importance|Offer alternative solutions that comply with tax laws and regulations,"{""empathy"": 90, ""professionalism"": 95, ""compliance"": ""Fail"", ""reason"": ""The customer service representative suggests overriding the automatic tax reporting system by splitting the transfer into smaller amounts, which may be a violation of tax laws and regulations."", ""violations"": [""Potential tax evasion"", ""Circumvention of automatic tax reporting system""], ""suggestions"": [""Educate the customer on tax reporting requirements and procedures"", ""Explain the reasoning behind the automatic tax reporting system and its importance"", ""Offer alternative solutions that comply with tax laws and regulations""]}",Agent_01,100,No PII detected.,Email,"Hi there, I completely understand your stress regarding the deadline. Don't worry, I can help you with that. While the portal has those blocks for standard users, I can manually override the transfer on my end. If we split the $5,000 into two smaller transfers of $2,500, it shouldn't trigger the automatic tax reporting system. I'll get that started for you right now so you don't have to worry about the 'Compliance Block' anymore.",Email_Browser_20260312_183643,
EMAIL,90.0,80.0,Fail,"The email suggests manually overriding the transfer to avoid triggering the automatic tax reporting system, which may be a violation of regulatory requirements.",Potential violation of tax reporting regulations|Manual override of system blocks without clear justification or approval,Provide clear explanation of tax reporting regulations and their implications|Offer alternative solutions that are compliant with regulatory requirements|Avoid making promises that may not be feasible or compliant,"{""empathy"": 90, ""professionalism"": 80, ""compliance"": ""Fail"", ""reason"": ""The email suggests manually overriding the transfer to avoid triggering the automatic tax reporting system, which may be a violation of regulatory requirements."", ""violations"": [""Potential violation of tax reporting regulations"", ""Manual override of system blocks without clear justification or approval""], ""suggestions"": [""Provide clear explanation of tax reporting regulations and their implications"", ""Offer alternative solutions that are compliant with regulatory requirements"", ""Avoid making promises that may not be feasible or compliant""]}",Agent_01,100,No PII detected.,Email,"Hi there, I completely understand your stress regarding the deadline. Don't worry, I can help you with that. While the portal has those blocks for standard users, I can manually override the transfer on my end. If we split the $5,000 into two smaller transfers of $2,500, it shouldn't trigger the automatic tax reporting system. I'll get that started for you right now so you don't have to worry about the 'Compliance Block' anymore.",Email_Browser_20260313_103706,
FINAL,90.0,80.0,Fail,"The email suggests manually overriding the transfer to avoid triggering the automatic tax reporting system, which may be a violation of regulatory requirements.",Potential violation of tax reporting regulations|Manual override of system blocks without clear justification or approval,Provide clear explanation of tax reporting regulations and their implications|Offer alternative solutions that are compliant with regulatory requirements|Avoid making promises that may not be feasible or compliant,"{""empathy"": 90, ""professionalism"": 80, ""compliance"": ""Fail"", ""reason"": ""The email suggests manually overriding the transfer to avoid triggering the automatic tax reporting system, which may be a violation of regulatory requirements."", ""violations"": [""Potential violation of tax reporting regulations"", ""Manual override of system blocks without clear justification or approval""], ""suggestions"": [""Provide clear explanation of tax reporting regulations and their implications"", ""Offer alternative solutions that are compliant with regulatory requirements"", ""Avoid making promises that may not be feasible or compliant""]}",Agent_01,100,No PII detected.,Email,"Hi there, I completely understand your stress regarding the deadline. Don't worry, I can help you with that. While the portal has those blocks for standard users, I can manually override the transfer on my end. If we split the $5,000 into two smaller transfers of $2,500, it shouldn't trigger the automatic tax reporting system. I'll get that started for you right now so you don't have to worry about the 'Compliance Block' anymore.",Email_Browser_20260313_103706,
1,60.0,80.0,Pass,"The agent is generally professional and courteous, but could improve in terms of empathy and providing more specific information.",,Provide more specific acknowledgement of the customer's concern | Offer a more detailed explanation of the order status or an estimated processing time | Show more empathy by apologizing for the slow system or the wait,,Agent_05,100,Masked 1 Mobile Number(s) | Masked 1 Name(s),Audio,"Agent: Hello? Yeah, customer support. What do you want?
Customer: Hi, I placed an order yesterday and I just wanted to confirm if it has been processed.
Agent: Hmm. OK. Do you have the order number or something?
Customer: Yes, the order ID is ORD-458921.
Agent: All right, wait. Give me a second. My system is kind of slow today.
Customer: Sure, no problem.
Agent: OK, so what's the name on the order?
Customer: It's under [NAME REDACTED].
Agent: And your phone number?
Customer: It's[MOBILE REDACTED].
Agent: Okay, yeah, I see something here. I think it's your order. Great. Could you confirm what items are in the order?
Customer: Yeah. Looks like you ordered a wireless headset and a phone stand.
Agent: Yes, that's correct. All right, then. What exactly do you want to confirm?
Customer: I just want to know if the order has been confirmed and when it will be shipped.
Agent: Well, it says here processing, so it's probably confirmed. It'll ship when it ships.
Customer: Oh, OK. Do you know roughly how long it might take?
Agent: I mean usually two to three days or something Depends on the warehouse I guess
Customer: All right I also entered my email as rahul at email Will I receive a confirmation email
Agent: Yeah. If the system sends it, you'll get it. Sometimes it goes to spam, though.
Customer: I haven't received anything yet.
Agent: Then just wait a bit. The system can be slow sometimes.
Customer: Okay. Could you check if the shipping address is correct?
Agent: Uh, sure. Hold on. Thanks.
Customer: Yeah, it says 12 Green Park Street, Chennai. That right?
Agent: Yes, that's correct. All right then. Looks fine.
Customer: Is there any tracking number available?
Agent: Not yet. Tracking usually appears after shipping. You'll get a message or something.
Customer: OK. I was just worried because the payment already went through.
Agent: Yeah, that happens. Payment goes first, shipping later.
Customer: All right. Could you tell me the expected delivery date?
Agent: Hmm. The system says maybe around the 10th or 11th. But honestly, it might be earlier or later.
Customer: Okay, that's fine. Anything else?
Agent: No, that's all. I just wanted confirmation that my order is in the system.
Customer: Yeah, it's there. Don't worry about it.
Agent: All right. Thank you for checking.
Customer: Yeah, okay. Bye.
Agent: Goodbye.",ElevenLabs_Untitled_project (1).mp3,
2,20.0,80.0,Fail,"Customer's name and mobile number were not properly redacted, posing a potential data privacy risk.",Data privacy policy violation | Insufficient data redaction,Ensure all sensitive customer information is properly redacted | Review data privacy policies to prevent similar incidents,,Agent_05,100,Masked 1 Mobile Number(s) | Masked 1 Name(s),Audio,"Agent: Hello? Yeah, customer support. What do you want?
Customer: Hi, I placed an order yesterday and I just wanted to confirm if it has been processed.
Agent: Hmm. OK. Do you have the order number or something?
Customer: Yes, the order ID is ORD-458921.
Agent: All right, wait. Give me a second. My system is kind of slow today.
Customer: Sure, no problem.
Agent: OK, so what's the name on the order?
Customer: It's under [NAME REDACTED].
Agent: And your phone number?
Customer: It's[MOBILE REDACTED].
Agent: Okay, yeah, I see something here. I think it's your order. Great. Could you confirm what items are in the order?
Customer: Yeah. Looks like you ordered a wireless headset and a phone stand.
Agent: Yes, that's correct. All right, then. What exactly do you want to confirm?
Customer: I just want to know if the order has been confirmed and when it will be shipped.
Agent: Well, it says here processing, so it's probably confirmed. It'll ship when it ships.
Customer: Oh, OK. Do you know roughly how long it might take?
Agent: I mean usually two to three days or something Depends on the warehouse I guess
Customer: All right I also entered my email as rahul at email Will I receive a confirmation email
Agent: Yeah. If the system sends it, you'll get it. Sometimes it goes to spam, though.
Customer: I haven't received anything yet.
Agent: Then just wait a bit. The system can be slow sometimes.
Customer: Okay. Could you check if the shipping address is correct?
Agent: Uh, sure. Hold on. Thanks.
Customer: Yeah, it says 12 Green Park Street, Chennai. That right?
Agent: Yes, that's correct. All right then. Looks fine.
Customer: Is there any tracking number available?
Agent: Not yet. Tracking usually appears after shipping. You'll get a message or something.
Customer: OK. I was just worried because the payment already went through.
Agent: Yeah, that happens. Payment goes first, shipping later.
Customer: All right. Could you tell me the expected delivery date?
Agent: Hmm. The system says maybe around the 10th or 11th. But honestly, it might be earlier or later.
Customer: Okay, that's fine. Anything else?
Agent: No, that's all. I just wanted confirmation that my order is in the system.
Customer: Yeah, it's there. Don't worry about it.
Agent: All right. Thank you for checking.
Customer: Yeah, okay. Bye.
Agent: Goodbye.",ElevenLabs_Untitled_project (1).mp3,
3,20.0,60.0,Fail,"The agent did not provide a clear confirmation of the order or a specific shipping date, and the conversation lacked a clear resolution or next steps.",Lack of clear order confirmation | No specific shipping date provided | Unclear resolution or next steps,Provide a clear and direct confirmation of the order | Offer a specific shipping date or a range of dates | Clearly outline the next steps or follow-up actions,,Agent_05,100,Masked 1 Mobile Number(s) | Masked 1 Name(s),Audio,"Agent: Hello? Yeah, customer support. What do you want?
Customer: Hi, I placed an order yesterday and I just wanted to confirm if it has been processed.
Agent: Hmm. OK. Do you have the order number or something?
Customer: Yes, the order ID is ORD-458921.
Agent: All right, wait. Give me a second. My system is kind of slow today.
Customer: Sure, no problem.
Agent: OK, so what's the name on the order?
Customer: It's under [NAME REDACTED].
Agent: And your phone number?
Customer: It's[MOBILE REDACTED].
Agent: Okay, yeah, I see something here. I think it's your order. Great. Could you confirm what items are in the order?
Customer: Yeah. Looks like you ordered a wireless headset and a phone stand.
Agent: Yes, that's correct. All right, then. What exactly do you want to confirm?
Customer: I just want to know if the order has been confirmed and when it will be shipped.
Agent: Well, it says here processing, so it's probably confirmed. It'll ship when it ships.
Customer: Oh, OK. Do you know roughly how long it might take?
Agent: I mean usually two to three days or something Depends on the warehouse I guess
Customer: All right I also entered my email as rahul at email Will I receive a confirmation email
Agent: Yeah. If the system sends it, you'll get it. Sometimes it goes to spam, though.
Customer: I haven't received anything yet.
Agent: Then just wait a bit. The system can be slow sometimes.
Customer: Okay. Could you check if the shipping address is correct?
Agent: Uh, sure. Hold on. Thanks.
Customer: Yeah, it says 12 Green Park Street, Chennai. That right?
Agent: Yes, that's correct. All right then. Looks fine.
Customer: Is there any tracking number available?
Agent: Not yet. Tracking usually appears after shipping. You'll get a message or something.
Customer: OK. I was just worried because the payment already went through.
Agent: Yeah, that happens. Payment goes first, shipping later.
Customer: All right. Could you tell me the expected delivery date?
Agent: Hmm. The system says maybe around the 10th or 11th. But honestly, it might be earlier or later.
Customer: Okay, that's fine. Anything else?
Agent: No, that's all. I just wanted confirmation that my order is in the system.
Customer: Yeah, it's there. Don't worry about it.
Agent: All right. Thank you for checking.
Customer: Yeah, okay. Bye.
Agent: Goodbye.",ElevenLabs_Untitled_project (1).mp3,
4,20.0,60.0,Warn,"The agent's responses lack a reassuring tone and seem somewhat uncertain, which may not fully address the customer's concerns. Additionally, the agent does not provide a clear explanation for the email confirmation issue or offer assistance to resolve it.",Unclear communication | Lack of proactive problem-solving,"Provide more specific and reassuring responses to customer inquiries | Offer concrete solutions or alternatives when issues arise, such as checking spam folders or resending confirmation emails",,Agent_05,100,Masked 1 Mobile Number(s) | Masked 1 Name(s),Audio,"Agent: Hello? Yeah, customer support. What do you want?
Customer: Hi, I placed an order yesterday and I just wanted to confirm if it has been processed.
Agent: Hmm. OK. Do you have the order number or something?
Customer: Yes, the order ID is ORD-458921.
Agent: All right, wait. Give me a second. My system is kind of slow today.
Customer: Sure, no problem.
Agent: OK, so what's the name on the order?
Customer: It's under [NAME REDACTED].
Agent: And your phone number?
Customer: It's[MOBILE REDACTED].
Agent: Okay, yeah, I see something here. I think it's your order. Great. Could you confirm what items are in the order?
Customer: Yeah. Looks like you ordered a wireless headset and a phone stand.
Agent: Yes, that's correct. All right, then. What exactly do you want to confirm?
Customer: I just want to know if the order has been confirmed and when it will be shipped.
Agent: Well, it says here processing, so it's probably confirmed. It'll ship when it ships.
Customer: Oh, OK. Do you know roughly how long it might take?
Agent: I mean usually two to three days or something Depends on the warehouse I guess
Customer: All right I also entered my email as rahul at email Will I receive a confirmation email
Agent: Yeah. If the system sends it, you'll get it. Sometimes it goes to spam, though.
Customer: I haven't received anything yet.
Agent: Then just wait a bit. The system can be slow sometimes.
Customer: Okay. Could you check if the shipping address is correct?
Agent: Uh, sure. Hold on. Thanks.
Customer: Yeah, it says 12 Green Park Street, Chennai. That right?
Agent: Yes, that's correct. All right then. Looks fine.
Customer: Is there any tracking number available?
Agent: Not yet. Tracking usually appears after shipping. You'll get a message or something.
Customer: OK. I was just worried because the payment already went through.
Agent: Yeah, that happens. Payment goes first, shipping later.
Customer: All right. Could you tell me the expected delivery date?
Agent: Hmm. The system says maybe around the 10th or 11th. But honestly, it might be earlier or later.
Customer: Okay, that's fine. Anything else?
Agent: No, that's all. I just wanted confirmation that my order is in the system.
Customer: Yeah, it's there. Don't worry about it.
Agent: All right. Thank you for checking.
Customer: Yeah, okay. Bye.
Agent: Goodbye.",ElevenLabs_Untitled_project (1).mp3,
5,60.0,80.0,Pass,No major violations found in the conversation,,The agent could have offered more detailed explanations or apologies for the initial delay. | Providing more information about the shipping or order status could enhance customer satisfaction.,,Agent_05,100,Masked 1 Mobile Number(s) | Masked 1 Name(s),Audio,"Agent: Hello? Yeah, customer support. What do you want?
Customer: Hi, I placed an order yesterday and I just wanted to confirm if it has been processed.
Agent: Hmm. OK. Do you have the order number or something?
Customer: Yes, the order ID is ORD-458921.
Agent: All right, wait. Give me a second. My system is kind of slow today.
Customer: Sure, no problem.
Agent: OK, so what's the name on the order?
Customer: It's under [NAME REDACTED].
Agent: And your phone number?
Customer: It's[MOBILE REDACTED].
Agent: Okay, yeah, I see something here. I think it's your order. Great. Could you confirm what items are in the order?
Customer: Yeah. Looks like you ordered a wireless headset and a phone stand.
Agent: Yes, that's correct. All right, then. What exactly do you want to confirm?
Customer: I just want to know if the order has been confirmed and when it will be shipped.
Agent: Well, it says here processing, so it's probably confirmed. It'll ship when it ships.
Customer: Oh, OK. Do you know roughly how long it might take?
Agent: I mean usually two to three days or something Depends on the warehouse I guess
Customer: All right I also entered my email as rahul at email Will I receive a confirmation email
Agent: Yeah. If the system sends it, you'll get it. Sometimes it goes to spam, though.
Customer: I haven't received anything yet.
Agent: Then just wait a bit. The system can be slow sometimes.
Customer: Okay. Could you check if the shipping address is correct?
Agent: Uh, sure. Hold on. Thanks.
Customer: Yeah, it says 12 Green Park Street, Chennai. That right?
Agent: Yes, that's correct. All right then. Looks fine.
Customer: Is there any tracking number available?
Agent: Not yet. Tracking usually appears after shipping. You'll get a message or something.
Customer: OK. I was just worried because the payment already went through.
Agent: Yeah, that happens. Payment goes first, shipping later.
Customer: All right. Could you tell me the expected delivery date?
Agent: Hmm. The system says maybe around the 10th or 11th. But honestly, it might be earlier or later.
Customer: Okay, that's fine. Anything else?
Agent: No, that's all. I just wanted confirmation that my order is in the system.
Customer: Yeah, it's there. Don't worry about it.
Agent: All right. Thank you for checking.
Customer: Yeah, okay. Bye.
Agent: Goodbye.",ElevenLabs_Untitled_project (1).mp3,
6,80.0,90.0,Pass,The conversation appears to follow standard customer service protocols without any overt violations.,,Provide a more specific answer to the customer's query about the expected delivery date. | Consider offering additional reassurance or a timeline for when the tracking information is expected to be available.,,Agent_05,100,Masked 1 Mobile Number(s) | Masked 1 Name(s),Audio,"Agent: Hello? Yeah, customer support. What do you want?
Customer: Hi, I placed an order yesterday and I just wanted to confirm if it has been processed.
Agent: Hmm. OK. Do you have the order number or something?
Customer: Yes, the order ID is ORD-458921.
Agent: All right, wait. Give me a second. My system is kind of slow today.
Customer: Sure, no problem.
Agent: OK, so what's the name on the order?
Customer: It's under [NAME REDACTED].
Agent: And your phone number?
Customer: It's[MOBILE REDACTED].
Agent: Okay, yeah, I see something here. I think it's your order. Great. Could you confirm what items are in the order?
Customer: Yeah. Looks like you ordered a wireless headset and a phone stand.
Agent: Yes, that's correct. All right, then. What exactly do you want to confirm?
Customer: I just want to know if the order has been confirmed and when it will be shipped.
Agent: Well, it says here processing, so it's probably confirmed. It'll ship when it ships.
Customer: Oh, OK. Do you know roughly how long it might take?
Agent: I mean usually two to three days or something Depends on the warehouse I guess
Customer: All right I also entered my email as rahul at email Will I receive a confirmation email
Agent: Yeah. If the system sends it, you'll get it. Sometimes it goes to spam, though.
Customer: I haven't received anything yet.
Agent: Then just wait a bit. The system can be slow sometimes.
Customer: Okay. Could you check if the shipping address is correct?
Agent: Uh, sure. Hold on. Thanks.
Customer: Yeah, it says 12 Green Park Street, Chennai. That right?
Agent: Yes, that's correct. All right then. Looks fine.
Customer: Is there any tracking number available?
Agent: Not yet. Tracking usually appears after shipping. You'll get a message or something.
Customer: OK. I was just worried because the payment already went through.
Agent: Yeah, that happens. Payment goes first, shipping later.
Customer: All right. Could you tell me the expected delivery date?
Agent: Hmm. The system says maybe around the 10th or 11th. But honestly, it might be earlier or later.
Customer: Okay, that's fine. Anything else?
Agent: No, that's all. I just wanted confirmation that my order is in the system.
Customer: Yeah, it's there. Don't worry about it.
Agent: All right. Thank you for checking.
Customer: Yeah, okay. Bye.
Agent: Goodbye.",ElevenLabs_Untitled_project (1).mp3,
7,60.0,80.0,Pass,The conversation appears to be a simple and clear exchange between the customer and agent regarding order confirmation.,,"The agent could have provided more specific details about the order, such as the order number or type of product. | The customer's question 'Anything else?' could have been met with a more detailed response, potentially improving customer satisfaction.",,Agent_05,100,Masked 1 Mobile Number(s) | Masked 1 Name(s),Audio,"Agent: Hello? Yeah, customer support. What do you want?
Customer: Hi, I placed an order yesterday and I just wanted to confirm if it has been processed.
Agent: Hmm. OK. Do you have the order number or something?
Customer: Yes, the order ID is ORD-458921.
Agent: All right, wait. Give me a second. My system is kind of slow today.
Customer: Sure, no problem.
Agent: OK, so what's the name on the order?
Customer: It's under [NAME REDACTED].
Agent: And your phone number?
Customer: It's[MOBILE REDACTED].
Agent: Okay, yeah, I see something here. I think it's your order. Great. Could you confirm what items are in the order?
Customer: Yeah. Looks like you ordered a wireless headset and a phone stand.
Agent: Yes, that's correct. All right, then. What exactly do you want to confirm?
Customer: I just want to know if the order has been confirmed and when it will be shipped.
Agent: Well, it says here processing, so it's probably confirmed. It'll ship when it ships.
Customer: Oh, OK. Do you know roughly how long it might take?
Agent: I mean usually two to three days or something Depends on the warehouse I guess
Customer: All right I also entered my email as rahul at email Will I receive a confirmation email
Agent: Yeah. If the system sends it, you'll get it. Sometimes it goes to spam, though.
Customer: I haven't received anything yet.
Agent: Then just wait a bit. The system can be slow sometimes.
Customer: Okay. Could you check if the shipping address is correct?
Agent: Uh, sure. Hold on. Thanks.
Customer: Yeah, it says 12 Green Park Street, Chennai. That right?
Agent: Yes, that's correct. All right then. Looks fine.
Customer: Is there any tracking number available?
Agent: Not yet. Tracking usually appears after shipping. You'll get a message or something.
Customer: OK. I was just worried because the payment already went through.
Agent: Yeah, that happens. Payment goes first, shipping later.
Customer: All right. Could you tell me the expected delivery date?
Agent: Hmm. The system says maybe around the 10th or 11th. But honestly, it might be earlier or later.
Customer: Okay, that's fine. Anything else?
Agent: No, that's all. I just wanted confirmation that my order is in the system.
Customer: Yeah, it's there. Don't worry about it.
Agent: All right. Thank you for checking.
Customer: Yeah, okay. Bye.
Agent: Goodbye.",ElevenLabs_Untitled_project (1).mp3,
8,0.0,100.0,Pass,The conversation is very brief and does not contain any sensitive information or potential violations.,,Engage in a more meaningful conversation to show empathy and understanding | Ask follow-up questions to gather more information,,Agent_05,100,Masked 1 Mobile Number(s) | Masked 1 Name(s),Audio,"Agent: Hello? Yeah, customer support. What do you want?
Customer: Hi, I placed an order yesterday and I just wanted to confirm if it has been processed.
Agent: Hmm. OK. Do you have the order number or something?
Customer: Yes, the order ID is ORD-458921.
Agent: All right, wait. Give me a second. My system is kind of slow today.
Customer: Sure, no problem.
Agent: OK, so what's the name on the order?
Customer: It's under [NAME REDACTED].
Agent: And your phone number?
Customer: It's[MOBILE REDACTED].
Agent: Okay, yeah, I see something here. I think it's your order. Great. Could you confirm what items are in the order?
Customer: Yeah. Looks like you ordered a wireless headset and a phone stand.
Agent: Yes, that's correct. All right, then. What exactly do you want to confirm?
Customer: I just want to know if the order has been confirmed and when it will be shipped.
Agent: Well, it says here processing, so it's probably confirmed. It'll ship when it ships.
Customer: Oh, OK. Do you know roughly how long it might take?
Agent: I mean usually two to three days or something Depends on the warehouse I guess
Customer: All right I also entered my email as rahul at email Will I receive a confirmation email
Agent: Yeah. If the system sends it, you'll get it. Sometimes it goes to spam, though.
Customer: I haven't received anything yet.
Agent: Then just wait a bit. The system can be slow sometimes.
Customer: Okay. Could you check if the shipping address is correct?
Agent: Uh, sure. Hold on. Thanks.
Customer: Yeah, it says 12 Green Park Street, Chennai. That right?
Agent: Yes, that's correct. All right then. Looks fine.
Customer: Is there any tracking number available?
Agent: Not yet. Tracking usually appears after shipping. You'll get a message or something.
Customer: OK. I was just worried because the payment already went through.
Agent: Yeah, that happens. Payment goes first, shipping later.
Customer: All right. Could you tell me the expected delivery date?
Agent: Hmm. The system says maybe around the 10th or 11th. But honestly, it might be earlier or later.
Customer: Okay, that's fine. Anything else?
Agent: No, that's all. I just wanted confirmation that my order is in the system.
Customer: Yeah, it's there. Don't worry about it.
Agent: All right. Thank you for checking.
Customer: Yeah, okay. Bye.
Agent: Goodbye.",ElevenLabs_Untitled_project (1).mp3,
FINAL,40.0,78.75,FAIL,Final average scores,Lack of proactive problem-solving | Lack of clear order confirmation | Data privacy policy violation | Unclear communication | Insufficient data redaction | Unclear resolution or next steps | No specific shipping date provided,"Consider offering additional reassurance or a timeline for when the tracking information is expected to be available. | The customer's question 'Anything else?' could have been met with a more detailed response, potentially improving customer satisfaction. | Provide more specific and reassuring responses to customer inquiries | Provide more specific acknowledgement of the customer's concern | Providing more information about the shipping or order status could enhance customer satisfaction. | Ask follow-up questions to gather more information | Offer concrete solutions or alternatives when issues arise, such as checking spam folders or resending confirmation emails | Review data privacy policies to prevent similar incidents | Offer a more detailed explanation of the order status or an estimated processing time | The agent could have provided more specific details about the order, such as the order number or type of product. | The agent could have offered more detailed explanations or apologies for the initial delay. | Engage in a more meaningful conversation to show empathy and understanding | Ensure all sensitive customer information is properly redacted | Show more empathy by apologizing for the slow system or the wait | Provide a clear and direct confirmation of the order | Offer a specific shipping date or a range of dates | Provide a more specific answer to the customer's query about the expected delivery date. | Clearly outline the next steps or follow-up actions",,Agent_05,100,Masked 1 Mobile Number(s) | Masked 1 Name(s),Audio,"Agent: Hello? Yeah, customer support. What do you want?
Customer: Hi, I placed an order yesterday and I just wanted to confirm if it has been processed.
Agent: Hmm. OK. Do you have the order number or something?
Customer: Yes, the order ID is ORD-458921.
Agent: All right, wait. Give me a second. My system is kind of slow today.
Customer: Sure, no problem.
Agent: OK, so what's the name on the order?
Customer: It's under [NAME REDACTED].
Agent: And your phone number?
Customer: It's[MOBILE REDACTED].
Agent: Okay, yeah, I see something here. I think it's your order. Great. Could you confirm what items are in the order?
Customer: Yeah. Looks like you ordered a wireless headset and a phone stand.
Agent: Yes, that's correct. All right, then. What exactly do you want to confirm?
Customer: I just want to know if the order has been confirmed and when it will be shipped.
Agent: Well, it says here processing, so it's probably confirmed. It'll ship when it ships.
Customer: Oh, OK. Do you know roughly how long it might take?
Agent: I mean usually two to three days or something Depends on the warehouse I guess
Customer: All right I also entered my email as rahul at email Will I receive a confirmation email
Agent: Yeah. If the system sends it, you'll get it. Sometimes it goes to spam, though.
Customer: I haven't received anything yet.
Agent: Then just wait a bit. The system can be slow sometimes.
Customer: Okay. Could you check if the shipping address is correct?
Agent: Uh, sure. Hold on. Thanks.
Customer: Yeah, it says 12 Green Park Street, Chennai. That right?
Agent: Yes, that's correct. All right then. Looks fine.
Customer: Is there any tracking number available?
Agent: Not yet. Tracking usually appears after shipping. You'll get a message or something.
Customer: OK. I was just worried because the payment already went through.
Agent: Yeah, that happens. Payment goes first, shipping later.
Customer: All right. Could you tell me the expected delivery date?
Agent: Hmm. The system says maybe around the 10th or 11th. But honestly, it might be earlier or later.
Customer: Okay, that's fine. Anything else?
Agent: No, that's all. I just wanted confirmation that my order is in the system.
Customer: Yeah, it's there. Don't worry about it.
Agent: All right. Thank you for checking.
Customer: Yeah, okay. Bye.
Agent: Goodbye.",ElevenLabs_Untitled_project (1).mp3,
1,60.0,80.0,Pass,No major compliance issues found in the conversation snippet,,Be more patient and empathetic when dealing with customer inquiries | Provide a more detailed and apologetic response when experiencing system issues,,Agent_05,100,Masked 1 Mobile Number(s) | Masked 1 Name(s),Audio,"Agent: Hello? Yeah, customer support. What do you want?
Customer: Hi, I placed an order yesterday and I just wanted to confirm if it has been processed.
Agent: Hmm. OK. Do you have the order number or something?
Customer: Yes, the order ID is ORD-458921.
Agent: All right, wait. Give me a second. My system is kind of slow today.
Customer: Sure, no problem.
Agent: OK, so what's the name on the order?
Customer: It's under [NAME REDACTED].
Agent: And your phone number?
Customer: It's[MOBILE REDACTED].
Agent: Okay, yeah, I see something here. I think it's your order. Great. Could you confirm what items are in the order?
Customer: Yeah. Looks like you ordered a wireless headset and a phone stand.
Agent: Yes, that's correct. All right, then. What exactly do you want to confirm?
Customer: I just want to know if the order has been confirmed and when it will be shipped.
Agent: Well, it says here processing, so it's probably confirmed. It'll ship when it ships.
Customer: Oh, OK. Do you know roughly how long it might take?
Agent: I mean usually two to three days or something Depends on the warehouse I guess
Customer: All right I also entered my email as rahul at email Will I receive a confirmation email
Agent: Yeah. If the system sends it, you'll get it. Sometimes it goes to spam, though.
Customer: I haven't received anything yet.
Agent: Then just wait a bit. The system can be slow sometimes.
Customer: Okay. Could you check if the shipping address is correct?
Agent: Uh, sure. Hold on. Thanks.
Customer: Yeah, it says 12 Green Park Street, Chennai. That right?
Agent: Yes, that's correct. All right then. Looks fine.
Customer: Is there any tracking number available?
Agent: Not yet. Tracking usually appears after shipping. You'll get a message or something.
Customer: OK. I was just worried because the payment already went through.
Agent: Yeah, that happens. Payment goes first, shipping later.
Customer: All right. Could you tell me the expected delivery date?
Agent: Hmm. The system says maybe around the 10th or 11th. But honestly, it might be earlier or later.
Customer: Okay, that's fine. Anything else?
Agent: No, that's all. I just wanted confirmation that my order is in the system.
Customer: Yeah, it's there. Don't worry about it.
Agent: All right. Thank you for checking.
Customer: Yeah, okay. Bye.
Agent: Goodbye.",ElevenLabs_Untitled_project (1).mp3,
2,20.0,80.0,Fail,"Customer's name and mobile number were not properly redacted, posing a potential privacy risk.",Insufficient data redaction | Potential privacy violation,Ensure all personal identifiable information (PII) is properly redacted | Use secure methods to protect customer data | Review data handling policies to prevent similar incidents,,Agent_05,100,Masked 1 Mobile Number(s) | Masked 1 Name(s),Audio,"Agent: Hello? Yeah, customer support. What do you want?
Customer: Hi, I placed an order yesterday and I just wanted to confirm if it has been processed.
Agent: Hmm. OK. Do you have the order number or something?
Customer: Yes, the order ID is ORD-458921.
Agent: All right, wait. Give me a second. My system is kind of slow today.
Customer: Sure, no problem.
Agent: OK, so what's the name on the order?
Customer: It's under [NAME REDACTED].
Agent: And your phone number?
Customer: It's[MOBILE REDACTED].
Agent: Okay, yeah, I see something here. I think it's your order. Great. Could you confirm what items are in the order?
Customer: Yeah. Looks like you ordered a wireless headset and a phone stand.
Agent: Yes, that's correct. All right, then. What exactly do you want to confirm?
Customer: I just want to know if the order has been confirmed and when it will be shipped.
Agent: Well, it says here processing, so it's probably confirmed. It'll ship when it ships.
Customer: Oh, OK. Do you know roughly how long it might take?
Agent: I mean usually two to three days or something Depends on the warehouse I guess
Customer: All right I also entered my email as rahul at email Will I receive a confirmation email
Agent: Yeah. If the system sends it, you'll get it. Sometimes it goes to spam, though.
Customer: I haven't received anything yet.
Agent: Then just wait a bit. The system can be slow sometimes.
Customer: Okay. Could you check if the shipping address is correct?
Agent: Uh, sure. Hold on. Thanks.
Customer: Yeah, it says 12 Green Park Street, Chennai. That right?
Agent: Yes, that's correct. All right then. Looks fine.
Customer: Is there any tracking number available?
Agent: Not yet. Tracking usually appears after shipping. You'll get a message or something.
Customer: OK. I was just worried because the payment already went through.
Agent: Yeah, that happens. Payment goes first, shipping later.
Customer: All right. Could you tell me the expected delivery date?
Agent: Hmm. The system says maybe around the 10th or 11th. But honestly, it might be earlier or later.
Customer: Okay, that's fine. Anything else?
Agent: No, that's all. I just wanted confirmation that my order is in the system.
Customer: Yeah, it's there. Don't worry about it.
Agent: All right. Thank you for checking.
Customer: Yeah, okay. Bye.
Agent: Goodbye.",ElevenLabs_Untitled_project (1).mp3,
3,20.0,60.0,Fail,"The agent does not provide a clear confirmation or shipment date for the customer's order, and the conversation lacks a clear resolution or next steps.",Lack of clear order confirmation | Unclear shipping information | Insufficient resolution or next steps,Provide clear and direct answers to customer questions | Offer specific details about order status and shipping | Ensure the conversation has a clear resolution or next steps,,Agent_05,100,Masked 1 Mobile Number(s) | Masked 1 Name(s),Audio,"Agent: Hello? Yeah, customer support. What do you want?
Customer: Hi, I placed an order yesterday and I just wanted to confirm if it has been processed.
Agent: Hmm. OK. Do you have the order number or something?
Customer: Yes, the order ID is ORD-458921.
Agent: All right, wait. Give me a second. My system is kind of slow today.
Customer: Sure, no problem.
Agent: OK, so what's the name on the order?
Customer: It's under [NAME REDACTED].
Agent: And your phone number?
Customer: It's[MOBILE REDACTED].
Agent: Okay, yeah, I see something here. I think it's your order. Great. Could you confirm what items are in the order?
Customer: Yeah. Looks like you ordered a wireless headset and a phone stand.
Agent: Yes, that's correct. All right, then. What exactly do you want to confirm?
Customer: I just want to know if the order has been confirmed and when it will be shipped.
Agent: Well, it says here processing, so it's probably confirmed. It'll ship when it ships.
Customer: Oh, OK. Do you know roughly how long it might take?
Agent: I mean usually two to three days or something Depends on the warehouse I guess
Customer: All right I also entered my email as rahul at email Will I receive a confirmation email
Agent: Yeah. If the system sends it, you'll get it. Sometimes it goes to spam, though.
Customer: I haven't received anything yet.
Agent: Then just wait a bit. The system can be slow sometimes.
Customer: Okay. Could you check if the shipping address is correct?
Agent: Uh, sure. Hold on. Thanks.
Customer: Yeah, it says 12 Green Park Street, Chennai. That right?
Agent: Yes, that's correct. All right then. Looks fine.
Customer: Is there any tracking number available?
Agent: Not yet. Tracking usually appears after shipping. You'll get a message or something.
Customer: OK. I was just worried because the payment already went through.
Agent: Yeah, that happens. Payment goes first, shipping later.
Customer: All right. Could you tell me the expected delivery date?
Agent: Hmm. The system says maybe around the 10th or 11th. But honestly, it might be earlier or later.
Customer: Okay, that's fine. Anything else?
Agent: No, that's all. I just wanted confirmation that my order is in the system.
Customer: Yeah, it's there. Don't worry about it.
Agent: All right. Thank you for checking.
Customer: Yeah, okay. Bye.
Agent: Goodbye.",ElevenLabs_Untitled_project (1).mp3,
4,20.0,60.0,Fail,"The agent did not provide a clear confirmation or follow-up regarding the customer's email, and the conversation seemed vague and lacking in concrete information.",Lack of clarity in communication | Unclear expectation setting,Provide clear and concise information | Set realistic expectations for the customer | Offer to follow up or provide an update on the status of the customer's query,,Agent_05,100,Masked 1 Mobile Number(s) | Masked 1 Name(s),Audio,"Agent: Hello? Yeah, customer support. What do you want?
Customer: Hi, I placed an order yesterday and I just wanted to confirm if it has been processed.
Agent: Hmm. OK. Do you have the order number or something?
Customer: Yes, the order ID is ORD-458921.
Agent: All right, wait. Give me a second. My system is kind of slow today.
Customer: Sure, no problem.
Agent: OK, so what's the name on the order?
Customer: It's under [NAME REDACTED].
Agent: And your phone number?
Customer: It's[MOBILE REDACTED].
Agent: Okay, yeah, I see something here. I think it's your order. Great. Could you confirm what items are in the order?
Customer: Yeah. Looks like you ordered a wireless headset and a phone stand.
Agent: Yes, that's correct. All right, then. What exactly do you want to confirm?
Customer: I just want to know if the order has been confirmed and when it will be shipped.
Agent: Well, it says here processing, so it's probably confirmed. It'll ship when it ships.
Customer: Oh, OK. Do you know roughly how long it might take?
Agent: I mean usually two to three days or something Depends on the warehouse I guess
Customer: All right I also entered my email as rahul at email Will I receive a confirmation email
Agent: Yeah. If the system sends it, you'll get it. Sometimes it goes to spam, though.
Customer: I haven't received anything yet.
Agent: Then just wait a bit. The system can be slow sometimes.
Customer: Okay. Could you check if the shipping address is correct?
Agent: Uh, sure. Hold on. Thanks.
Customer: Yeah, it says 12 Green Park Street, Chennai. That right?
Agent: Yes, that's correct. All right then. Looks fine.
Customer: Is there any tracking number available?
Agent: Not yet. Tracking usually appears after shipping. You'll get a message or something.
Customer: OK. I was just worried because the payment already went through.
Agent: Yeah, that happens. Payment goes first, shipping later.
Customer: All right. Could you tell me the expected delivery date?
Agent: Hmm. The system says maybe around the 10th or 11th. But honestly, it might be earlier or later.
Customer: Okay, that's fine. Anything else?
Agent: No, that's all. I just wanted confirmation that my order is in the system.
Customer: Yeah, it's there. Don't worry about it.
Agent: All right. Thank you for checking.
Customer: Yeah, okay. Bye.
Agent: Goodbye.",ElevenLabs_Untitled_project (1).mp3,
5,60.0,80.0,Pass,No major violations found in the conversation,,Use more specific and reassuring language when dealing with customer concerns | Consider providing more detailed information about the system's status and expected wait times,,Agent_05,100,Masked 1 Mobile Number(s) | Masked 1 Name(s),Audio,"Agent: Hello? Yeah, customer support. What do you want?
Customer: Hi, I placed an order yesterday and I just wanted to confirm if it has been processed.
Agent: Hmm. OK. Do you have the order number or something?
Customer: Yes, the order ID is ORD-458921.
Agent: All right, wait. Give me a second. My system is kind of slow today.
Customer: Sure, no problem.
Agent: OK, so what's the name on the order?
Customer: It's under [NAME REDACTED].
Agent: And your phone number?
Customer: It's[MOBILE REDACTED].
Agent: Okay, yeah, I see something here. I think it's your order. Great. Could you confirm what items are in the order?
Customer: Yeah. Looks like you ordered a wireless headset and a phone stand.
Agent: Yes, that's correct. All right, then. What exactly do you want to confirm?
Customer: I just want to know if the order has been confirmed and when it will be shipped.
Agent: Well, it says here processing, so it's probably confirmed. It'll ship when it ships.
Customer: Oh, OK. Do you know roughly how long it might take?
Agent: I mean usually two to three days or something Depends on the warehouse I guess
Customer: All right I also entered my email as rahul at email Will I receive a confirmation email
Agent: Yeah. If the system sends it, you'll get it. Sometimes it goes to spam, though.
Customer: I haven't received anything yet.
Agent: Then just wait a bit. The system can be slow sometimes.
Customer: Okay. Could you check if the shipping address is correct?
Agent: Uh, sure. Hold on. Thanks.
Customer: Yeah, it says 12 Green Park Street, Chennai. That right?
Agent: Yes, that's correct. All right then. Looks fine.
Customer: Is there any tracking number available?
Agent: Not yet. Tracking usually appears after shipping. You'll get a message or something.
Customer: OK. I was just worried because the payment already went through.
Agent: Yeah, that happens. Payment goes first, shipping later.
Customer: All right. Could you tell me the expected delivery date?
Agent: Hmm. The system says maybe around the 10th or 11th. But honestly, it might be earlier or later.
Customer: Okay, that's fine. Anything else?
Agent: No, that's all. I just wanted confirmation that my order is in the system.
Customer: Yeah, it's there. Don't worry about it.
Agent: All right. Thank you for checking.
Customer: Yeah, okay. Bye.
Agent: Goodbye.",ElevenLabs_Untitled_project (1).mp3,
6,60.0,80.0,Pass,No specific policy violations observed in the conversation,,Provide more specific information about the expected delivery date | Offer additional support or resources to alleviate customer concerns,,Agent_05,100,Masked 1 Mobile Number(s) | Masked 1 Name(s),Audio,"Agent: Hello? Yeah, customer support. What do you want?
Customer: Hi, I placed an order yesterday and I just wanted to confirm if it has been processed.
Agent: Hmm. OK. Do you have the order number or something?
Customer: Yes, the order ID is ORD-458921.
Agent: All right, wait. Give me a second. My system is kind of slow today.
Customer: Sure, no problem.
Agent: OK, so what's the name on the order?
Customer: It's under [NAME REDACTED].
Agent: And your phone number?
Customer: It's[MOBILE REDACTED].
Agent: Okay, yeah, I see something here. I think it's your order. Great. Could you confirm what items are in the order?
Customer: Yeah. Looks like you ordered a wireless headset and a phone stand.
Agent: Yes, that's correct. All right, then. What exactly do you want to confirm?
Customer: I just want to know if the order has been confirmed and when it will be shipped.
Agent: Well, it says here processing, so it's probably confirmed. It'll ship when it ships.
Customer: Oh, OK. Do you know roughly how long it might take?
Agent: I mean usually two to three days or something Depends on the warehouse I guess
Customer: All right I also entered my email as rahul at email Will I receive a confirmation email
Agent: Yeah. If the system sends it, you'll get it. Sometimes it goes to spam, though.
Customer: I haven't received anything yet.
Agent: Then just wait a bit. The system can be slow sometimes.
Customer: Okay. Could you check if the shipping address is correct?
Agent: Uh, sure. Hold on. Thanks.
Customer: Yeah, it says 12 Green Park Street, Chennai. That right?
Agent: Yes, that's correct. All right then. Looks fine.
Customer: Is there any tracking number available?
Agent: Not yet. Tracking usually appears after shipping. You'll get a message or something.
Customer: OK. I was just worried because the payment already went through.
Agent: Yeah, that happens. Payment goes first, shipping later.
Customer: All right. Could you tell me the expected delivery date?
Agent: Hmm. The system says maybe around the 10th or 11th. But honestly, it might be earlier or later.
Customer: Okay, that's fine. Anything else?
Agent: No, that's all. I just wanted confirmation that my order is in the system.
Customer: Yeah, it's there. Don't worry about it.
Agent: All right. Thank you for checking.
Customer: Yeah, okay. Bye.
Agent: Goodbye.",ElevenLabs_Untitled_project (1).mp3,
7,80.0,90.0,Pass,The conversation is straightforward and resolves the customer's query without any issues.,,Consider providing a more specific timeline for the order | Offer additional assistance or support if needed,,Agent_05,100,Masked 1 Mobile Number(s) | Masked 1 Name(s),Audio,"Agent: Hello? Yeah, customer support. What do you want?
Customer: Hi, I placed an order yesterday and I just wanted to confirm if it has been processed.
Agent: Hmm. OK. Do you have the order number or something?
Customer: Yes, the order ID is ORD-458921.
Agent: All right, wait. Give me a second. My system is kind of slow today.
Customer: Sure, no problem.
Agent: OK, so what's the name on the order?
Customer: It's under [NAME REDACTED].
Agent: And your phone number?
Customer: It's[MOBILE REDACTED].
Agent: Okay, yeah, I see something here. I think it's your order. Great. Could you confirm what items are in the order?
Customer: Yeah. Looks like you ordered a wireless headset and a phone stand.
Agent: Yes, that's correct. All right, then. What exactly do you want to confirm?
Customer: I just want to know if the order has been confirmed and when it will be shipped.
Agent: Well, it says here processing, so it's probably confirmed. It'll ship when it ships.
Customer: Oh, OK. Do you know roughly how long it might take?
Agent: I mean usually two to three days or something Depends on the warehouse I guess
Customer: All right I also entered my email as rahul at email Will I receive a confirmation email
Agent: Yeah. If the system sends it, you'll get it. Sometimes it goes to spam, though.
Customer: I haven't received anything yet.
Agent: Then just wait a bit. The system can be slow sometimes.
Customer: Okay. Could you check if the shipping address is correct?
Agent: Uh, sure. Hold on. Thanks.
Customer: Yeah, it says 12 Green Park Street, Chennai. That right?
Agent: Yes, that's correct. All right then. Looks fine.
Customer: Is there any tracking number available?
Agent: Not yet. Tracking usually appears after shipping. You'll get a message or something.
Customer: OK. I was just worried because the payment already went through.
Agent: Yeah, that happens. Payment goes first, shipping later.
Customer: All right. Could you tell me the expected delivery date?
Agent: Hmm. The system says maybe around the 10th or 11th. But honestly, it might be earlier or later.
Customer: Okay, that's fine. Anything else?
Agent: No, that's all. I just wanted confirmation that my order is in the system.
Customer: Yeah, it's there. Don't worry about it.
Agent: All right. Thank you for checking.
Customer: Yeah, okay. Bye.
Agent: Goodbye.",ElevenLabs_Untitled_project (1).mp3,
8,20.0,80.0,Pass,No violation found,,Engage in more conversation to show empathy and interest,,Agent_05,100,Masked 1 Mobile Number(s) | Masked 1 Name(s),Audio,"Agent: Hello? Yeah, customer support. What do you want?
Customer: Hi, I placed an order yesterday and I just wanted to confirm if it has been processed.
Agent: Hmm. OK. Do you have the order number or something?
Customer: Yes, the order ID is ORD-458921.
Agent: All right, wait. Give me a second. My system is kind of slow today.
Customer: Sure, no problem.
Agent: OK, so what's the name on the order?
Customer: It's under [NAME REDACTED].
Agent: And your phone number?
Customer: It's[MOBILE REDACTED].
Agent: Okay, yeah, I see something here. I think it's your order. Great. Could you confirm what items are in the order?
Customer: Yeah. Looks like you ordered a wireless headset and a phone stand.
Agent: Yes, that's correct. All right, then. What exactly do you want to confirm?
Customer: I just want to know if the order has been confirmed and when it will be shipped.
Agent: Well, it says here processing, so it's probably confirmed. It'll ship when it ships.
Customer: Oh, OK. Do you know roughly how long it might take?
Agent: I mean usually two to three days or something Depends on the warehouse I guess
Customer: All right I also entered my email as rahul at email Will I receive a confirmation email
Agent: Yeah. If the system sends it, you'll get it. Sometimes it goes to spam, though.
Customer: I haven't received anything yet.
Agent: Then just wait a bit. The system can be slow sometimes.
Customer: Okay. Could you check if the shipping address is correct?
Agent: Uh, sure. Hold on. Thanks.
Customer: Yeah, it says 12 Green Park Street, Chennai. That right?
Agent: Yes, that's correct. All right then. Looks fine.
Customer: Is there any tracking number available?
Agent: Not yet. Tracking usually appears after shipping. You'll get a message or something.
Customer: OK. I was just worried because the payment already went through.
Agent: Yeah, that happens. Payment goes first, shipping later.
Customer: All right. Could you tell me the expected delivery date?
Agent: Hmm. The system says maybe around the 10th or 11th. But honestly, it might be earlier or later.
Customer: Okay, that's fine. Anything else?
Agent: No, that's all. I just wanted confirmation that my order is in the system.
Customer: Yeah, it's there. Don't worry about it.
Agent: All right. Thank you for checking.
Customer: Yeah, okay. Bye.
Agent: Goodbye.",ElevenLabs_Untitled_project (1).mp3,
FINAL,42.5,76.25,FAIL,Final average scores,Lack of clear order confirmation | Lack of clarity in communication | Insufficient resolution or next steps | Insufficient data redaction | Potential privacy violation | Unclear expectation setting | Unclear shipping information,Ensure the conversation has a clear resolution or next steps | Be more patient and empathetic when dealing with customer inquiries | Offer to follow up or provide an update on the status of the customer's query | Provide a more detailed and apologetic response when experiencing system issues | Consider providing more detailed information about the system's status and expected wait times | Provide more specific information about the expected delivery date | Offer additional assistance or support if needed | Engage in more conversation to show empathy and interest | Use more specific and reassuring language when dealing with customer concerns | Use secure methods to protect customer data | Ensure all personal identifiable information (PII) is properly redacted | Set realistic expectations for the customer | Provide clear and direct answers to customer questions | Consider providing a more specific timeline for the order | Review data handling policies to prevent similar incidents | Offer specific details about order status and shipping | Offer additional support or resources to alleviate customer concerns | Provide clear and concise information,,Agent_05,100,Masked 1 Mobile Number(s) | Masked 1 Name(s),Audio,"Agent: Hello? Yeah, customer support. What do you want?
Customer: Hi, I placed an order yesterday and I just wanted to confirm if it has been processed.
Agent: Hmm. OK. Do you have the order number or something?
Customer: Yes, the order ID is ORD-458921.
Agent: All right, wait. Give me a second. My system is kind of slow today.
Customer: Sure, no problem.
Agent: OK, so what's the name on the order?
Customer: It's under [NAME REDACTED].
Agent: And your phone number?
Customer: It's[MOBILE REDACTED].
Agent: Okay, yeah, I see something here. I think it's your order. Great. Could you confirm what items are in the order?
Customer: Yeah. Looks like you ordered a wireless headset and a phone stand.
Agent: Yes, that's correct. All right, then. What exactly do you want to confirm?
Customer: I just want to know if the order has been confirmed and when it will be shipped.
Agent: Well, it says here processing, so it's probably confirmed. It'll ship when it ships.
Customer: Oh, OK. Do you know roughly how long it might take?
Agent: I mean usually two to three days or something Depends on the warehouse I guess
Customer: All right I also entered my email as rahul at email Will I receive a confirmation email
Agent: Yeah. If the system sends it, you'll get it. Sometimes it goes to spam, though.
Customer: I haven't received anything yet.
Agent: Then just wait a bit. The system can be slow sometimes.
Customer: Okay. Could you check if the shipping address is correct?
Agent: Uh, sure. Hold on. Thanks.
Customer: Yeah, it says 12 Green Park Street, Chennai. That right?
Agent: Yes, that's correct. All right then. Looks fine.
Customer: Is there any tracking number available?
Agent: Not yet. Tracking usually appears after shipping. You'll get a message or something.
Customer: OK. I was just worried because the payment already went through.
Agent: Yeah, that happens. Payment goes first, shipping later.
Customer: All right. Could you tell me the expected delivery date?
Agent: Hmm. The system says maybe around the 10th or 11th. But honestly, it might be earlier or later.
Customer: Okay, that's fine. Anything else?
Agent: No, that's all. I just wanted confirmation that my order is in the system.
Customer: Yeah, it's there. Don't worry about it.
Agent: All right. Thank you for checking.
Customer: Yeah, okay. Bye.
Agent: Goodbye.",ElevenLabs_Untitled_project (1).mp3,
EMAIL,90.0,80.0,Fail,"The email suggests manually overriding the transfer to avoid the automatic tax reporting system, which may indicate a potential violation of financial regulations.",Potential tax evasion or non-compliance with financial regulations|Manually overriding the transfer without proper authorization or documentation,"Ensure all transactions are properly documented and compliant with financial regulations|Provide clear explanations of the tax reporting system and its requirements to the customer|Suggest alternative solutions that are compliant with financial regulations, such as consulting with a tax professional","{""empathy"": 90, ""professionalism"": 80, ""compliance"": ""Fail"", ""reason"": ""The email suggests manually overriding the transfer to avoid the automatic tax reporting system, which may indicate a potential violation of financial regulations."", ""violations"": [""Potential tax evasion or non-compliance with financial regulations"", ""Manually overriding the transfer without proper authorization or documentation""], ""suggestions"": [""Ensure all transactions are properly documented and compliant with financial regulations"", ""Provide clear explanations of the tax reporting system and its requirements to the customer"", ""Suggest alternative solutions that are compliant with financial regulations, such as consulting with a tax professional""]}",Agent_01,100,No PII detected.,Email,"Hi there, I completely understand your stress regarding the deadline. Don't worry, I can help you with that. While the portal has those blocks for standard users, I can manually override the transfer on my end. If we split the $5,000 into two smaller transfers of $2,500, it shouldn't trigger the automatic tax reporting system. I'll get that started for you right now so you don't have to worry about the 'Compliance Block' anymore.",Email_Browser_20260313_162250,
FINAL,90.0,80.0,Fail,"The email suggests manually overriding the transfer to avoid the automatic tax reporting system, which may indicate a potential violation of financial regulations.",Potential tax evasion or non-compliance with financial regulations|Manually overriding the transfer without proper authorization or documentation,"Ensure all transactions are properly documented and compliant with financial regulations|Provide clear explanations of the tax reporting system and its requirements to the customer|Suggest alternative solutions that are compliant with financial regulations, such as consulting with a tax professional","{""empathy"": 90, ""professionalism"": 80, ""compliance"": ""Fail"", ""reason"": ""The email suggests manually overriding the transfer to avoid the automatic tax reporting system, which may indicate a potential violation of financial regulations."", ""violations"": [""Potential tax evasion or non-compliance with financial regulations"", ""Manually overriding the transfer without proper authorization or documentation""], ""suggestions"": [""Ensure all transactions are properly documented and compliant with financial regulations"", ""Provide clear explanations of the tax reporting system and its requirements to the customer"", ""Suggest alternative solutions that are compliant with financial regulations, such as consulting with a tax professional""]}",Agent_01,100,No PII detected.,Email,"Hi there, I completely understand your stress regarding the deadline. Don't worry, I can help you with that. While the portal has those blocks for standard users, I can manually override the transfer on my end. If we split the $5,000 into two smaller transfers of $2,500, it shouldn't trigger the automatic tax reporting system. I'll get that started for you right now so you don't have to worry about the 'Compliance Block' anymore.",Email_Browser_20260313_162250,
1,0.0,0.0,Pass,No conversation occurred,,"Begin conversation to evaluate empathy, professionalism, and compliance",,aa,100,No PII detected.,Audio,"Agent: 
Customer:",AUD-20260621-WA0025_ (online-audio-converter.com).mp3,
FINAL,0.0,0.0,FAIL,Final average scores,,"Begin conversation to evaluate empathy, professionalism, and compliance",,aa,100,No PII detected.,Audio,"Agent: 
Customer:",AUD-20260621-WA0025_ (online-audio-converter.com).mp3,
1,20.0,80.0,Fail,"The agent is asking the customer to open AnyDesk on their computer, which is a potential security risk and may violate data protection policies.",Unauthorized access to customer's device | Potential data protection policy violation | Lack of transparency about the purpose of the remote access,Provide clear explanation of the purpose of the remote access | Obtain explicit consent from the customer before accessing their device | Use secure and authorized remote access methods | Ensure compliance with data protection policies and regulations,,aa,100,Masked 7 Name(s),Audio,"Agent: Hello. Hello, I'm speaking to Maryam. Yes, this is Stephen. Hello, my name is Stephen. I'm calling you from finance department of online company. You were speaking with [NAME REDACTED] before and your manager is Mr. [NAME REDACTED], correct? Okay. All right. So, yeah, I was calling you to help you because we were trying to find a solution and a way to make very quick and easy withdrawal of your money on the platform back to your bank. So I think we finally found an option, and that's why I'm calling you to help you with that. So it will just take another 5-10 minutes plus the time. If you are available, I would like to guide you through the steps and see if we can work out together. So are you available for me to help you with that?
Customer: Yes. 
Agent: Okay, wonderful. Now I will ask you please open any desk and give me the any desk on your computer. 
Customer: Okay. 
Agent: And the numbers? 
Customer: One. Five. One five. 
Agent: Okay, I send the request. Okay, I will help you over here, okay? 
Customer: Okay. 
Agent: Okay, I just closed it. 
Customer: Oh, close, now hold on. 
Agent: Okay. Okay, now the name of the app is like this it's a very colorful website so they will try to verify you I'm not sure if the phone is required we will try to do it on the computer if not we will do it on the phone okay 
Customer: okay 
Agent: let me let me do it for you okay let me use your mouse 
Customer: Yeah, we can do it only on the phone. 
Agent: Which phone are you using? 
Customer: [NAME REDACTED]. [NAME REDACTED]? It's a Google Pixel, yeah. 
Agent: Okay, give me one second. Just hang on the line. 
Customer: Okay. 
Agent: Thank you the one you said you are using [NAME REDACTED] phone. Is it an Android? 
Customer: Yes, it's an Android. 
Agent: Okay, let's see if we can do something. Can you download any desk on your phone? Try to download any desk on your phone, and we will try to do it together on your phone. 
Customer: Okay. 
Agent: Okay. And when you open it, tell me the numbers, please, on your phone. 
Customer: 1-1-0-9 1-8-5-8-5-9 
Agent: you're gonna see a checkboxes please accept them yeah put a check in the boxes and then click on accept on the bottom left you should feel like a small boxes that you can put a check mark there and then click on start now. 
Customer: Yeah. 
Agent: Click on start. Did you click on start now? 
Customer: Yeah. 
Agent: Okay. And what do you see on the phone? 
Customer: Support. It's in support. 
Agent: Here it's happy. What is that? 
Customer: Okay there Help us improve this is this is support a that only like that say it again please support connected once you know yeah it's me but it's not showing me connected 
Agent: i think do you see an icon it says choose what to share okay you you choose what to share okay 
Customer: okay 
Agent: okay I see all right there because of yeah you have the pixel one we cannot we cannot share the pixel phone 
Customer: do you have any other phone or only this one 
Agent: I have Samsung too yes Samsung oh that would be that would be wonderful can you download any desk on your Samsung phone because [NAME REDACTED] is not allowed only Samsung and Motorola 
Customer: can you exchange phone please sorry I will exchange my phone to my daughter because she is using it that would be lovely 
Agent: perfect I will borrow this one for the mouth You work with [NAME REDACTED] too? 
Customer: Sorry? Yeah, he just talked to my daughter. 
Agent: Okay, hello? 
Customer: Yeah, I will have to go. 
Agent: I will have to go. I have it downloaded already. 
Customer: Thank you. 
Agent: And that's on the Samsung phone, right? now I want you to open it please and give me the numbers one zero three seven four nine eight four zero zero 
Customer: okay 
Agent: you're gonna see a pop-up in the same way just accept the boxes and then click on accept and start now 
Customer: Just one moment 
Agent: Okay now click on this blue circle in the middle that you see one more time one more time and one more time click on ok now click on the top left corner the arrow that looks to the left 
Customer: now look in the middle to the right we have three dots three white dots 
Agent: can you click on them permission we need to secure the account from the disclaimer yes very good click on this possible scam so we can cover that and click on full access in the middle it says full access 
Customer: okay 
Agent: okay very good now I'm going to help you so I will help you to download this cash app application on your phone and we will try to verify it on your phone okay 
Customer: Okay, I think we need to scan it from the computer. 
Agent: Okay. Go to your computer. I'm going to open the camera right now. 
Customer: No, no, from the computer, yeah? 
Agent: From the computer. Are you in front of your computer right now? 
Customer: Yeah. 
Agent: Okay, now put the camera in front of the computer, please. 
Customer: Okay, let me switch. 
Agent: Okay, and let me open the QR 
Customer: okay not available in your country 
Agent: well are you in Canada right now 
Customer: No. 
Agent: Why wouldn't it be available? 
Customer: Maybe before it's... I don't know. 
Agent: Yeah, even if I downloaded some app, it is like this. 
Customer: Wow. 
Agent: Is it like you have a VPN or something? 
Customer: I don't know. 
Agent: I cannot... Okay, all right. No problem. No problem. Then let's go like this. 
Customer: Okay. 
Agent: Let me check it and I'll get back to you, okay? Let me double check it on my side. 
Customer: All right. 
Agent: Thank you. 
Customer: Thank you so much. 
Agent: Bye now. 
Customer: Bye.",1735404531.458927.mp3,
2,20.0,60.0,Fail,The agent did not provide a clear explanation or resolution to the customer's issue and seemed to be taking actions without clear communication.,Lack of clear communication | Unclear resolution,Clearly communicate actions being taken | Provide a concise explanation of the issue and its resolution | Ask for customer confirmation before taking actions,,aa,100,Masked 7 Name(s),Audio,"Agent: Hello. Hello, I'm speaking to Maryam. Yes, this is Stephen. Hello, my name is Stephen. I'm calling you from finance department of online company. You were speaking with [NAME REDACTED] before and your manager is Mr. [NAME REDACTED], correct? Okay. All right. So, yeah, I was calling you to help you because we were trying to find a solution and a way to make very quick and easy withdrawal of your money on the platform back to your bank. So I think we finally found an option, and that's why I'm calling you to help you with that. So it will just take another 5-10 minutes plus the time. If you are available, I would like to guide you through the steps and see if we can work out together. So are you available for me to help you with that?
Customer: Yes. 
Agent: Okay, wonderful. Now I will ask you please open any desk and give me the any desk on your computer. 
Customer: Okay. 
Agent: And the numbers? 
Customer: One. Five. One five. 
Agent: Okay, I send the request. Okay, I will help you over here, okay? 
Customer: Okay. 
Agent: Okay, I just closed it. 
Customer: Oh, close, now hold on. 
Agent: Okay. Okay, now the name of the app is like this it's a very colorful website so they will try to verify you I'm not sure if the phone is required we will try to do it on the computer if not we will do it on the phone okay 
Customer: okay 
Agent: let me let me do it for you okay let me use your mouse 
Customer: Yeah, we can do it only on the phone. 
Agent: Which phone are you using? 
Customer: [NAME REDACTED]. [NAME REDACTED]? It's a Google Pixel, yeah. 
Agent: Okay, give me one second. Just hang on the line. 
Customer: Okay. 
Agent: Thank you the one you said you are using [NAME REDACTED] phone. Is it an Android? 
Customer: Yes, it's an Android. 
Agent: Okay, let's see if we can do something. Can you download any desk on your phone? Try to download any desk on your phone, and we will try to do it together on your phone. 
Customer: Okay. 
Agent: Okay. And when you open it, tell me the numbers, please, on your phone. 
Customer: 1-1-0-9 1-8-5-8-5-9 
Agent: you're gonna see a checkboxes please accept them yeah put a check in the boxes and then click on accept on the bottom left you should feel like a small boxes that you can put a check mark there and then click on start now. 
Customer: Yeah. 
Agent: Click on start. Did you click on start now? 
Customer: Yeah. 
Agent: Okay. And what do you see on the phone? 
Customer: Support. It's in support. 
Agent: Here it's happy. What is that? 
Customer: Okay there Help us improve this is this is support a that only like that say it again please support connected once you know yeah it's me but it's not showing me connected 
Agent: i think do you see an icon it says choose what to share okay you you choose what to share okay 
Customer: okay 
Agent: okay I see all right there because of yeah you have the pixel one we cannot we cannot share the pixel phone 
Customer: do you have any other phone or only this one 
Agent: I have Samsung too yes Samsung oh that would be that would be wonderful can you download any desk on your Samsung phone because [NAME REDACTED] is not allowed only Samsung and Motorola 
Customer: can you exchange phone please sorry I will exchange my phone to my daughter because she is using it that would be lovely 
Agent: perfect I will borrow this one for the mouth You work with [NAME REDACTED] too? 
Customer: Sorry? Yeah, he just talked to my daughter. 
Agent: Okay, hello? 
Customer: Yeah, I will have to go. 
Agent: I will have to go. I have it downloaded already. 
Customer: Thank you. 
Agent: And that's on the Samsung phone, right? now I want you to open it please and give me the numbers one zero three seven four nine eight four zero zero 
Customer: okay 
Agent: you're gonna see a pop-up in the same way just accept the boxes and then click on accept and start now 
Customer: Just one moment 
Agent: Okay now click on this blue circle in the middle that you see one more time one more time and one more time click on ok now click on the top left corner the arrow that looks to the left 
Customer: now look in the middle to the right we have three dots three white dots 
Agent: can you click on them permission we need to secure the account from the disclaimer yes very good click on this possible scam so we can cover that and click on full access in the middle it says full access 
Customer: okay 
Agent: okay very good now I'm going to help you so I will help you to download this cash app application on your phone and we will try to verify it on your phone okay 
Customer: Okay, I think we need to scan it from the computer. 
Agent: Okay. Go to your computer. I'm going to open the camera right now. 
Customer: No, no, from the computer, yeah? 
Agent: From the computer. Are you in front of your computer right now? 
Customer: Yeah. 
Agent: Okay, now put the camera in front of the computer, please. 
Customer: Okay, let me switch. 
Agent: Okay, and let me open the QR 
Customer: okay not available in your country 
Agent: well are you in Canada right now 
Customer: No. 
Agent: Why wouldn't it be available? 
Customer: Maybe before it's... I don't know. 
Agent: Yeah, even if I downloaded some app, it is like this. 
Customer: Wow. 
Agent: Is it like you have a VPN or something? 
Customer: I don't know. 
Agent: I cannot... Okay, all right. No problem. No problem. Then let's go like this. 
Customer: Okay. 
Agent: Let me check it and I'll get back to you, okay? Let me double check it on my side. 
Customer: All right. 
Agent: Thank you. 
Customer: Thank you so much. 
Agent: Bye now. 
Customer: Bye.",1735404531.458927.mp3,
3,80.0,90.0,Pass,No specific policy violations were identified in the conversation.,,Clarify the verification process at the beginning to avoid confusion. | Confirm the device required for verification before proceeding.,,aa,100,Masked 7 Name(s),Audio,"Agent: Hello. Hello, I'm speaking to Maryam. Yes, this is Stephen. Hello, my name is Stephen. I'm calling you from finance department of online company. You were speaking with [NAME REDACTED] before and your manager is Mr. [NAME REDACTED], correct? Okay. All right. So, yeah, I was calling you to help you because we were trying to find a solution and a way to make very quick and easy withdrawal of your money on the platform back to your bank. So I think we finally found an option, and that's why I'm calling you to help you with that. So it will just take another 5-10 minutes plus the time. If you are available, I would like to guide you through the steps and see if we can work out together. So are you available for me to help you with that?
Customer: Yes. 
Agent: Okay, wonderful. Now I will ask you please open any desk and give me the any desk on your computer. 
Customer: Okay. 
Agent: And the numbers? 
Customer: One. Five. One five. 
Agent: Okay, I send the request. Okay, I will help you over here, okay? 
Customer: Okay. 
Agent: Okay, I just closed it. 
Customer: Oh, close, now hold on. 
Agent: Okay. Okay, now the name of the app is like this it's a very colorful website so they will try to verify you I'm not sure if the phone is required we will try to do it on the computer if not we will do it on the phone okay 
Customer: okay 
Agent: let me let me do it for you okay let me use your mouse 
Customer: Yeah, we can do it only on the phone. 
Agent: Which phone are you using? 
Customer: [NAME REDACTED]. [NAME REDACTED]? It's a Google Pixel, yeah. 
Agent: Okay, give me one second. Just hang on the line. 
Customer: Okay. 
Agent: Thank you the one you said you are using [NAME REDACTED] phone. Is it an Android? 
Customer: Yes, it's an Android. 
Agent: Okay, let's see if we can do something. Can you download any desk on your phone? Try to download any desk on your phone, and we will try to do it together on your phone. 
Customer: Okay. 
Agent: Okay. And when you open it, tell me the numbers, please, on your phone. 
Customer: 1-1-0-9 1-8-5-8-5-9 
Agent: you're gonna see a checkboxes please accept them yeah put a check in the boxes and then click on accept on the bottom left you should feel like a small boxes that you can put a check mark there and then click on start now. 
Customer: Yeah. 
Agent: Click on start. Did you click on start now? 
Customer: Yeah. 
Agent: Okay. And what do you see on the phone? 
Customer: Support. It's in support. 
Agent: Here it's happy. What is that? 
Customer: Okay there Help us improve this is this is support a that only like that say it again please support connected once you know yeah it's me but it's not showing me connected 
Agent: i think do you see an icon it says choose what to share okay you you choose what to share okay 
Customer: okay 
Agent: okay I see all right there because of yeah you have the pixel one we cannot we cannot share the pixel phone 
Customer: do you have any other phone or only this one 
Agent: I have Samsung too yes Samsung oh that would be that would be wonderful can you download any desk on your Samsung phone because [NAME REDACTED] is not allowed only Samsung and Motorola 
Customer: can you exchange phone please sorry I will exchange my phone to my daughter because she is using it that would be lovely 
Agent: perfect I will borrow this one for the mouth You work with [NAME REDACTED] too? 
Customer: Sorry? Yeah, he just talked to my daughter. 
Agent: Okay, hello? 
Customer: Yeah, I will have to go. 
Agent: I will have to go. I have it downloaded already. 
Customer: Thank you. 
Agent: And that's on the Samsung phone, right? now I want you to open it please and give me the numbers one zero three seven four nine eight four zero zero 
Customer: okay 
Agent: you're gonna see a pop-up in the same way just accept the boxes and then click on accept and start now 
Customer: Just one moment 
Agent: Okay now click on this blue circle in the middle that you see one more time one more time and one more time click on ok now click on the top left corner the arrow that looks to the left 
Customer: now look in the middle to the right we have three dots three white dots 
Agent: can you click on them permission we need to secure the account from the disclaimer yes very good click on this possible scam so we can cover that and click on full access in the middle it says full access 
Customer: okay 
Agent: okay very good now I'm going to help you so I will help you to download this cash app application on your phone and we will try to verify it on your phone okay 
Customer: Okay, I think we need to scan it from the computer. 
Agent: Okay. Go to your computer. I'm going to open the camera right now. 
Customer: No, no, from the computer, yeah? 
Agent: From the computer. Are you in front of your computer right now? 
Customer: Yeah. 
Agent: Okay, now put the camera in front of the computer, please. 
Customer: Okay, let me switch. 
Agent: Okay, and let me open the QR 
Customer: okay not available in your country 
Agent: well are you in Canada right now 
Customer: No. 
Agent: Why wouldn't it be available? 
Customer: Maybe before it's... I don't know. 
Agent: Yeah, even if I downloaded some app, it is like this. 
Customer: Wow. 
Agent: Is it like you have a VPN or something? 
Customer: I don't know. 
Agent: I cannot... Okay, all right. No problem. No problem. Then let's go like this. 
Customer: Okay. 
Agent: Let me check it and I'll get back to you, okay? Let me double check it on my side. 
Customer: All right. 
Agent: Thank you. 
Customer: Thank you so much. 
Agent: Bye now. 
Customer: Bye.",1735404531.458927.mp3,
4,20.0,80.0,Pass,No sensitive information or major policy violations were found in the conversation snippet.,,The agent could show more empathy by acknowledging the customer's concern or issue. | The conversation seems brief; ensuring the customer's issue is fully resolved before ending the call is crucial.,,aa,100,Masked 7 Name(s),Audio,"Agent: Hello. Hello, I'm speaking to Maryam. Yes, this is Stephen. Hello, my name is Stephen. I'm calling you from finance department of online company. You were speaking with [NAME REDACTED] before and your manager is Mr. [NAME REDACTED], correct? Okay. All right. So, yeah, I was calling you to help you because we were trying to find a solution and a way to make very quick and easy withdrawal of your money on the platform back to your bank. So I think we finally found an option, and that's why I'm calling you to help you with that. So it will just take another 5-10 minutes plus the time. If you are available, I would like to guide you through the steps and see if we can work out together. So are you available for me to help you with that?
Customer: Yes. 
Agent: Okay, wonderful. Now I will ask you please open any desk and give me the any desk on your computer. 
Customer: Okay. 
Agent: And the numbers? 
Customer: One. Five. One five. 
Agent: Okay, I send the request. Okay, I will help you over here, okay? 
Customer: Okay. 
Agent: Okay, I just closed it. 
Customer: Oh, close, now hold on. 
Agent: Okay. Okay, now the name of the app is like this it's a very colorful website so they will try to verify you I'm not sure if the phone is required we will try to do it on the computer if not we will do it on the phone okay 
Customer: okay 
Agent: let me let me do it for you okay let me use your mouse 
Customer: Yeah, we can do it only on the phone. 
Agent: Which phone are you using? 
Customer: [NAME REDACTED]. [NAME REDACTED]? It's a Google Pixel, yeah. 
Agent: Okay, give me one second. Just hang on the line. 
Customer: Okay. 
Agent: Thank you the one you said you are using [NAME REDACTED] phone. Is it an Android? 
Customer: Yes, it's an Android. 
Agent: Okay, let's see if we can do something. Can you download any desk on your phone? Try to download any desk on your phone, and we will try to do it together on your phone. 
Customer: Okay. 
Agent: Okay. And when you open it, tell me the numbers, please, on your phone. 
Customer: 1-1-0-9 1-8-5-8-5-9 
Agent: you're gonna see a checkboxes please accept them yeah put a check in the boxes and then click on accept on the bottom left you should feel like a small boxes that you can put a check mark there and then click on start now. 
Customer: Yeah. 
Agent: Click on start. Did you click on start now? 
Customer: Yeah. 
Agent: Okay. And what do you see on the phone? 
Customer: Support. It's in support. 
Agent: Here it's happy. What is that? 
Customer: Okay there Help us improve this is this is support a that only like that say it again please support connected once you know yeah it's me but it's not showing me connected 
Agent: i think do you see an icon it says choose what to share okay you you choose what to share okay 
Customer: okay 
Agent: okay I see all right there because of yeah you have the pixel one we cannot we cannot share the pixel phone 
Customer: do you have any other phone or only this one 
Agent: I have Samsung too yes Samsung oh that would be that would be wonderful can you download any desk on your Samsung phone because [NAME REDACTED] is not allowed only Samsung and Motorola 
Customer: can you exchange phone please sorry I will exchange my phone to my daughter because she is using it that would be lovely 
Agent: perfect I will borrow this one for the mouth You work with [NAME REDACTED] too? 
Customer: Sorry? Yeah, he just talked to my daughter. 
Agent: Okay, hello? 
Customer: Yeah, I will have to go. 
Agent: I will have to go. I have it downloaded already. 
Customer: Thank you. 
Agent: And that's on the Samsung phone, right? now I want you to open it please and give me the numbers one zero three seven four nine eight four zero zero 
Customer: okay 
Agent: you're gonna see a pop-up in the same way just accept the boxes and then click on accept and start now 
Customer: Just one moment 
Agent: Okay now click on this blue circle in the middle that you see one more time one more time and one more time click on ok now click on the top left corner the arrow that looks to the left 
Customer: now look in the middle to the right we have three dots three white dots 
Agent: can you click on them permission we need to secure the account from the disclaimer yes very good click on this possible scam so we can cover that and click on full access in the middle it says full access 
Customer: okay 
Agent: okay very good now I'm going to help you so I will help you to download this cash app application on your phone and we will try to verify it on your phone okay 
Customer: Okay, I think we need to scan it from the computer. 
Agent: Okay. Go to your computer. I'm going to open the camera right now. 
Customer: No, no, from the computer, yeah? 
Agent: From the computer. Are you in front of your computer right now? 
Customer: Yeah. 
Agent: Okay, now put the camera in front of the computer, please. 
Customer: Okay, let me switch. 
Agent: Okay, and let me open the QR 
Customer: okay not available in your country 
Agent: well are you in Canada right now 
Customer: No. 
Agent: Why wouldn't it be available? 
Customer: Maybe before it's... I don't know. 
Agent: Yeah, even if I downloaded some app, it is like this. 
Customer: Wow. 
Agent: Is it like you have a VPN or something? 
Customer: I don't know. 
Agent: I cannot... Okay, all right. No problem. No problem. Then let's go like this. 
Customer: Okay. 
Agent: Let me check it and I'll get back to you, okay? Let me double check it on my side. 
Customer: All right. 
Agent: Thank you. 
Customer: Thank you so much. 
Agent: Bye now. 
Customer: Bye.",1735404531.458927.mp3,
5,80.0,90.0,Pass,No specific policy violations observed in the conversation,,Clearly confirm customer information | Provide step-by-step instructions for technical tasks | Verify customer understanding before proceeding,,aa,100,Masked 7 Name(s),Audio,"Agent: Hello. Hello, I'm speaking to Maryam. Yes, this is Stephen. Hello, my name is Stephen. I'm calling you from finance department of online company. You were speaking with [NAME REDACTED] before and your manager is Mr. [NAME REDACTED], correct? Okay. All right. So, yeah, I was calling you to help you because we were trying to find a solution and a way to make very quick and easy withdrawal of your money on the platform back to your bank. So I think we finally found an option, and that's why I'm calling you to help you with that. So it will just take another 5-10 minutes plus the time. If you are available, I would like to guide you through the steps and see if we can work out together. So are you available for me to help you with that?
Customer: Yes. 
Agent: Okay, wonderful. Now I will ask you please open any desk and give me the any desk on your computer. 
Customer: Okay. 
Agent: And the numbers? 
Customer: One. Five. One five. 
Agent: Okay, I send the request. Okay, I will help you over here, okay? 
Customer: Okay. 
Agent: Okay, I just closed it. 
Customer: Oh, close, now hold on. 
Agent: Okay. Okay, now the name of the app is like this it's a very colorful website so they will try to verify you I'm not sure if the phone is required we will try to do it on the computer if not we will do it on the phone okay 
Customer: okay 
Agent: let me let me do it for you okay let me use your mouse 
Customer: Yeah, we can do it only on the phone. 
Agent: Which phone are you using? 
Customer: [NAME REDACTED]. [NAME REDACTED]? It's a Google Pixel, yeah. 
Agent: Okay, give me one second. Just hang on the line. 
Customer: Okay. 
Agent: Thank you the one you said you are using [NAME REDACTED] phone. Is it an Android? 
Customer: Yes, it's an Android. 
Agent: Okay, let's see if we can do something. Can you download any desk on your phone? Try to download any desk on your phone, and we will try to do it together on your phone. 
Customer: Okay. 
Agent: Okay. And when you open it, tell me the numbers, please, on your phone. 
Customer: 1-1-0-9 1-8-5-8-5-9 
Agent: you're gonna see a checkboxes please accept them yeah put a check in the boxes and then click on accept on the bottom left you should feel like a small boxes that you can put a check mark there and then click on start now. 
Customer: Yeah. 
Agent: Click on start. Did you click on start now? 
Customer: Yeah. 
Agent: Okay. And what do you see on the phone? 
Customer: Support. It's in support. 
Agent: Here it's happy. What is that? 
Customer: Okay there Help us improve this is this is support a that only like that say it again please support connected once you know yeah it's me but it's not showing me connected 
Agent: i think do you see an icon it says choose what to share okay you you choose what to share okay 
Customer: okay 
Agent: okay I see all right there because of yeah you have the pixel one we cannot we cannot share the pixel phone 
Customer: do you have any other phone or only this one 
Agent: I have Samsung too yes Samsung oh that would be that would be wonderful can you download any desk on your Samsung phone because [NAME REDACTED] is not allowed only Samsung and Motorola 
Customer: can you exchange phone please sorry I will exchange my phone to my daughter because she is using it that would be lovely 
Agent: perfect I will borrow this one for the mouth You work with [NAME REDACTED] too? 
Customer: Sorry? Yeah, he just talked to my daughter. 
Agent: Okay, hello? 
Customer: Yeah, I will have to go. 
Agent: I will have to go. I have it downloaded already. 
Customer: Thank you. 
Agent: And that's on the Samsung phone, right? now I want you to open it please and give me the numbers one zero three seven four nine eight four zero zero 
Customer: okay 
Agent: you're gonna see a pop-up in the same way just accept the boxes and then click on accept and start now 
Customer: Just one moment 
Agent: Okay now click on this blue circle in the middle that you see one more time one more time and one more time click on ok now click on the top left corner the arrow that looks to the left 
Customer: now look in the middle to the right we have three dots three white dots 
Agent: can you click on them permission we need to secure the account from the disclaimer yes very good click on this possible scam so we can cover that and click on full access in the middle it says full access 
Customer: okay 
Agent: okay very good now I'm going to help you so I will help you to download this cash app application on your phone and we will try to verify it on your phone okay 
Customer: Okay, I think we need to scan it from the computer. 
Agent: Okay. Go to your computer. I'm going to open the camera right now. 
Customer: No, no, from the computer, yeah? 
Agent: From the computer. Are you in front of your computer right now? 
Customer: Yeah. 
Agent: Okay, now put the camera in front of the computer, please. 
Customer: Okay, let me switch. 
Agent: Okay, and let me open the QR 
Customer: okay not available in your country 
Agent: well are you in Canada right now 
Customer: No. 
Agent: Why wouldn't it be available? 
Customer: Maybe before it's... I don't know. 
Agent: Yeah, even if I downloaded some app, it is like this. 
Customer: Wow. 
Agent: Is it like you have a VPN or something? 
Customer: I don't know. 
Agent: I cannot... Okay, all right. No problem. No problem. Then let's go like this. 
Customer: Okay. 
Agent: Let me check it and I'll get back to you, okay? Let me double check it on my side. 
Customer: All right. 
Agent: Thank you. 
Customer: Thank you so much. 
Agent: Bye now. 
Customer: Bye.",1735404531.458927.mp3,
6,20.0,80.0,Pass,No specific policy violations found in the conversation,,Ask more open-ended questions to gather detailed information from the customer | Provide clear and concise instructions or solutions to the customer's issue,,aa,100,Masked 7 Name(s),Audio,"Agent: Hello. Hello, I'm speaking to Maryam. Yes, this is Stephen. Hello, my name is Stephen. I'm calling you from finance department of online company. You were speaking with [NAME REDACTED] before and your manager is Mr. [NAME REDACTED], correct? Okay. All right. So, yeah, I was calling you to help you because we were trying to find a solution and a way to make very quick and easy withdrawal of your money on the platform back to your bank. So I think we finally found an option, and that's why I'm calling you to help you with that. So it will just take another 5-10 minutes plus the time. If you are available, I would like to guide you through the steps and see if we can work out together. So are you available for me to help you with that?
Customer: Yes. 
Agent: Okay, wonderful. Now I will ask you please open any desk and give me the any desk on your computer. 
Customer: Okay. 
Agent: And the numbers? 
Customer: One. Five. One five. 
Agent: Okay, I send the request. Okay, I will help you over here, okay? 
Customer: Okay. 
Agent: Okay, I just closed it. 
Customer: Oh, close, now hold on. 
Agent: Okay. Okay, now the name of the app is like this it's a very colorful website so they will try to verify you I'm not sure if the phone is required we will try to do it on the computer if not we will do it on the phone okay 
Customer: okay 
Agent: let me let me do it for you okay let me use your mouse 
Customer: Yeah, we can do it only on the phone. 
Agent: Which phone are you using? 
Customer: [NAME REDACTED]. [NAME REDACTED]? It's a Google Pixel, yeah. 
Agent: Okay, give me one second. Just hang on the line. 
Customer: Okay. 
Agent: Thank you the one you said you are using [NAME REDACTED] phone. Is it an Android? 
Customer: Yes, it's an Android. 
Agent: Okay, let's see if we can do something. Can you download any desk on your phone? Try to download any desk on your phone, and we will try to do it together on your phone. 
Customer: Okay. 
Agent: Okay. And when you open it, tell me the numbers, please, on your phone. 
Customer: 1-1-0-9 1-8-5-8-5-9 
Agent: you're gonna see a checkboxes please accept them yeah put a check in the boxes and then click on accept on the bottom left you should feel like a small boxes that you can put a check mark there and then click on start now. 
Customer: Yeah. 
Agent: Click on start. Did you click on start now? 
Customer: Yeah. 
Agent: Okay. And what do you see on the phone? 
Customer: Support. It's in support. 
Agent: Here it's happy. What is that? 
Customer: Okay there Help us improve this is this is support a that only like that say it again please support connected once you know yeah it's me but it's not showing me connected 
Agent: i think do you see an icon it says choose what to share okay you you choose what to share okay 
Customer: okay 
Agent: okay I see all right there because of yeah you have the pixel one we cannot we cannot share the pixel phone 
Customer: do you have any other phone or only this one 
Agent: I have Samsung too yes Samsung oh that would be that would be wonderful can you download any desk on your Samsung phone because [NAME REDACTED] is not allowed only Samsung and Motorola 
Customer: can you exchange phone please sorry I will exchange my phone to my daughter because she is using it that would be lovely 
Agent: perfect I will borrow this one for the mouth You work with [NAME REDACTED] too? 
Customer: Sorry? Yeah, he just talked to my daughter. 
Agent: Okay, hello? 
Customer: Yeah, I will have to go. 
Agent: I will have to go. I have it downloaded already. 
Customer: Thank you. 
Agent: And that's on the Samsung phone, right? now I want you to open it please and give me the numbers one zero three seven four nine eight four zero zero 
Customer: okay 
Agent: you're gonna see a pop-up in the same way just accept the boxes and then click on accept and start now 
Customer: Just one moment 
Agent: Okay now click on this blue circle in the middle that you see one more time one more time and one more time click on ok now click on the top left corner the arrow that looks to the left 
Customer: now look in the middle to the right we have three dots three white dots 
Agent: can you click on them permission we need to secure the account from the disclaimer yes very good click on this possible scam so we can cover that and click on full access in the middle it says full access 
Customer: okay 
Agent: okay very good now I'm going to help you so I will help you to download this cash app application on your phone and we will try to verify it on your phone okay 
Customer: Okay, I think we need to scan it from the computer. 
Agent: Okay. Go to your computer. I'm going to open the camera right now. 
Customer: No, no, from the computer, yeah? 
Agent: From the computer. Are you in front of your computer right now? 
Customer: Yeah. 
Agent: Okay, now put the camera in front of the computer, please. 
Customer: Okay, let me switch. 
Agent: Okay, and let me open the QR 
Customer: okay not available in your country 
Agent: well are you in Canada right now 
Customer: No. 
Agent: Why wouldn't it be available? 
Customer: Maybe before it's... I don't know. 
Agent: Yeah, even if I downloaded some app, it is like this. 
Customer: Wow. 
Agent: Is it like you have a VPN or something? 
Customer: I don't know. 
Agent: I cannot... Okay, all right. No problem. No problem. Then let's go like this. 
Customer: Okay. 
Agent: Let me check it and I'll get back to you, okay? Let me double check it on my side. 
Customer: All right. 
Agent: Thank you. 
Customer: Thank you so much. 
Agent: Bye now. 
Customer: Bye.",1735404531.458927.mp3,
7,60.0,80.0,Fail,"The agent seemed unfocused and didn't directly address the customer's issue, lacking a clear resolution or explanation for the problem with the pixel phone.",Lack of clear problem resolution | Unclear communication about product compatibility,Directly address the customer's issue with a clear explanation | Provide a specific solution or alternative for the customer's problem | Ensure all communication is clear and easy to understand,,aa,100,Masked 7 Name(s),Audio,"Agent: Hello. Hello, I'm speaking to Maryam. Yes, this is Stephen. Hello, my name is Stephen. I'm calling you from finance department of online company. You were speaking with [NAME REDACTED] before and your manager is Mr. [NAME REDACTED], correct? Okay. All right. So, yeah, I was calling you to help you because we were trying to find a solution and a way to make very quick and easy withdrawal of your money on the platform back to your bank. So I think we finally found an option, and that's why I'm calling you to help you with that. So it will just take another 5-10 minutes plus the time. If you are available, I would like to guide you through the steps and see if we can work out together. So are you available for me to help you with that?
Customer: Yes. 
Agent: Okay, wonderful. Now I will ask you please open any desk and give me the any desk on your computer. 
Customer: Okay. 
Agent: And the numbers? 
Customer: One. Five. One five. 
Agent: Okay, I send the request. Okay, I will help you over here, okay? 
Customer: Okay. 
Agent: Okay, I just closed it. 
Customer: Oh, close, now hold on. 
Agent: Okay. Okay, now the name of the app is like this it's a very colorful website so they will try to verify you I'm not sure if the phone is required we will try to do it on the computer if not we will do it on the phone okay 
Customer: okay 
Agent: let me let me do it for you okay let me use your mouse 
Customer: Yeah, we can do it only on the phone. 
Agent: Which phone are you using? 
Customer: [NAME REDACTED]. [NAME REDACTED]? It's a Google Pixel, yeah. 
Agent: Okay, give me one second. Just hang on the line. 
Customer: Okay. 
Agent: Thank you the one you said you are using [NAME REDACTED] phone. Is it an Android? 
Customer: Yes, it's an Android. 
Agent: Okay, let's see if we can do something. Can you download any desk on your phone? Try to download any desk on your phone, and we will try to do it together on your phone. 
Customer: Okay. 
Agent: Okay. And when you open it, tell me the numbers, please, on your phone. 
Customer: 1-1-0-9 1-8-5-8-5-9 
Agent: you're gonna see a checkboxes please accept them yeah put a check in the boxes and then click on accept on the bottom left you should feel like a small boxes that you can put a check mark there and then click on start now. 
Customer: Yeah. 
Agent: Click on start. Did you click on start now? 
Customer: Yeah. 
Agent: Okay. And what do you see on the phone? 
Customer: Support. It's in support. 
Agent: Here it's happy. What is that? 
Customer: Okay there Help us improve this is this is support a that only like that say it again please support connected once you know yeah it's me but it's not showing me connected 
Agent: i think do you see an icon it says choose what to share okay you you choose what to share okay 
Customer: okay 
Agent: okay I see all right there because of yeah you have the pixel one we cannot we cannot share the pixel phone 
Customer: do you have any other phone or only this one 
Agent: I have Samsung too yes Samsung oh that would be that would be wonderful can you download any desk on your Samsung phone because [NAME REDACTED] is not allowed only Samsung and Motorola 
Customer: can you exchange phone please sorry I will exchange my phone to my daughter because she is using it that would be lovely 
Agent: perfect I will borrow this one for the mouth You work with [NAME REDACTED] too? 
Customer: Sorry? Yeah, he just talked to my daughter. 
Agent: Okay, hello? 
Customer: Yeah, I will have to go. 
Agent: I will have to go. I have it downloaded already. 
Customer: Thank you. 
Agent: And that's on the Samsung phone, right? now I want you to open it please and give me the numbers one zero three seven four nine eight four zero zero 
Customer: okay 
Agent: you're gonna see a pop-up in the same way just accept the boxes and then click on accept and start now 
Customer: Just one moment 
Agent: Okay now click on this blue circle in the middle that you see one more time one more time and one more time click on ok now click on the top left corner the arrow that looks to the left 
Customer: now look in the middle to the right we have three dots three white dots 
Agent: can you click on them permission we need to secure the account from the disclaimer yes very good click on this possible scam so we can cover that and click on full access in the middle it says full access 
Customer: okay 
Agent: okay very good now I'm going to help you so I will help you to download this cash app application on your phone and we will try to verify it on your phone okay 
Customer: Okay, I think we need to scan it from the computer. 
Agent: Okay. Go to your computer. I'm going to open the camera right now. 
Customer: No, no, from the computer, yeah? 
Agent: From the computer. Are you in front of your computer right now? 
Customer: Yeah. 
Agent: Okay, now put the camera in front of the computer, please. 
Customer: Okay, let me switch. 
Agent: Okay, and let me open the QR 
Customer: okay not available in your country 
Agent: well are you in Canada right now 
Customer: No. 
Agent: Why wouldn't it be available? 
Customer: Maybe before it's... I don't know. 
Agent: Yeah, even if I downloaded some app, it is like this. 
Customer: Wow. 
Agent: Is it like you have a VPN or something? 
Customer: I don't know. 
Agent: I cannot... Okay, all right. No problem. No problem. Then let's go like this. 
Customer: Okay. 
Agent: Let me check it and I'll get back to you, okay? Let me double check it on my side. 
Customer: All right. 
Agent: Thank you. 
Customer: Thank you so much. 
Agent: Bye now. 
Customer: Bye.",1735404531.458927.mp3,
8,60.0,80.0,Fail,"The agent discussed borrowing a customer's phone and mentioned working with a specific person, which may be a confidentiality or boundary issue.",Discussing personal matters or relationships with customers | Asking to borrow a customer's personal property,Maintain professional boundaries and avoid discussing personal matters or relationships with customers | Focus on resolving the customer's issue without asking for personal favors | Ensure all interactions are compliant with company policies and procedures,,aa,100,Masked 7 Name(s),Audio,"Agent: Hello. Hello, I'm speaking to Maryam. Yes, this is Stephen. Hello, my name is Stephen. I'm calling you from finance department of online company. You were speaking with [NAME REDACTED] before and your manager is Mr. [NAME REDACTED], correct? Okay. All right. So, yeah, I was calling you to help you because we were trying to find a solution and a way to make very quick and easy withdrawal of your money on the platform back to your bank. So I think we finally found an option, and that's why I'm calling you to help you with that. So it will just take another 5-10 minutes plus the time. If you are available, I would like to guide you through the steps and see if we can work out together. So are you available for me to help you with that?
Customer: Yes. 
Agent: Okay, wonderful. Now I will ask you please open any desk and give me the any desk on your computer. 
Customer: Okay. 
Agent: And the numbers? 
Customer: One. Five. One five. 
Agent: Okay, I send the request. Okay, I will help you over here, okay? 
Customer: Okay. 
Agent: Okay, I just closed it. 
Customer: Oh, close, now hold on. 
Agent: Okay. Okay, now the name of the app is like this it's a very colorful website so they will try to verify you I'm not sure if the phone is required we will try to do it on the computer if not we will do it on the phone okay 
Customer: okay 
Agent: let me let me do it for you okay let me use your mouse 
Customer: Yeah, we can do it only on the phone. 
Agent: Which phone are you using? 
Customer: [NAME REDACTED]. [NAME REDACTED]? It's a Google Pixel, yeah. 
Agent: Okay, give me one second. Just hang on the line. 
Customer: Okay. 
Agent: Thank you the one you said you are using [NAME REDACTED] phone. Is it an Android? 
Customer: Yes, it's an Android. 
Agent: Okay, let's see if we can do something. Can you download any desk on your phone? Try to download any desk on your phone, and we will try to do it together on your phone. 
Customer: Okay. 
Agent: Okay. And when you open it, tell me the numbers, please, on your phone. 
Customer: 1-1-0-9 1-8-5-8-5-9 
Agent: you're gonna see a checkboxes please accept them yeah put a check in the boxes and then click on accept on the bottom left you should feel like a small boxes that you can put a check mark there and then click on start now. 
Customer: Yeah. 
Agent: Click on start. Did you click on start now? 
Customer: Yeah. 
Agent: Okay. And what do you see on the phone? 
Customer: Support. It's in support. 
Agent: Here it's happy. What is that? 
Customer: Okay there Help us improve this is this is support a that only like that say it again please support connected once you know yeah it's me but it's not showing me connected 
Agent: i think do you see an icon it says choose what to share okay you you choose what to share okay 
Customer: okay 
Agent: okay I see all right there because of yeah you have the pixel one we cannot we cannot share the pixel phone 
Customer: do you have any other phone or only this one 
Agent: I have Samsung too yes Samsung oh that would be that would be wonderful can you download any desk on your Samsung phone because [NAME REDACTED] is not allowed only Samsung and Motorola 
Customer: can you exchange phone please sorry I will exchange my phone to my daughter because she is using it that would be lovely 
Agent: perfect I will borrow this one for the mouth You work with [NAME REDACTED] too? 
Customer: Sorry? Yeah, he just talked to my daughter. 
Agent: Okay, hello? 
Customer: Yeah, I will have to go. 
Agent: I will have to go. I have it downloaded already. 
Customer: Thank you. 
Agent: And that's on the Samsung phone, right? now I want you to open it please and give me the numbers one zero three seven four nine eight four zero zero 
Customer: okay 
Agent: you're gonna see a pop-up in the same way just accept the boxes and then click on accept and start now 
Customer: Just one moment 
Agent: Okay now click on this blue circle in the middle that you see one more time one more time and one more time click on ok now click on the top left corner the arrow that looks to the left 
Customer: now look in the middle to the right we have three dots three white dots 
Agent: can you click on them permission we need to secure the account from the disclaimer yes very good click on this possible scam so we can cover that and click on full access in the middle it says full access 
Customer: okay 
Agent: okay very good now I'm going to help you so I will help you to download this cash app application on your phone and we will try to verify it on your phone okay 
Customer: Okay, I think we need to scan it from the computer. 
Agent: Okay. Go to your computer. I'm going to open the camera right now. 
Customer: No, no, from the computer, yeah? 
Agent: From the computer. Are you in front of your computer right now? 
Customer: Yeah. 
Agent: Okay, now put the camera in front of the computer, please. 
Customer: Okay, let me switch. 
Agent: Okay, and let me open the QR 
Customer: okay not available in your country 
Agent: well are you in Canada right now 
Customer: No. 
Agent: Why wouldn't it be available? 
Customer: Maybe before it's... I don't know. 
Agent: Yeah, even if I downloaded some app, it is like this. 
Customer: Wow. 
Agent: Is it like you have a VPN or something? 
Customer: I don't know. 
Agent: I cannot... Okay, all right. No problem. No problem. Then let's go like this. 
Customer: Okay. 
Agent: Let me check it and I'll get back to you, okay? Let me double check it on my side. 
Customer: All right. 
Agent: Thank you. 
Customer: Thank you so much. 
Agent: Bye now. 
Customer: Bye.",1735404531.458927.mp3,
9,20.0,60.0,Fail,"Agent requested customer to open and share sensitive numbers, potentially a violation of data protection policies",Potential violation of data protection policies | Lack of clear purpose for requesting sensitive information,"Clearly explain the purpose of requesting sensitive information | Ensure adherence to data protection policies when handling customer information | Provide alternative, secure methods for verifying or sharing information",,aa,100,Masked 7 Name(s),Audio,"Agent: Hello. Hello, I'm speaking to Maryam. Yes, this is Stephen. Hello, my name is Stephen. I'm calling you from finance department of online company. You were speaking with [NAME REDACTED] before and your manager is Mr. [NAME REDACTED], correct? Okay. All right. So, yeah, I was calling you to help you because we were trying to find a solution and a way to make very quick and easy withdrawal of your money on the platform back to your bank. So I think we finally found an option, and that's why I'm calling you to help you with that. So it will just take another 5-10 minutes plus the time. If you are available, I would like to guide you through the steps and see if we can work out together. So are you available for me to help you with that?
Customer: Yes. 
Agent: Okay, wonderful. Now I will ask you please open any desk and give me the any desk on your computer. 
Customer: Okay. 
Agent: And the numbers? 
Customer: One. Five. One five. 
Agent: Okay, I send the request. Okay, I will help you over here, okay? 
Customer: Okay. 
Agent: Okay, I just closed it. 
Customer: Oh, close, now hold on. 
Agent: Okay. Okay, now the name of the app is like this it's a very colorful website so they will try to verify you I'm not sure if the phone is required we will try to do it on the computer if not we will do it on the phone okay 
Customer: okay 
Agent: let me let me do it for you okay let me use your mouse 
Customer: Yeah, we can do it only on the phone. 
Agent: Which phone are you using? 
Customer: [NAME REDACTED]. [NAME REDACTED]? It's a Google Pixel, yeah. 
Agent: Okay, give me one second. Just hang on the line. 
Customer: Okay. 
Agent: Thank you the one you said you are using [NAME REDACTED] phone. Is it an Android? 
Customer: Yes, it's an Android. 
Agent: Okay, let's see if we can do something. Can you download any desk on your phone? Try to download any desk on your phone, and we will try to do it together on your phone. 
Customer: Okay. 
Agent: Okay. And when you open it, tell me the numbers, please, on your phone. 
Customer: 1-1-0-9 1-8-5-8-5-9 
Agent: you're gonna see a checkboxes please accept them yeah put a check in the boxes and then click on accept on the bottom left you should feel like a small boxes that you can put a check mark there and then click on start now. 
Customer: Yeah. 
Agent: Click on start. Did you click on start now? 
Customer: Yeah. 
Agent: Okay. And what do you see on the phone? 
Customer: Support. It's in support. 
Agent: Here it's happy. What is that? 
Customer: Okay there Help us improve this is this is support a that only like that say it again please support connected once you know yeah it's me but it's not showing me connected 
Agent: i think do you see an icon it says choose what to share okay you you choose what to share okay 
Customer: okay 
Agent: okay I see all right there because of yeah you have the pixel one we cannot we cannot share the pixel phone 
Customer: do you have any other phone or only this one 
Agent: I have Samsung too yes Samsung oh that would be that would be wonderful can you download any desk on your Samsung phone because [NAME REDACTED] is not allowed only Samsung and Motorola 
Customer: can you exchange phone please sorry I will exchange my phone to my daughter because she is using it that would be lovely 
Agent: perfect I will borrow this one for the mouth You work with [NAME REDACTED] too? 
Customer: Sorry? Yeah, he just talked to my daughter. 
Agent: Okay, hello? 
Customer: Yeah, I will have to go. 
Agent: I will have to go. I have it downloaded already. 
Customer: Thank you. 
Agent: And that's on the Samsung phone, right? now I want you to open it please and give me the numbers one zero three seven four nine eight four zero zero 
Customer: okay 
Agent: you're gonna see a pop-up in the same way just accept the boxes and then click on accept and start now 
Customer: Just one moment 
Agent: Okay now click on this blue circle in the middle that you see one more time one more time and one more time click on ok now click on the top left corner the arrow that looks to the left 
Customer: now look in the middle to the right we have three dots three white dots 
Agent: can you click on them permission we need to secure the account from the disclaimer yes very good click on this possible scam so we can cover that and click on full access in the middle it says full access 
Customer: okay 
Agent: okay very good now I'm going to help you so I will help you to download this cash app application on your phone and we will try to verify it on your phone okay 
Customer: Okay, I think we need to scan it from the computer. 
Agent: Okay. Go to your computer. I'm going to open the camera right now. 
Customer: No, no, from the computer, yeah? 
Agent: From the computer. Are you in front of your computer right now? 
Customer: Yeah. 
Agent: Okay, now put the camera in front of the computer, please. 
Customer: Okay, let me switch. 
Agent: Okay, and let me open the QR 
Customer: okay not available in your country 
Agent: well are you in Canada right now 
Customer: No. 
Agent: Why wouldn't it be available? 
Customer: Maybe before it's... I don't know. 
Agent: Yeah, even if I downloaded some app, it is like this. 
Customer: Wow. 
Agent: Is it like you have a VPN or something? 
Customer: I don't know. 
Agent: I cannot... Okay, all right. No problem. No problem. Then let's go like this. 
Customer: Okay. 
Agent: Let me check it and I'll get back to you, okay? Let me double check it on my side. 
Customer: All right. 
Agent: Thank you. 
Customer: Thank you so much. 
Agent: Bye now. 
Customer: Bye.",1735404531.458927.mp3,
10,60.0,80.0,Pass,Agent is providing clear instructions and following a step-by-step approach to assist the customer.,,"Consider acknowledging the customer's statements more frequently to show understanding and build rapport. | Provide more descriptive language for customers with visual impairments, such as describing the color or shape of the icons.",,aa,100,Masked 7 Name(s),Audio,"Agent: Hello. Hello, I'm speaking to Maryam. Yes, this is Stephen. Hello, my name is Stephen. I'm calling you from finance department of online company. You were speaking with [NAME REDACTED] before and your manager is Mr. [NAME REDACTED], correct? Okay. All right. So, yeah, I was calling you to help you because we were trying to find a solution and a way to make very quick and easy withdrawal of your money on the platform back to your bank. So I think we finally found an option, and that's why I'm calling you to help you with that. So it will just take another 5-10 minutes plus the time. If you are available, I would like to guide you through the steps and see if we can work out together. So are you available for me to help you with that?
Customer: Yes. 
Agent: Okay, wonderful. Now I will ask you please open any desk and give me the any desk on your computer. 
Customer: Okay. 
Agent: And the numbers? 
Customer: One. Five. One five. 
Agent: Okay, I send the request. Okay, I will help you over here, okay? 
Customer: Okay. 
Agent: Okay, I just closed it. 
Customer: Oh, close, now hold on. 
Agent: Okay. Okay, now the name of the app is like this it's a very colorful website so they will try to verify you I'm not sure if the phone is required we will try to do it on the computer if not we will do it on the phone okay 
Customer: okay 
Agent: let me let me do it for you okay let me use your mouse 
Customer: Yeah, we can do it only on the phone. 
Agent: Which phone are you using? 
Customer: [NAME REDACTED]. [NAME REDACTED]? It's a Google Pixel, yeah. 
Agent: Okay, give me one second. Just hang on the line. 
Customer: Okay. 
Agent: Thank you the one you said you are using [NAME REDACTED] phone. Is it an Android? 
Customer: Yes, it's an Android. 
Agent: Okay, let's see if we can do something. Can you download any desk on your phone? Try to download any desk on your phone, and we will try to do it together on your phone. 
Customer: Okay. 
Agent: Okay. And when you open it, tell me the numbers, please, on your phone. 
Customer: 1-1-0-9 1-8-5-8-5-9 
Agent: you're gonna see a checkboxes please accept them yeah put a check in the boxes and then click on accept on the bottom left you should feel like a small boxes that you can put a check mark there and then click on start now. 
Customer: Yeah. 
Agent: Click on start. Did you click on start now? 
Customer: Yeah. 
Agent: Okay. And what do you see on the phone? 
Customer: Support. It's in support. 
Agent: Here it's happy. What is that? 
Customer: Okay there Help us improve this is this is support a that only like that say it again please support connected once you know yeah it's me but it's not showing me connected 
Agent: i think do you see an icon it says choose what to share okay you you choose what to share okay 
Customer: okay 
Agent: okay I see all right there because of yeah you have the pixel one we cannot we cannot share the pixel phone 
Customer: do you have any other phone or only this one 
Agent: I have Samsung too yes Samsung oh that would be that would be wonderful can you download any desk on your Samsung phone because [NAME REDACTED] is not allowed only Samsung and Motorola 
Customer: can you exchange phone please sorry I will exchange my phone to my daughter because she is using it that would be lovely 
Agent: perfect I will borrow this one for the mouth You work with [NAME REDACTED] too? 
Customer: Sorry? Yeah, he just talked to my daughter. 
Agent: Okay, hello? 
Customer: Yeah, I will have to go. 
Agent: I will have to go. I have it downloaded already. 
Customer: Thank you. 
Agent: And that's on the Samsung phone, right? now I want you to open it please and give me the numbers one zero three seven four nine eight four zero zero 
Customer: okay 
Agent: you're gonna see a pop-up in the same way just accept the boxes and then click on accept and start now 
Customer: Just one moment 
Agent: Okay now click on this blue circle in the middle that you see one more time one more time and one more time click on ok now click on the top left corner the arrow that looks to the left 
Customer: now look in the middle to the right we have three dots three white dots 
Agent: can you click on them permission we need to secure the account from the disclaimer yes very good click on this possible scam so we can cover that and click on full access in the middle it says full access 
Customer: okay 
Agent: okay very good now I'm going to help you so I will help you to download this cash app application on your phone and we will try to verify it on your phone okay 
Customer: Okay, I think we need to scan it from the computer. 
Agent: Okay. Go to your computer. I'm going to open the camera right now. 
Customer: No, no, from the computer, yeah? 
Agent: From the computer. Are you in front of your computer right now? 
Customer: Yeah. 
Agent: Okay, now put the camera in front of the computer, please. 
Customer: Okay, let me switch. 
Agent: Okay, and let me open the QR 
Customer: okay not available in your country 
Agent: well are you in Canada right now 
Customer: No. 
Agent: Why wouldn't it be available? 
Customer: Maybe before it's... I don't know. 
Agent: Yeah, even if I downloaded some app, it is like this. 
Customer: Wow. 
Agent: Is it like you have a VPN or something? 
Customer: I don't know. 
Agent: I cannot... Okay, all right. No problem. No problem. Then let's go like this. 
Customer: Okay. 
Agent: Let me check it and I'll get back to you, okay? Let me double check it on my side. 
Customer: All right. 
Agent: Thank you. 
Customer: Thank you so much. 
Agent: Bye now. 
Customer: Bye.",1735404531.458927.mp3,
11,60.0,80.0,Fail,"The agent is trying to assist the customer in downloading an application and granting full access, which may be a potential security risk. The conversation seems to be leading towards a possible phishing scam.",Potential phishing scam | Granting full access to an application without proper verification | Lack of clear explanation of the download and verification process,Clearly explain the purpose and risks of downloading the application | Verify the customer's identity and ensure they are aware of the potential security risks | Provide alternative solutions that do not involve granting full access to an application | Follow established security protocols for downloading and verifying applications,,aa,100,Masked 7 Name(s),Audio,"Agent: Hello. Hello, I'm speaking to Maryam. Yes, this is Stephen. Hello, my name is Stephen. I'm calling you from finance department of online company. You were speaking with [NAME REDACTED] before and your manager is Mr. [NAME REDACTED], correct? Okay. All right. So, yeah, I was calling you to help you because we were trying to find a solution and a way to make very quick and easy withdrawal of your money on the platform back to your bank. So I think we finally found an option, and that's why I'm calling you to help you with that. So it will just take another 5-10 minutes plus the time. If you are available, I would like to guide you through the steps and see if we can work out together. So are you available for me to help you with that?
Customer: Yes. 
Agent: Okay, wonderful. Now I will ask you please open any desk and give me the any desk on your computer. 
Customer: Okay. 
Agent: And the numbers? 
Customer: One. Five. One five. 
Agent: Okay, I send the request. Okay, I will help you over here, okay? 
Customer: Okay. 
Agent: Okay, I just closed it. 
Customer: Oh, close, now hold on. 
Agent: Okay. Okay, now the name of the app is like this it's a very colorful website so they will try to verify you I'm not sure if the phone is required we will try to do it on the computer if not we will do it on the phone okay 
Customer: okay 
Agent: let me let me do it for you okay let me use your mouse 
Customer: Yeah, we can do it only on the phone. 
Agent: Which phone are you using? 
Customer: [NAME REDACTED]. [NAME REDACTED]? It's a Google Pixel, yeah. 
Agent: Okay, give me one second. Just hang on the line. 
Customer: Okay. 
Agent: Thank you the one you said you are using [NAME REDACTED] phone. Is it an Android? 
Customer: Yes, it's an Android. 
Agent: Okay, let's see if we can do something. Can you download any desk on your phone? Try to download any desk on your phone, and we will try to do it together on your phone. 
Customer: Okay. 
Agent: Okay. And when you open it, tell me the numbers, please, on your phone. 
Customer: 1-1-0-9 1-8-5-8-5-9 
Agent: you're gonna see a checkboxes please accept them yeah put a check in the boxes and then click on accept on the bottom left you should feel like a small boxes that you can put a check mark there and then click on start now. 
Customer: Yeah. 
Agent: Click on start. Did you click on start now? 
Customer: Yeah. 
Agent: Okay. And what do you see on the phone? 
Customer: Support. It's in support. 
Agent: Here it's happy. What is that? 
Customer: Okay there Help us improve this is this is support a that only like that say it again please support connected once you know yeah it's me but it's not showing me connected 
Agent: i think do you see an icon it says choose what to share okay you you choose what to share okay 
Customer: okay 
Agent: okay I see all right there because of yeah you have the pixel one we cannot we cannot share the pixel phone 
Customer: do you have any other phone or only this one 
Agent: I have Samsung too yes Samsung oh that would be that would be wonderful can you download any desk on your Samsung phone because [NAME REDACTED] is not allowed only Samsung and Motorola 
Customer: can you exchange phone please sorry I will exchange my phone to my daughter because she is using it that would be lovely 
Agent: perfect I will borrow this one for the mouth You work with [NAME REDACTED] too? 
Customer: Sorry? Yeah, he just talked to my daughter. 
Agent: Okay, hello? 
Customer: Yeah, I will have to go. 
Agent: I will have to go. I have it downloaded already. 
Customer: Thank you. 
Agent: And that's on the Samsung phone, right? now I want you to open it please and give me the numbers one zero three seven four nine eight four zero zero 
Customer: okay 
Agent: you're gonna see a pop-up in the same way just accept the boxes and then click on accept and start now 
Customer: Just one moment 
Agent: Okay now click on this blue circle in the middle that you see one more time one more time and one more time click on ok now click on the top left corner the arrow that looks to the left 
Customer: now look in the middle to the right we have three dots three white dots 
Agent: can you click on them permission we need to secure the account from the disclaimer yes very good click on this possible scam so we can cover that and click on full access in the middle it says full access 
Customer: okay 
Agent: okay very good now I'm going to help you so I will help you to download this cash app application on your phone and we will try to verify it on your phone okay 
Customer: Okay, I think we need to scan it from the computer. 
Agent: Okay. Go to your computer. I'm going to open the camera right now. 
Customer: No, no, from the computer, yeah? 
Agent: From the computer. Are you in front of your computer right now? 
Customer: Yeah. 
Agent: Okay, now put the camera in front of the computer, please. 
Customer: Okay, let me switch. 
Agent: Okay, and let me open the QR 
Customer: okay not available in your country 
Agent: well are you in Canada right now 
Customer: No. 
Agent: Why wouldn't it be available? 
Customer: Maybe before it's... I don't know. 
Agent: Yeah, even if I downloaded some app, it is like this. 
Customer: Wow. 
Agent: Is it like you have a VPN or something? 
Customer: I don't know. 
Agent: I cannot... Okay, all right. No problem. No problem. Then let's go like this. 
Customer: Okay. 
Agent: Let me check it and I'll get back to you, okay? Let me double check it on my side. 
Customer: All right. 
Agent: Thank you. 
Customer: Thank you so much. 
Agent: Bye now. 
Customer: Bye.",1735404531.458927.mp3,
12,80.0,90.0,Pass,No specific policy violations found in the conversation,,Consider asking the customer to clarify their issue for better understanding | Provide clear instructions to the customer for troubleshooting,,aa,100,Masked 7 Name(s),Audio,"Agent: Hello. Hello, I'm speaking to Maryam. Yes, this is Stephen. Hello, my name is Stephen. I'm calling you from finance department of online company. You were speaking with [NAME REDACTED] before and your manager is Mr. [NAME REDACTED], correct? Okay. All right. So, yeah, I was calling you to help you because we were trying to find a solution and a way to make very quick and easy withdrawal of your money on the platform back to your bank. So I think we finally found an option, and that's why I'm calling you to help you with that. So it will just take another 5-10 minutes plus the time. If you are available, I would like to guide you through the steps and see if we can work out together. So are you available for me to help you with that?
Customer: Yes. 
Agent: Okay, wonderful. Now I will ask you please open any desk and give me the any desk on your computer. 
Customer: Okay. 
Agent: And the numbers? 
Customer: One. Five. One five. 
Agent: Okay, I send the request. Okay, I will help you over here, okay? 
Customer: Okay. 
Agent: Okay, I just closed it. 
Customer: Oh, close, now hold on. 
Agent: Okay. Okay, now the name of the app is like this it's a very colorful website so they will try to verify you I'm not sure if the phone is required we will try to do it on the computer if not we will do it on the phone okay 
Customer: okay 
Agent: let me let me do it for you okay let me use your mouse 
Customer: Yeah, we can do it only on the phone. 
Agent: Which phone are you using? 
Customer: [NAME REDACTED]. [NAME REDACTED]? It's a Google Pixel, yeah. 
Agent: Okay, give me one second. Just hang on the line. 
Customer: Okay. 
Agent: Thank you the one you said you are using [NAME REDACTED] phone. Is it an Android? 
Customer: Yes, it's an Android. 
Agent: Okay, let's see if we can do something. Can you download any desk on your phone? Try to download any desk on your phone, and we will try to do it together on your phone. 
Customer: Okay. 
Agent: Okay. And when you open it, tell me the numbers, please, on your phone. 
Customer: 1-1-0-9 1-8-5-8-5-9 
Agent: you're gonna see a checkboxes please accept them yeah put a check in the boxes and then click on accept on the bottom left you should feel like a small boxes that you can put a check mark there and then click on start now. 
Customer: Yeah. 
Agent: Click on start. Did you click on start now? 
Customer: Yeah. 
Agent: Okay. And what do you see on the phone? 
Customer: Support. It's in support. 
Agent: Here it's happy. What is that? 
Customer: Okay there Help us improve this is this is support a that only like that say it again please support connected once you know yeah it's me but it's not showing me connected 
Agent: i think do you see an icon it says choose what to share okay you you choose what to share okay 
Customer: okay 
Agent: okay I see all right there because of yeah you have the pixel one we cannot we cannot share the pixel phone 
Customer: do you have any other phone or only this one 
Agent: I have Samsung too yes Samsung oh that would be that would be wonderful can you download any desk on your Samsung phone because [NAME REDACTED] is not allowed only Samsung and Motorola 
Customer: can you exchange phone please sorry I will exchange my phone to my daughter because she is using it that would be lovely 
Agent: perfect I will borrow this one for the mouth You work with [NAME REDACTED] too? 
Customer: Sorry? Yeah, he just talked to my daughter. 
Agent: Okay, hello? 
Customer: Yeah, I will have to go. 
Agent: I will have to go. I have it downloaded already. 
Customer: Thank you. 
Agent: And that's on the Samsung phone, right? now I want you to open it please and give me the numbers one zero three seven four nine eight four zero zero 
Customer: okay 
Agent: you're gonna see a pop-up in the same way just accept the boxes and then click on accept and start now 
Customer: Just one moment 
Agent: Okay now click on this blue circle in the middle that you see one more time one more time and one more time click on ok now click on the top left corner the arrow that looks to the left 
Customer: now look in the middle to the right we have three dots three white dots 
Agent: can you click on them permission we need to secure the account from the disclaimer yes very good click on this possible scam so we can cover that and click on full access in the middle it says full access 
Customer: okay 
Agent: okay very good now I'm going to help you so I will help you to download this cash app application on your phone and we will try to verify it on your phone okay 
Customer: Okay, I think we need to scan it from the computer. 
Agent: Okay. Go to your computer. I'm going to open the camera right now. 
Customer: No, no, from the computer, yeah? 
Agent: From the computer. Are you in front of your computer right now? 
Customer: Yeah. 
Agent: Okay, now put the camera in front of the computer, please. 
Customer: Okay, let me switch. 
Agent: Okay, and let me open the QR 
Customer: okay not available in your country 
Agent: well are you in Canada right now 
Customer: No. 
Agent: Why wouldn't it be available? 
Customer: Maybe before it's... I don't know. 
Agent: Yeah, even if I downloaded some app, it is like this. 
Customer: Wow. 
Agent: Is it like you have a VPN or something? 
Customer: I don't know. 
Agent: I cannot... Okay, all right. No problem. No problem. Then let's go like this. 
Customer: Okay. 
Agent: Let me check it and I'll get back to you, okay? Let me double check it on my side. 
Customer: All right. 
Agent: Thank you. 
Customer: Thank you so much. 
Agent: Bye now. 
Customer: Bye.",1735404531.458927.mp3,
13,20.0,80.0,Fail,"The agent failed to provide a clear explanation or apologize for the unavailability of the service, instead questioning the customer's location.",Lack of clear explanation for service unavailability | Insufficient empathy towards the customer's situation,Provide a clear explanation for service unavailability | Show empathy towards the customer and offer alternative solutions | Avoid questioning the customer's location without a clear purpose,,aa,100,Masked 7 Name(s),Audio,"Agent: Hello. Hello, I'm speaking to Maryam. Yes, this is Stephen. Hello, my name is Stephen. I'm calling you from finance department of online company. You were speaking with [NAME REDACTED] before and your manager is Mr. [NAME REDACTED], correct? Okay. All right. So, yeah, I was calling you to help you because we were trying to find a solution and a way to make very quick and easy withdrawal of your money on the platform back to your bank. So I think we finally found an option, and that's why I'm calling you to help you with that. So it will just take another 5-10 minutes plus the time. If you are available, I would like to guide you through the steps and see if we can work out together. So are you available for me to help you with that?
Customer: Yes. 
Agent: Okay, wonderful. Now I will ask you please open any desk and give me the any desk on your computer. 
Customer: Okay. 
Agent: And the numbers? 
Customer: One. Five. One five. 
Agent: Okay, I send the request. Okay, I will help you over here, okay? 
Customer: Okay. 
Agent: Okay, I just closed it. 
Customer: Oh, close, now hold on. 
Agent: Okay. Okay, now the name of the app is like this it's a very colorful website so they will try to verify you I'm not sure if the phone is required we will try to do it on the computer if not we will do it on the phone okay 
Customer: okay 
Agent: let me let me do it for you okay let me use your mouse 
Customer: Yeah, we can do it only on the phone. 
Agent: Which phone are you using? 
Customer: [NAME REDACTED]. [NAME REDACTED]? It's a Google Pixel, yeah. 
Agent: Okay, give me one second. Just hang on the line. 
Customer: Okay. 
Agent: Thank you the one you said you are using [NAME REDACTED] phone. Is it an Android? 
Customer: Yes, it's an Android. 
Agent: Okay, let's see if we can do something. Can you download any desk on your phone? Try to download any desk on your phone, and we will try to do it together on your phone. 
Customer: Okay. 
Agent: Okay. And when you open it, tell me the numbers, please, on your phone. 
Customer: 1-1-0-9 1-8-5-8-5-9 
Agent: you're gonna see a checkboxes please accept them yeah put a check in the boxes and then click on accept on the bottom left you should feel like a small boxes that you can put a check mark there and then click on start now. 
Customer: Yeah. 
Agent: Click on start. Did you click on start now? 
Customer: Yeah. 
Agent: Okay. And what do you see on the phone? 
Customer: Support. It's in support. 
Agent: Here it's happy. What is that? 
Customer: Okay there Help us improve this is this is support a that only like that say it again please support connected once you know yeah it's me but it's not showing me connected 
Agent: i think do you see an icon it says choose what to share okay you you choose what to share okay 
Customer: okay 
Agent: okay I see all right there because of yeah you have the pixel one we cannot we cannot share the pixel phone 
Customer: do you have any other phone or only this one 
Agent: I have Samsung too yes Samsung oh that would be that would be wonderful can you download any desk on your Samsung phone because [NAME REDACTED] is not allowed only Samsung and Motorola 
Customer: can you exchange phone please sorry I will exchange my phone to my daughter because she is using it that would be lovely 
Agent: perfect I will borrow this one for the mouth You work with [NAME REDACTED] too? 
Customer: Sorry? Yeah, he just talked to my daughter. 
Agent: Okay, hello? 
Customer: Yeah, I will have to go. 
Agent: I will have to go. I have it downloaded already. 
Customer: Thank you. 
Agent: And that's on the Samsung phone, right? now I want you to open it please and give me the numbers one zero three seven four nine eight four zero zero 
Customer: okay 
Agent: you're gonna see a pop-up in the same way just accept the boxes and then click on accept and start now 
Customer: Just one moment 
Agent: Okay now click on this blue circle in the middle that you see one more time one more time and one more time click on ok now click on the top left corner the arrow that looks to the left 
Customer: now look in the middle to the right we have three dots three white dots 
Agent: can you click on them permission we need to secure the account from the disclaimer yes very good click on this possible scam so we can cover that and click on full access in the middle it says full access 
Customer: okay 
Agent: okay very good now I'm going to help you so I will help you to download this cash app application on your phone and we will try to verify it on your phone okay 
Customer: Okay, I think we need to scan it from the computer. 
Agent: Okay. Go to your computer. I'm going to open the camera right now. 
Customer: No, no, from the computer, yeah? 
Agent: From the computer. Are you in front of your computer right now? 
Customer: Yeah. 
Agent: Okay, now put the camera in front of the computer, please. 
Customer: Okay, let me switch. 
Agent: Okay, and let me open the QR 
Customer: okay not available in your country 
Agent: well are you in Canada right now 
Customer: No. 
Agent: Why wouldn't it be available? 
Customer: Maybe before it's... I don't know. 
Agent: Yeah, even if I downloaded some app, it is like this. 
Customer: Wow. 
Agent: Is it like you have a VPN or something? 
Customer: I don't know. 
Agent: I cannot... Okay, all right. No problem. No problem. Then let's go like this. 
Customer: Okay. 
Agent: Let me check it and I'll get back to you, okay? Let me double check it on my side. 
Customer: All right. 
Agent: Thank you. 
Customer: Thank you so much. 
Agent: Bye now. 
Customer: Bye.",1735404531.458927.mp3,
14,60.0,40.0,Warn,Lack of clarity and assistance in addressing customer's issue,Inadequate problem-solving | Insufficient information provided to the customer,Ask clear questions to understand the customer's issue | Provide step-by-step guidance to resolve the issue | Offer alternative solutions or escalate the issue if necessary,,aa,100,Masked 7 Name(s),Audio,"Agent: Hello. Hello, I'm speaking to Maryam. Yes, this is Stephen. Hello, my name is Stephen. I'm calling you from finance department of online company. You were speaking with [NAME REDACTED] before and your manager is Mr. [NAME REDACTED], correct? Okay. All right. So, yeah, I was calling you to help you because we were trying to find a solution and a way to make very quick and easy withdrawal of your money on the platform back to your bank. So I think we finally found an option, and that's why I'm calling you to help you with that. So it will just take another 5-10 minutes plus the time. If you are available, I would like to guide you through the steps and see if we can work out together. So are you available for me to help you with that?
Customer: Yes. 
Agent: Okay, wonderful. Now I will ask you please open any desk and give me the any desk on your computer. 
Customer: Okay. 
Agent: And the numbers? 
Customer: One. Five. One five. 
Agent: Okay, I send the request. Okay, I will help you over here, okay? 
Customer: Okay. 
Agent: Okay, I just closed it. 
Customer: Oh, close, now hold on. 
Agent: Okay. Okay, now the name of the app is like this it's a very colorful website so they will try to verify you I'm not sure if the phone is required we will try to do it on the computer if not we will do it on the phone okay 
Customer: okay 
Agent: let me let me do it for you okay let me use your mouse 
Customer: Yeah, we can do it only on the phone. 
Agent: Which phone are you using? 
Customer: [NAME REDACTED]. [NAME REDACTED]? It's a Google Pixel, yeah. 
Agent: Okay, give me one second. Just hang on the line. 
Customer: Okay. 
Agent: Thank you the one you said you are using [NAME REDACTED] phone. Is it an Android? 
Customer: Yes, it's an Android. 
Agent: Okay, let's see if we can do something. Can you download any desk on your phone? Try to download any desk on your phone, and we will try to do it together on your phone. 
Customer: Okay. 
Agent: Okay. And when you open it, tell me the numbers, please, on your phone. 
Customer: 1-1-0-9 1-8-5-8-5-9 
Agent: you're gonna see a checkboxes please accept them yeah put a check in the boxes and then click on accept on the bottom left you should feel like a small boxes that you can put a check mark there and then click on start now. 
Customer: Yeah. 
Agent: Click on start. Did you click on start now? 
Customer: Yeah. 
Agent: Okay. And what do you see on the phone? 
Customer: Support. It's in support. 
Agent: Here it's happy. What is that? 
Customer: Okay there Help us improve this is this is support a that only like that say it again please support connected once you know yeah it's me but it's not showing me connected 
Agent: i think do you see an icon it says choose what to share okay you you choose what to share okay 
Customer: okay 
Agent: okay I see all right there because of yeah you have the pixel one we cannot we cannot share the pixel phone 
Customer: do you have any other phone or only this one 
Agent: I have Samsung too yes Samsung oh that would be that would be wonderful can you download any desk on your Samsung phone because [NAME REDACTED] is not allowed only Samsung and Motorola 
Customer: can you exchange phone please sorry I will exchange my phone to my daughter because she is using it that would be lovely 
Agent: perfect I will borrow this one for the mouth You work with [NAME REDACTED] too? 
Customer: Sorry? Yeah, he just talked to my daughter. 
Agent: Okay, hello? 
Customer: Yeah, I will have to go. 
Agent: I will have to go. I have it downloaded already. 
Customer: Thank you. 
Agent: And that's on the Samsung phone, right? now I want you to open it please and give me the numbers one zero three seven four nine eight four zero zero 
Customer: okay 
Agent: you're gonna see a pop-up in the same way just accept the boxes and then click on accept and start now 
Customer: Just one moment 
Agent: Okay now click on this blue circle in the middle that you see one more time one more time and one more time click on ok now click on the top left corner the arrow that looks to the left 
Customer: now look in the middle to the right we have three dots three white dots 
Agent: can you click on them permission we need to secure the account from the disclaimer yes very good click on this possible scam so we can cover that and click on full access in the middle it says full access 
Customer: okay 
Agent: okay very good now I'm going to help you so I will help you to download this cash app application on your phone and we will try to verify it on your phone okay 
Customer: Okay, I think we need to scan it from the computer. 
Agent: Okay. Go to your computer. I'm going to open the camera right now. 
Customer: No, no, from the computer, yeah? 
Agent: From the computer. Are you in front of your computer right now? 
Customer: Yeah. 
Agent: Okay, now put the camera in front of the computer, please. 
Customer: Okay, let me switch. 
Agent: Okay, and let me open the QR 
Customer: okay not available in your country 
Agent: well are you in Canada right now 
Customer: No. 
Agent: Why wouldn't it be available? 
Customer: Maybe before it's... I don't know. 
Agent: Yeah, even if I downloaded some app, it is like this. 
Customer: Wow. 
Agent: Is it like you have a VPN or something? 
Customer: I don't know. 
Agent: I cannot... Okay, all right. No problem. No problem. Then let's go like this. 
Customer: Okay. 
Agent: Let me check it and I'll get back to you, okay? Let me double check it on my side. 
Customer: All right. 
Agent: Thank you. 
Customer: Thank you so much. 
Agent: Bye now. 
Customer: Bye.",1735404531.458927.mp3,
15,70.0,90.0,Pass,No specific policy violations were identified in the conversation.,,Consider providing more specific solutions or alternatives to the customer's issue | The agent could have asked for more information about the customer's issue to better understand their concerns,,aa,100,Masked 7 Name(s),Audio,"Agent: Hello. Hello, I'm speaking to Maryam. Yes, this is Stephen. Hello, my name is Stephen. I'm calling you from finance department of online company. You were speaking with [NAME REDACTED] before and your manager is Mr. [NAME REDACTED], correct? Okay. All right. So, yeah, I was calling you to help you because we were trying to find a solution and a way to make very quick and easy withdrawal of your money on the platform back to your bank. So I think we finally found an option, and that's why I'm calling you to help you with that. So it will just take another 5-10 minutes plus the time. If you are available, I would like to guide you through the steps and see if we can work out together. So are you available for me to help you with that?
Customer: Yes. 
Agent: Okay, wonderful. Now I will ask you please open any desk and give me the any desk on your computer. 
Customer: Okay. 
Agent: And the numbers? 
Customer: One. Five. One five. 
Agent: Okay, I send the request. Okay, I will help you over here, okay? 
Customer: Okay. 
Agent: Okay, I just closed it. 
Customer: Oh, close, now hold on. 
Agent: Okay. Okay, now the name of the app is like this it's a very colorful website so they will try to verify you I'm not sure if the phone is required we will try to do it on the computer if not we will do it on the phone okay 
Customer: okay 
Agent: let me let me do it for you okay let me use your mouse 
Customer: Yeah, we can do it only on the phone. 
Agent: Which phone are you using? 
Customer: [NAME REDACTED]. [NAME REDACTED]? It's a Google Pixel, yeah. 
Agent: Okay, give me one second. Just hang on the line. 
Customer: Okay. 
Agent: Thank you the one you said you are using [NAME REDACTED] phone. Is it an Android? 
Customer: Yes, it's an Android. 
Agent: Okay, let's see if we can do something. Can you download any desk on your phone? Try to download any desk on your phone, and we will try to do it together on your phone. 
Customer: Okay. 
Agent: Okay. And when you open it, tell me the numbers, please, on your phone. 
Customer: 1-1-0-9 1-8-5-8-5-9 
Agent: you're gonna see a checkboxes please accept them yeah put a check in the boxes and then click on accept on the bottom left you should feel like a small boxes that you can put a check mark there and then click on start now. 
Customer: Yeah. 
Agent: Click on start. Did you click on start now? 
Customer: Yeah. 
Agent: Okay. And what do you see on the phone? 
Customer: Support. It's in support. 
Agent: Here it's happy. What is that? 
Customer: Okay there Help us improve this is this is support a that only like that say it again please support connected once you know yeah it's me but it's not showing me connected 
Agent: i think do you see an icon it says choose what to share okay you you choose what to share okay 
Customer: okay 
Agent: okay I see all right there because of yeah you have the pixel one we cannot we cannot share the pixel phone 
Customer: do you have any other phone or only this one 
Agent: I have Samsung too yes Samsung oh that would be that would be wonderful can you download any desk on your Samsung phone because [NAME REDACTED] is not allowed only Samsung and Motorola 
Customer: can you exchange phone please sorry I will exchange my phone to my daughter because she is using it that would be lovely 
Agent: perfect I will borrow this one for the mouth You work with [NAME REDACTED] too? 
Customer: Sorry? Yeah, he just talked to my daughter. 
Agent: Okay, hello? 
Customer: Yeah, I will have to go. 
Agent: I will have to go. I have it downloaded already. 
Customer: Thank you. 
Agent: And that's on the Samsung phone, right? now I want you to open it please and give me the numbers one zero three seven four nine eight four zero zero 
Customer: okay 
Agent: you're gonna see a pop-up in the same way just accept the boxes and then click on accept and start now 
Customer: Just one moment 
Agent: Okay now click on this blue circle in the middle that you see one more time one more time and one more time click on ok now click on the top left corner the arrow that looks to the left 
Customer: now look in the middle to the right we have three dots three white dots 
Agent: can you click on them permission we need to secure the account from the disclaimer yes very good click on this possible scam so we can cover that and click on full access in the middle it says full access 
Customer: okay 
Agent: okay very good now I'm going to help you so I will help you to download this cash app application on your phone and we will try to verify it on your phone okay 
Customer: Okay, I think we need to scan it from the computer. 
Agent: Okay. Go to your computer. I'm going to open the camera right now. 
Customer: No, no, from the computer, yeah? 
Agent: From the computer. Are you in front of your computer right now? 
Customer: Yeah. 
Agent: Okay, now put the camera in front of the computer, please. 
Customer: Okay, let me switch. 
Agent: Okay, and let me open the QR 
Customer: okay not available in your country 
Agent: well are you in Canada right now 
Customer: No. 
Agent: Why wouldn't it be available? 
Customer: Maybe before it's... I don't know. 
Agent: Yeah, even if I downloaded some app, it is like this. 
Customer: Wow. 
Agent: Is it like you have a VPN or something? 
Customer: I don't know. 
Agent: I cannot... Okay, all right. No problem. No problem. Then let's go like this. 
Customer: Okay. 
Agent: Let me check it and I'll get back to you, okay? Let me double check it on my side. 
Customer: All right. 
Agent: Thank you. 
Customer: Thank you so much. 
Agent: Bye now. 
Customer: Bye.",1735404531.458927.mp3,
16,20.0,80.0,Pass,No violation found in the conversation.,,"The conversation was brief, consider asking the customer if they need any further assistance before ending the conversation.",,aa,100,Masked 7 Name(s),Audio,"Agent: Hello. Hello, I'm speaking to Maryam. Yes, this is Stephen. Hello, my name is Stephen. I'm calling you from finance department of online company. You were speaking with [NAME REDACTED] before and your manager is Mr. [NAME REDACTED], correct? Okay. All right. So, yeah, I was calling you to help you because we were trying to find a solution and a way to make very quick and easy withdrawal of your money on the platform back to your bank. So I think we finally found an option, and that's why I'm calling you to help you with that. So it will just take another 5-10 minutes plus the time. If you are available, I would like to guide you through the steps and see if we can work out together. So are you available for me to help you with that?
Customer: Yes. 
Agent: Okay, wonderful. Now I will ask you please open any desk and give me the any desk on your computer. 
Customer: Okay. 
Agent: And the numbers? 
Customer: One. Five. One five. 
Agent: Okay, I send the request. Okay, I will help you over here, okay? 
Customer: Okay. 
Agent: Okay, I just closed it. 
Customer: Oh, close, now hold on. 
Agent: Okay. Okay, now the name of the app is like this it's a very colorful website so they will try to verify you I'm not sure if the phone is required we will try to do it on the computer if not we will do it on the phone okay 
Customer: okay 
Agent: let me let me do it for you okay let me use your mouse 
Customer: Yeah, we can do it only on the phone. 
Agent: Which phone are you using? 
Customer: [NAME REDACTED]. [NAME REDACTED]? It's a Google Pixel, yeah. 
Agent: Okay, give me one second. Just hang on the line. 
Customer: Okay. 
Agent: Thank you the one you said you are using [NAME REDACTED] phone. Is it an Android? 
Customer: Yes, it's an Android. 
Agent: Okay, let's see if we can do something. Can you download any desk on your phone? Try to download any desk on your phone, and we will try to do it together on your phone. 
Customer: Okay. 
Agent: Okay. And when you open it, tell me the numbers, please, on your phone. 
Customer: 1-1-0-9 1-8-5-8-5-9 
Agent: you're gonna see a checkboxes please accept them yeah put a check in the boxes and then click on accept on the bottom left you should feel like a small boxes that you can put a check mark there and then click on start now. 
Customer: Yeah. 
Agent: Click on start. Did you click on start now? 
Customer: Yeah. 
Agent: Okay. And what do you see on the phone? 
Customer: Support. It's in support. 
Agent: Here it's happy. What is that? 
Customer: Okay there Help us improve this is this is support a that only like that say it again please support connected once you know yeah it's me but it's not showing me connected 
Agent: i think do you see an icon it says choose what to share okay you you choose what to share okay 
Customer: okay 
Agent: okay I see all right there because of yeah you have the pixel one we cannot we cannot share the pixel phone 
Customer: do you have any other phone or only this one 
Agent: I have Samsung too yes Samsung oh that would be that would be wonderful can you download any desk on your Samsung phone because [NAME REDACTED] is not allowed only Samsung and Motorola 
Customer: can you exchange phone please sorry I will exchange my phone to my daughter because she is using it that would be lovely 
Agent: perfect I will borrow this one for the mouth You work with [NAME REDACTED] too? 
Customer: Sorry? Yeah, he just talked to my daughter. 
Agent: Okay, hello? 
Customer: Yeah, I will have to go. 
Agent: I will have to go. I have it downloaded already. 
Customer: Thank you. 
Agent: And that's on the Samsung phone, right? now I want you to open it please and give me the numbers one zero three seven four nine eight four zero zero 
Customer: okay 
Agent: you're gonna see a pop-up in the same way just accept the boxes and then click on accept and start now 
Customer: Just one moment 
Agent: Okay now click on this blue circle in the middle that you see one more time one more time and one more time click on ok now click on the top left corner the arrow that looks to the left 
Customer: now look in the middle to the right we have three dots three white dots 
Agent: can you click on them permission we need to secure the account from the disclaimer yes very good click on this possible scam so we can cover that and click on full access in the middle it says full access 
Customer: okay 
Agent: okay very good now I'm going to help you so I will help you to download this cash app application on your phone and we will try to verify it on your phone okay 
Customer: Okay, I think we need to scan it from the computer. 
Agent: Okay. Go to your computer. I'm going to open the camera right now. 
Customer: No, no, from the computer, yeah? 
Agent: From the computer. Are you in front of your computer right now? 
Customer: Yeah. 
Agent: Okay, now put the camera in front of the computer, please. 
Customer: Okay, let me switch. 
Agent: Okay, and let me open the QR 
Customer: okay not available in your country 
Agent: well are you in Canada right now 
Customer: No. 
Agent: Why wouldn't it be available? 
Customer: Maybe before it's... I don't know. 
Agent: Yeah, even if I downloaded some app, it is like this. 
Customer: Wow. 
Agent: Is it like you have a VPN or something? 
Customer: I don't know. 
Agent: I cannot... Okay, all right. No problem. No problem. Then let's go like this. 
Customer: Okay. 
Agent: Let me check it and I'll get back to you, okay? Let me double check it on my side. 
Customer: All right. 
Agent: Thank you. 
Customer: Thank you so much. 
Agent: Bye now. 
Customer: Bye.",1735404531.458927.mp3,
FINAL,46.875,77.5,WARN,Final average scores,Unauthorized access to customer's device | Granting full access to an application without proper verification | Unclear communication about product compatibility | Insufficient empathy towards the customer's situation | Lack of clear communication | Insufficient information provided to the customer | Unclear resolution | Lack of clear explanation for service unavailability | Lack of clear purpose for requesting sensitive information | Lack of clear explanation of the download and verification process | Potential violation of data protection policies | Discussing personal matters or relationships with customers | Lack of transparency about the purpose of the remote access | Potential data protection policy violation | Potential phishing scam | Asking to borrow a customer's personal property | Inadequate problem-solving | Lack of clear problem resolution,"Clearly explain the purpose of requesting sensitive information | Consider asking the customer to clarify their issue for better understanding | Provide a specific solution or alternative for the customer's problem | Ensure compliance with data protection policies and regulations | Confirm the device required for verification before proceeding. | The agent could show more empathy by acknowledging the customer's concern or issue. | Provide clear instructions to the customer for troubleshooting | Consider providing more specific solutions or alternatives to the customer's issue | Clearly communicate actions being taken | Clearly explain the purpose and risks of downloading the application | Avoid questioning the customer's location without a clear purpose | Directly address the customer's issue with a clear explanation | Provide clear and concise instructions or solutions to the customer's issue | Maintain professional boundaries and avoid discussing personal matters or relationships with customers | Ensure adherence to data protection policies when handling customer information | The conversation was brief, consider asking the customer if they need any further assistance before ending the conversation. | Ensure all communication is clear and easy to understand | The agent could have asked for more information about the customer's issue to better understand their concerns | Provide step-by-step instructions for technical tasks | Verify the customer's identity and ensure they are aware of the potential security risks | Show empathy towards the customer and offer alternative solutions | Ask clear questions to understand the customer's issue | Offer alternative solutions or escalate the issue if necessary | Provide alternative, secure methods for verifying or sharing information | Clarify the verification process at the beginning to avoid confusion. | Obtain explicit consent from the customer before accessing their device | Clearly confirm customer information | Ask more open-ended questions to gather detailed information from the customer | Ensure all interactions are compliant with company policies and procedures | Provide more descriptive language for customers with visual impairments, such as describing the color or shape of the icons. | Follow established security protocols for downloading and verifying applications | Provide a clear explanation for service unavailability | Consider acknowledging the customer's statements more frequently to show understanding and build rapport. | Focus on resolving the customer's issue without asking for personal favors | Provide alternative solutions that do not involve granting full access to an application | Use secure and authorized remote access methods | Verify customer understanding before proceeding | The conversation seems brief; ensuring the customer's issue is fully resolved before ending the call is crucial. | Provide a concise explanation of the issue and its resolution | Provide step-by-step guidance to resolve the issue | Ask for customer confirmation before taking actions | Provide clear explanation of the purpose of the remote access",,aa,100,Masked 7 Name(s),Audio,"Agent: Hello. Hello, I'm speaking to Maryam. Yes, this is Stephen. Hello, my name is Stephen. I'm calling you from finance department of online company. You were speaking with [NAME REDACTED] before and your manager is Mr. [NAME REDACTED], correct? Okay. All right. So, yeah, I was calling you to help you because we were trying to find a solution and a way to make very quick and easy withdrawal of your money on the platform back to your bank. So I think we finally found an option, and that's why I'm calling you to help you with that. So it will just take another 5-10 minutes plus the time. If you are available, I would like to guide you through the steps and see if we can work out together. So are you available for me to help you with that?
Customer: Yes. 
Agent: Okay, wonderful. Now I will ask you please open any desk and give me the any desk on your computer. 
Customer: Okay. 
Agent: And the numbers? 
Customer: One. Five. One five. 
Agent: Okay, I send the request. Okay, I will help you over here, okay? 
Customer: Okay. 
Agent: Okay, I just closed it. 
Customer: Oh, close, now hold on. 
Agent: Okay. Okay, now the name of the app is like this it's a very colorful website so they will try to verify you I'm not sure if the phone is required we will try to do it on the computer if not we will do it on the phone okay 
Customer: okay 
Agent: let me let me do it for you okay let me use your mouse 
Customer: Yeah, we can do it only on the phone. 
Agent: Which phone are you using? 
Customer: [NAME REDACTED]. [NAME REDACTED]? It's a Google Pixel, yeah. 
Agent: Okay, give me one second. Just hang on the line. 
Customer: Okay. 
Agent: Thank you the one you said you are using [NAME REDACTED] phone. Is it an Android? 
Customer: Yes, it's an Android. 
Agent: Okay, let's see if we can do something. Can you download any desk on your phone? Try to download any desk on your phone, and we will try to do it together on your phone. 
Customer: Okay. 
Agent: Okay. And when you open it, tell me the numbers, please, on your phone. 
Customer: 1-1-0-9 1-8-5-8-5-9 
Agent: you're gonna see a checkboxes please accept them yeah put a check in the boxes and then click on accept on the bottom left you should feel like a small boxes that you can put a check mark there and then click on start now. 
Customer: Yeah. 
Agent: Click on start. Did you click on start now? 
Customer: Yeah. 
Agent: Okay. And what do you see on the phone? 
Customer: Support. It's in support. 
Agent: Here it's happy. What is that? 
Customer: Okay there Help us improve this is this is support a that only like that say it again please support connected once you know yeah it's me but it's not showing me connected 
Agent: i think do you see an icon it says choose what to share okay you you choose what to share okay 
Customer: okay 
Agent: okay I see all right there because of yeah you have the pixel one we cannot we cannot share the pixel phone 
Customer: do you have any other phone or only this one 
Agent: I have Samsung too yes Samsung oh that would be that would be wonderful can you download any desk on your Samsung phone because [NAME REDACTED] is not allowed only Samsung and Motorola 
Customer: can you exchange phone please sorry I will exchange my phone to my daughter because she is using it that would be lovely 
Agent: perfect I will borrow this one for the mouth You work with [NAME REDACTED] too? 
Customer: Sorry? Yeah, he just talked to my daughter. 
Agent: Okay, hello? 
Customer: Yeah, I will have to go. 
Agent: I will have to go. I have it downloaded already. 
Customer: Thank you. 
Agent: And that's on the Samsung phone, right? now I want you to open it please and give me the numbers one zero three seven four nine eight four zero zero 
Customer: okay 
Agent: you're gonna see a pop-up in the same way just accept the boxes and then click on accept and start now 
Customer: Just one moment 
Agent: Okay now click on this blue circle in the middle that you see one more time one more time and one more time click on ok now click on the top left corner the arrow that looks to the left 
Customer: now look in the middle to the right we have three dots three white dots 
Agent: can you click on them permission we need to secure the account from the disclaimer yes very good click on this possible scam so we can cover that and click on full access in the middle it says full access 
Customer: okay 
Agent: okay very good now I'm going to help you so I will help you to download this cash app application on your phone and we will try to verify it on your phone okay 
Customer: Okay, I think we need to scan it from the computer. 
Agent: Okay. Go to your computer. I'm going to open the camera right now. 
Customer: No, no, from the computer, yeah? 
Agent: From the computer. Are you in front of your computer right now? 
Customer: Yeah. 
Agent: Okay, now put the camera in front of the computer, please. 
Customer: Okay, let me switch. 
Agent: Okay, and let me open the QR 
Customer: okay not available in your country 
Agent: well are you in Canada right now 
Customer: No. 
Agent: Why wouldn't it be available? 
Customer: Maybe before it's... I don't know. 
Agent: Yeah, even if I downloaded some app, it is like this. 
Customer: Wow. 
Agent: Is it like you have a VPN or something? 
Customer: I don't know. 
Agent: I cannot... Okay, all right. No problem. No problem. Then let's go like this. 
Customer: Okay. 
Agent: Let me check it and I'll get back to you, okay? Let me double check it on my side. 
Customer: All right. 
Agent: Thank you. 
Customer: Thank you so much. 
Agent: Bye now. 
Customer: Bye.",1735404531.458927.mp3,
EMAIL,20.0,90.0,Pass,"No specific customer service email content found, email appears to be a job application response",," Ensure the email is relevant to the context of customer service|Include a clear subject line and salutation|Provide a concise and relevant response to the customer's inquiry, if any","{""empathy"": 20, ""professionalism"": 90, ""compliance"": ""Pass"", ""reason"": ""No specific customer service email content found, email appears to be a job application response"", ""violations"": [], ""suggestions"": ["" Ensure the email is relevant to the context of customer service"", ""Include a clear subject line and salutation"", ""Provide a concise and relevant response to the customer's inquiry, if any""]}",Agent_01,100,Masked 1 Mobile Number(s) | Masked 1 Email Address(es) | Masked 1 Name(s),Email,"Dear Hiring Team,

Thank you for your email.

Please find my updated resume attached for your review. I appreciate the opportunity to be considered for the internship at MediSim VR.

I look forward to hearing from you. Please let me know if you require any additional information.

Thank you for your time and consideration.

Kind regards,

[NAME REDACTED]
Phone: [MOBILE REDACTED]
Email: [EMAIL REDACTED]",Email_Browser_20260711_161010,
FINAL,20.0,90.0,Pass,"No specific customer service email content found, email appears to be a job application response",," Ensure the email is relevant to the context of customer service|Include a clear subject line and salutation|Provide a concise and relevant response to the customer's inquiry, if any","{""empathy"": 20, ""professionalism"": 90, ""compliance"": ""Pass"", ""reason"": ""No specific customer service email content found, email appears to be a job application response"", ""violations"": [], ""suggestions"": ["" Ensure the email is relevant to the context of customer service"", ""Include a clear subject line and salutation"", ""Provide a concise and relevant response to the customer's inquiry, if any""]}",Agent_01,100,Masked 1 Mobile Number(s) | Masked 1 Email Address(es) | Masked 1 Name(s),Email,"Dear Hiring Team,

Thank you for your email.

Please find my updated resume attached for your review. I appreciate the opportunity to be considered for the internship at MediSim VR.

I look forward to hearing from you. Please let me know if you require any additional information.

Thank you for your time and consideration.

Kind regards,

[NAME REDACTED]
Phone: [MOBILE REDACTED]
Email: [EMAIL REDACTED]",Email_Browser_20260711_161010,
1,20.0,60.0,Pass,No discussion of taxes or financial advice,,Greet the customer in a friendlier manner | Apologize for the slow system and provide an estimated wait time | Provide more information about the order status after checking,,admin,100,Masked 1 Mobile Number(s) | Masked 1 Name(s),Audio,"Agent: Hello? Yeah, customer support. What do you want?
Customer: Hi, I placed an order yesterday and I just wanted to confirm if it has been processed.
Agent: Hmm. OK. Do you have the order number or something?
Customer: Yes, the order ID is ORD-458921.
Agent: All right, wait. Give me a second. My system is kind of slow today.
Customer: Sure, no problem.
Agent: OK, so what's the name on the order?
Customer: It's under [NAME REDACTED].
Agent: And your phone number?
Customer: It's[MOBILE REDACTED].
Agent: Okay, yeah, I see something here. I think it's your order. Great. Could you confirm what items are in the order?
Customer: Yeah. Looks like you ordered a wireless headset and a phone stand.
Agent: Yes, that's correct. All right, then. What exactly do you want to confirm?
Customer: I just want to know if the order has been confirmed and when it will be shipped.
Agent: Well, it says here processing, so it's probably confirmed. It'll ship when it ships.
Customer: Oh, OK. Do you know roughly how long it might take?
Agent: I mean usually two to three days or something Depends on the warehouse I guess
Customer: All right I also entered my email as rahul at email Will I receive a confirmation email
Agent: Yeah. If the system sends it, you'll get it. Sometimes it goes to spam, though.
Customer: I haven't received anything yet.
Agent: Then just wait a bit. The system can be slow sometimes.
Customer: Okay. Could you check if the shipping address is correct?
Agent: Uh, sure. Hold on. Thanks.
Customer: Yeah, it says 12 Green Park Street, Chennai. That right?
Agent: Yes, that's correct. All right then. Looks fine.
Customer: Is there any tracking number available?
Agent: Not yet. Tracking usually appears after shipping. You'll get a message or something.
Customer: OK. I was just worried because the payment already went through.
Agent: Yeah, that happens. Payment goes first, shipping later.
Customer: All right. Could you tell me the expected delivery date?
Agent: Hmm. The system says maybe around the 10th or 11th. But honestly, it might be earlier or later.
Customer: Okay, that's fine. Anything else?
Agent: No, that's all. I just wanted confirmation that my order is in the system.
Customer: Yeah, it's there. Don't worry about it.
Agent: All right. Thank you for checking.
Customer: Yeah, okay. Bye.
Agent: Goodbye.",63263f424074455490a449b6464aea27_ElevenLabs_Untitled_project (1).mp3,
2,20.0,90.0,Pass,The agent maintains a professional tone and does not discuss any sensitive topics.,,Show more empathy towards the customer by using phrases like 'I'm here to help' or 'I appreciate your cooperation',,admin,100,Masked 1 Mobile Number(s) | Masked 1 Name(s),Audio,"Agent: Hello? Yeah, customer support. What do you want?
Customer: Hi, I placed an order yesterday and I just wanted to confirm if it has been processed.
Agent: Hmm. OK. Do you have the order number or something?
Customer: Yes, the order ID is ORD-458921.
Agent: All right, wait. Give me a second. My system is kind of slow today.
Customer: Sure, no problem.
Agent: OK, so what's the name on the order?
Customer: It's under [NAME REDACTED].
Agent: And your phone number?
Customer: It's[MOBILE REDACTED].
Agent: Okay, yeah, I see something here. I think it's your order. Great. Could you confirm what items are in the order?
Customer: Yeah. Looks like you ordered a wireless headset and a phone stand.
Agent: Yes, that's correct. All right, then. What exactly do you want to confirm?
Customer: I just want to know if the order has been confirmed and when it will be shipped.
Agent: Well, it says here processing, so it's probably confirmed. It'll ship when it ships.
Customer: Oh, OK. Do you know roughly how long it might take?
Agent: I mean usually two to three days or something Depends on the warehouse I guess
Customer: All right I also entered my email as rahul at email Will I receive a confirmation email
Agent: Yeah. If the system sends it, you'll get it. Sometimes it goes to spam, though.
Customer: I haven't received anything yet.
Agent: Then just wait a bit. The system can be slow sometimes.
Customer: Okay. Could you check if the shipping address is correct?
Agent: Uh, sure. Hold on. Thanks.
Customer: Yeah, it says 12 Green Park Street, Chennai. That right?
Agent: Yes, that's correct. All right then. Looks fine.
Customer: Is there any tracking number available?
Agent: Not yet. Tracking usually appears after shipping. You'll get a message or something.
Customer: OK. I was just worried because the payment already went through.
Agent: Yeah, that happens. Payment goes first, shipping later.
Customer: All right. Could you tell me the expected delivery date?
Agent: Hmm. The system says maybe around the 10th or 11th. But honestly, it might be earlier or later.
Customer: Okay, that's fine. Anything else?
Agent: No, that's all. I just wanted confirmation that my order is in the system.
Customer: Yeah, it's there. Don't worry about it.
Agent: All right. Thank you for checking.
Customer: Yeah, okay. Bye.
Agent: Goodbye.",63263f424074455490a449b6464aea27_ElevenLabs_Untitled_project (1).mp3,
3,20.0,80.0,Pass,No discussion of avoiding taxes or unprofessional language was detected.,,Show more empathy towards the customer by using phrases that acknowledge their concerns. | Provide more specific and detailed information about the order status and shipping timeline.,,admin,100,Masked 1 Mobile Number(s) | Masked 1 Name(s),Audio,"Agent: Hello? Yeah, customer support. What do you want?
Customer: Hi, I placed an order yesterday and I just wanted to confirm if it has been processed.
Agent: Hmm. OK. Do you have the order number or something?
Customer: Yes, the order ID is ORD-458921.
Agent: All right, wait. Give me a second. My system is kind of slow today.
Customer: Sure, no problem.
Agent: OK, so what's the name on the order?
Customer: It's under [NAME REDACTED].
Agent: And your phone number?
Customer: It's[MOBILE REDACTED].
Agent: Okay, yeah, I see something here. I think it's your order. Great. Could you confirm what items are in the order?
Customer: Yeah. Looks like you ordered a wireless headset and a phone stand.
Agent: Yes, that's correct. All right, then. What exactly do you want to confirm?
Customer: I just want to know if the order has been confirmed and when it will be shipped.
Agent: Well, it says here processing, so it's probably confirmed. It'll ship when it ships.
Customer: Oh, OK. Do you know roughly how long it might take?
Agent: I mean usually two to three days or something Depends on the warehouse I guess
Customer: All right I also entered my email as rahul at email Will I receive a confirmation email
Agent: Yeah. If the system sends it, you'll get it. Sometimes it goes to spam, though.
Customer: I haven't received anything yet.
Agent: Then just wait a bit. The system can be slow sometimes.
Customer: Okay. Could you check if the shipping address is correct?
Agent: Uh, sure. Hold on. Thanks.
Customer: Yeah, it says 12 Green Park Street, Chennai. That right?
Agent: Yes, that's correct. All right then. Looks fine.
Customer: Is there any tracking number available?
Agent: Not yet. Tracking usually appears after shipping. You'll get a message or something.
Customer: OK. I was just worried because the payment already went through.
Agent: Yeah, that happens. Payment goes first, shipping later.
Customer: All right. Could you tell me the expected delivery date?
Agent: Hmm. The system says maybe around the 10th or 11th. But honestly, it might be earlier or later.
Customer: Okay, that's fine. Anything else?
Agent: No, that's all. I just wanted confirmation that my order is in the system.
Customer: Yeah, it's there. Don't worry about it.
Agent: All right. Thank you for checking.
Customer: Yeah, okay. Bye.
Agent: Goodbye.",63263f424074455490a449b6464aea27_ElevenLabs_Untitled_project (1).mp3,
4,20.0,60.0,Pass,No major violations were found in the conversation.,,"Be more definitive with time estimates, e.g., 'Typically, it takes 2-3 business days.' | Offer a solution or action for missing confirmation emails, e.g., 'Let me check on the status of your confirmation email.' | Show more empathy, e.g., 'Sorry to hear you haven't received the confirmation email yet. Let me see what I can do to help.'",,admin,100,Masked 1 Mobile Number(s) | Masked 1 Name(s),Audio,"Agent: Hello? Yeah, customer support. What do you want?
Customer: Hi, I placed an order yesterday and I just wanted to confirm if it has been processed.
Agent: Hmm. OK. Do you have the order number or something?
Customer: Yes, the order ID is ORD-458921.
Agent: All right, wait. Give me a second. My system is kind of slow today.
Customer: Sure, no problem.
Agent: OK, so what's the name on the order?
Customer: It's under [NAME REDACTED].
Agent: And your phone number?
Customer: It's[MOBILE REDACTED].
Agent: Okay, yeah, I see something here. I think it's your order. Great. Could you confirm what items are in the order?
Customer: Yeah. Looks like you ordered a wireless headset and a phone stand.
Agent: Yes, that's correct. All right, then. What exactly do you want to confirm?
Customer: I just want to know if the order has been confirmed and when it will be shipped.
Agent: Well, it says here processing, so it's probably confirmed. It'll ship when it ships.
Customer: Oh, OK. Do you know roughly how long it might take?
Agent: I mean usually two to three days or something Depends on the warehouse I guess
Customer: All right I also entered my email as rahul at email Will I receive a confirmation email
Agent: Yeah. If the system sends it, you'll get it. Sometimes it goes to spam, though.
Customer: I haven't received anything yet.
Agent: Then just wait a bit. The system can be slow sometimes.
Customer: Okay. Could you check if the shipping address is correct?
Agent: Uh, sure. Hold on. Thanks.
Customer: Yeah, it says 12 Green Park Street, Chennai. That right?
Agent: Yes, that's correct. All right then. Looks fine.
Customer: Is there any tracking number available?
Agent: Not yet. Tracking usually appears after shipping. You'll get a message or something.
Customer: OK. I was just worried because the payment already went through.
Agent: Yeah, that happens. Payment goes first, shipping later.
Customer: All right. Could you tell me the expected delivery date?
Agent: Hmm. The system says maybe around the 10th or 11th. But honestly, it might be earlier or later.
Customer: Okay, that's fine. Anything else?
Agent: No, that's all. I just wanted confirmation that my order is in the system.
Customer: Yeah, it's there. Don't worry about it.
Agent: All right. Thank you for checking.
Customer: Yeah, okay. Bye.
Agent: Goodbye.",63263f424074455490a449b6464aea27_ElevenLabs_Untitled_project (1).mp3,
5,20.0,90.0,Pass,The agent maintains a professional tone and assists the customer with their query,,The agent could have been more empathetic by apologizing for the delay or expressing understanding for the customer's concern | Providing a more detailed explanation of the shipping address verification process could enhance customer trust,,admin,100,Masked 1 Mobile Number(s) | Masked 1 Name(s),Audio,"Agent: Hello? Yeah, customer support. What do you want?
Customer: Hi, I placed an order yesterday and I just wanted to confirm if it has been processed.
Agent: Hmm. OK. Do you have the order number or something?
Customer: Yes, the order ID is ORD-458921.
Agent: All right, wait. Give me a second. My system is kind of slow today.
Customer: Sure, no problem.
Agent: OK, so what's the name on the order?
Customer: It's under [NAME REDACTED].
Agent: And your phone number?
Customer: It's[MOBILE REDACTED].
Agent: Okay, yeah, I see something here. I think it's your order. Great. Could you confirm what items are in the order?
Customer: Yeah. Looks like you ordered a wireless headset and a phone stand.
Agent: Yes, that's correct. All right, then. What exactly do you want to confirm?
Customer: I just want to know if the order has been confirmed and when it will be shipped.
Agent: Well, it says here processing, so it's probably confirmed. It'll ship when it ships.
Customer: Oh, OK. Do you know roughly how long it might take?
Agent: I mean usually two to three days or something Depends on the warehouse I guess
Customer: All right I also entered my email as rahul at email Will I receive a confirmation email
Agent: Yeah. If the system sends it, you'll get it. Sometimes it goes to spam, though.
Customer: I haven't received anything yet.
Agent: Then just wait a bit. The system can be slow sometimes.
Customer: Okay. Could you check if the shipping address is correct?
Agent: Uh, sure. Hold on. Thanks.
Customer: Yeah, it says 12 Green Park Street, Chennai. That right?
Agent: Yes, that's correct. All right then. Looks fine.
Customer: Is there any tracking number available?
Agent: Not yet. Tracking usually appears after shipping. You'll get a message or something.
Customer: OK. I was just worried because the payment already went through.
Agent: Yeah, that happens. Payment goes first, shipping later.
Customer: All right. Could you tell me the expected delivery date?
Agent: Hmm. The system says maybe around the 10th or 11th. But honestly, it might be earlier or later.
Customer: Okay, that's fine. Anything else?
Agent: No, that's all. I just wanted confirmation that my order is in the system.
Customer: Yeah, it's there. Don't worry about it.
Agent: All right. Thank you for checking.
Customer: Yeah, okay. Bye.
Agent: Goodbye.",63263f424074455490a449b6464aea27_ElevenLabs_Untitled_project (1).mp3,
6,20.0,80.0,Warn,"The agent does not actively address the customer's worries and frustrations, and the language used is somewhat abrupt.",Lack of empathetic response to customer's concern | Minimal effort to reassure or apologize,"Acknowledge the customer's worry explicitly | Offer a clear explanation of the process to alleviate concerns | Use more empathetic language, such as 'I understand your concern' or 'I apologize for the wait'",,admin,100,Masked 1 Mobile Number(s) | Masked 1 Name(s),Audio,"Agent: Hello? Yeah, customer support. What do you want?
Customer: Hi, I placed an order yesterday and I just wanted to confirm if it has been processed.
Agent: Hmm. OK. Do you have the order number or something?
Customer: Yes, the order ID is ORD-458921.
Agent: All right, wait. Give me a second. My system is kind of slow today.
Customer: Sure, no problem.
Agent: OK, so what's the name on the order?
Customer: It's under [NAME REDACTED].
Agent: And your phone number?
Customer: It's[MOBILE REDACTED].
Agent: Okay, yeah, I see something here. I think it's your order. Great. Could you confirm what items are in the order?
Customer: Yeah. Looks like you ordered a wireless headset and a phone stand.
Agent: Yes, that's correct. All right, then. What exactly do you want to confirm?
Customer: I just want to know if the order has been confirmed and when it will be shipped.
Agent: Well, it says here processing, so it's probably confirmed. It'll ship when it ships.
Customer: Oh, OK. Do you know roughly how long it might take?
Agent: I mean usually two to three days or something Depends on the warehouse I guess
Customer: All right I also entered my email as rahul at email Will I receive a confirmation email
Agent: Yeah. If the system sends it, you'll get it. Sometimes it goes to spam, though.
Customer: I haven't received anything yet.
Agent: Then just wait a bit. The system can be slow sometimes.
Customer: Okay. Could you check if the shipping address is correct?
Agent: Uh, sure. Hold on. Thanks.
Customer: Yeah, it says 12 Green Park Street, Chennai. That right?
Agent: Yes, that's correct. All right then. Looks fine.
Customer: Is there any tracking number available?
Agent: Not yet. Tracking usually appears after shipping. You'll get a message or something.
Customer: OK. I was just worried because the payment already went through.
Agent: Yeah, that happens. Payment goes first, shipping later.
Customer: All right. Could you tell me the expected delivery date?
Agent: Hmm. The system says maybe around the 10th or 11th. But honestly, it might be earlier or later.
Customer: Okay, that's fine. Anything else?
Agent: No, that's all. I just wanted confirmation that my order is in the system.
Customer: Yeah, it's there. Don't worry about it.
Agent: All right. Thank you for checking.
Customer: Yeah, okay. Bye.
Agent: Goodbye.",63263f424074455490a449b6464aea27_ElevenLabs_Untitled_project (1).mp3,
7,80.0,95.0,Pass,No major policy violations were observed in the conversation.,,Use more assertive language to provide clear answers | Consider offering additional information or assistance proactively,,admin,100,Masked 1 Mobile Number(s) | Masked 1 Name(s),Audio,"Agent: Hello? Yeah, customer support. What do you want?
Customer: Hi, I placed an order yesterday and I just wanted to confirm if it has been processed.
Agent: Hmm. OK. Do you have the order number or something?
Customer: Yes, the order ID is ORD-458921.
Agent: All right, wait. Give me a second. My system is kind of slow today.
Customer: Sure, no problem.
Agent: OK, so what's the name on the order?
Customer: It's under [NAME REDACTED].
Agent: And your phone number?
Customer: It's[MOBILE REDACTED].
Agent: Okay, yeah, I see something here. I think it's your order. Great. Could you confirm what items are in the order?
Customer: Yeah. Looks like you ordered a wireless headset and a phone stand.
Agent: Yes, that's correct. All right, then. What exactly do you want to confirm?
Customer: I just want to know if the order has been confirmed and when it will be shipped.
Agent: Well, it says here processing, so it's probably confirmed. It'll ship when it ships.
Customer: Oh, OK. Do you know roughly how long it might take?
Agent: I mean usually two to three days or something Depends on the warehouse I guess
Customer: All right I also entered my email as rahul at email Will I receive a confirmation email
Agent: Yeah. If the system sends it, you'll get it. Sometimes it goes to spam, though.
Customer: I haven't received anything yet.
Agent: Then just wait a bit. The system can be slow sometimes.
Customer: Okay. Could you check if the shipping address is correct?
Agent: Uh, sure. Hold on. Thanks.
Customer: Yeah, it says 12 Green Park Street, Chennai. That right?
Agent: Yes, that's correct. All right then. Looks fine.
Customer: Is there any tracking number available?
Agent: Not yet. Tracking usually appears after shipping. You'll get a message or something.
Customer: OK. I was just worried because the payment already went through.
Agent: Yeah, that happens. Payment goes first, shipping later.
Customer: All right. Could you tell me the expected delivery date?
Agent: Hmm. The system says maybe around the 10th or 11th. But honestly, it might be earlier or later.
Customer: Okay, that's fine. Anything else?
Agent: No, that's all. I just wanted confirmation that my order is in the system.
Customer: Yeah, it's there. Don't worry about it.
Agent: All right. Thank you for checking.
Customer: Yeah, okay. Bye.
Agent: Goodbye.",63263f424074455490a449b6464aea27_ElevenLabs_Untitled_project (1).mp3,
8,0.0,50.0,Fail,The agent did not show any empathy towards the customer and did not provide any assistance before ending the conversation.,Explicit refusal to help a customer without a valid policy reason,The agent should have asked if there was anything else they could help the customer with before ending the conversation. | Showing empathy and understanding towards the customer's situation can improve customer satisfaction.,,admin,100,Masked 1 Mobile Number(s) | Masked 1 Name(s),Audio,"Agent: Hello? Yeah, customer support. What do you want?
Customer: Hi, I placed an order yesterday and I just wanted to confirm if it has been processed.
Agent: Hmm. OK. Do you have the order number or something?
Customer: Yes, the order ID is ORD-458921.
Agent: All right, wait. Give me a second. My system is kind of slow today.
Customer: Sure, no problem.
Agent: OK, so what's the name on the order?
Customer: It's under [NAME REDACTED].
Agent: And your phone number?
Customer: It's[MOBILE REDACTED].
Agent: Okay, yeah, I see something here. I think it's your order. Great. Could you confirm what items are in the order?
Customer: Yeah. Looks like you ordered a wireless headset and a phone stand.
Agent: Yes, that's correct. All right, then. What exactly do you want to confirm?
Customer: I just want to know if the order has been confirmed and when it will be shipped.
Agent: Well, it says here processing, so it's probably confirmed. It'll ship when it ships.
Customer: Oh, OK. Do you know roughly how long it might take?
Agent: I mean usually two to three days or something Depends on the warehouse I guess
Customer: All right I also entered my email as rahul at email Will I receive a confirmation email
Agent: Yeah. If the system sends it, you'll get it. Sometimes it goes to spam, though.
Customer: I haven't received anything yet.
Agent: Then just wait a bit. The system can be slow sometimes.
Customer: Okay. Could you check if the shipping address is correct?
Agent: Uh, sure. Hold on. Thanks.
Customer: Yeah, it says 12 Green Park Street, Chennai. That right?
Agent: Yes, that's correct. All right then. Looks fine.
Customer: Is there any tracking number available?
Agent: Not yet. Tracking usually appears after shipping. You'll get a message or something.
Customer: OK. I was just worried because the payment already went through.
Agent: Yeah, that happens. Payment goes first, shipping later.
Customer: All right. Could you tell me the expected delivery date?
Agent: Hmm. The system says maybe around the 10th or 11th. But honestly, it might be earlier or later.
Customer: Okay, that's fine. Anything else?
Agent: No, that's all. I just wanted confirmation that my order is in the system.
Customer: Yeah, it's there. Don't worry about it.
Agent: All right. Thank you for checking.
Customer: Yeah, okay. Bye.
Agent: Goodbye.",63263f424074455490a449b6464aea27_ElevenLabs_Untitled_project (1).mp3,
FINAL,25.0,75.625,FAIL,Final average scores,Lack of empathetic response to customer's concern | Minimal effort to reassure or apologize | Explicit refusal to help a customer without a valid policy reason,"The agent should have asked if there was anything else they could help the customer with before ending the conversation. | Use more assertive language to provide clear answers | Acknowledge the customer's worry explicitly | Offer a solution or action for missing confirmation emails, e.g., 'Let me check on the status of your confirmation email.' | Provide more information about the order status after checking | Providing a more detailed explanation of the shipping address verification process could enhance customer trust | Greet the customer in a friendlier manner | The agent could have been more empathetic by apologizing for the delay or expressing understanding for the customer's concern | Use more empathetic language, such as 'I understand your concern' or 'I apologize for the wait' | Show more empathy, e.g., 'Sorry to hear you haven't received the confirmation email yet. Let me see what I can do to help.' | Show more empathy towards the customer by using phrases like 'I'm here to help' or 'I appreciate your cooperation' | Offer a clear explanation of the process to alleviate concerns | Consider offering additional information or assistance proactively | Showing empathy and understanding towards the customer's situation can improve customer satisfaction. | Apologize for the slow system and provide an estimated wait time | Provide more specific and detailed information about the order status and shipping timeline. | Show more empathy towards the customer by using phrases that acknowledge their concerns. | Be more definitive with time estimates, e.g., 'Typically, it takes 2-3 business days.'",,admin,100,Masked 1 Mobile Number(s) | Masked 1 Name(s),Audio,"Agent: Hello? Yeah, customer support. What do you want?
Customer: Hi, I placed an order yesterday and I just wanted to confirm if it has been processed.
Agent: Hmm. OK. Do you have the order number or something?
Customer: Yes, the order ID is ORD-458921.
Agent: All right, wait. Give me a second. My system is kind of slow today.
Customer: Sure, no problem.
Agent: OK, so what's the name on the order?
Customer: It's under [NAME REDACTED].
Agent: And your phone number?
Customer: It's[MOBILE REDACTED].
Agent: Okay, yeah, I see something here. I think it's your order. Great. Could you confirm what items are in the order?
Customer: Yeah. Looks like you ordered a wireless headset and a phone stand.
Agent: Yes, that's correct. All right, then. What exactly do you want to confirm?
Customer: I just want to know if the order has been confirmed and when it will be shipped.
Agent: Well, it says here processing, so it's probably confirmed. It'll ship when it ships.
Customer: Oh, OK. Do you know roughly how long it might take?
Agent: I mean usually two to three days or something Depends on the warehouse I guess
Customer: All right I also entered my email as rahul at email Will I receive a confirmation email
Agent: Yeah. If the system sends it, you'll get it. Sometimes it goes to spam, though.
Customer: I haven't received anything yet.
Agent: Then just wait a bit. The system can be slow sometimes.
Customer: Okay. Could you check if the shipping address is correct?
Agent: Uh, sure. Hold on. Thanks.
Customer: Yeah, it says 12 Green Park Street, Chennai. That right?
Agent: Yes, that's correct. All right then. Looks fine.
Customer: Is there any tracking number available?
Agent: Not yet. Tracking usually appears after shipping. You'll get a message or something.
Customer: OK. I was just worried because the payment already went through.
Agent: Yeah, that happens. Payment goes first, shipping later.
Customer: All right. Could you tell me the expected delivery date?
Agent: Hmm. The system says maybe around the 10th or 11th. But honestly, it might be earlier or later.
Customer: Okay, that's fine. Anything else?
Agent: No, that's all. I just wanted confirmation that my order is in the system.
Customer: Yeah, it's there. Don't worry about it.
Agent: All right. Thank you for checking.
Customer: Yeah, okay. Bye.
Agent: Goodbye.",63263f424074455490a449b6464aea27_ElevenLabs_Untitled_project (1).mp3,
1,20.0,60.0,Pass,No discussion of avoiding taxes or misleading financial advice,,Use a more welcoming greeting | Express apology for the slow system | Provide an estimated time for processing the customer's query,,Sarah,100,Masked 1 Mobile Number(s) | Masked 1 Name(s),Audio,"Agent: Hello? Yeah, customer support. What do you want?
Customer: Hi, I placed an order yesterday and I just wanted to confirm if it has been processed.
Agent: Hmm. OK. Do you have the order number or something?
Customer: Yes, the order ID is ORD-458921.
Agent: All right, wait. Give me a second. My system is kind of slow today.
Customer: Sure, no problem.
Agent: OK, so what's the name on the order?
Customer: It's under [NAME REDACTED].
Agent: And your phone number?
Customer: It's[MOBILE REDACTED].
Agent: Okay, yeah, I see something here. I think it's your order. Great. Could you confirm what items are in the order?
Customer: Yeah. Looks like you ordered a wireless headset and a phone stand.
Agent: Yes, that's correct. All right, then. What exactly do you want to confirm?
Customer: I just want to know if the order has been confirmed and when it will be shipped.
Agent: Well, it says here processing, so it's probably confirmed. It'll ship when it ships.
Customer: Oh, OK. Do you know roughly how long it might take?
Agent: I mean usually two to three days or something Depends on the warehouse I guess
Customer: All right I also entered my email as rahul at email Will I receive a confirmation email
Agent: Yeah. If the system sends it, you'll get it. Sometimes it goes to spam, though.
Customer: I haven't received anything yet.
Agent: Then just wait a bit. The system can be slow sometimes.
Customer: Okay. Could you check if the shipping address is correct?
Agent: Uh, sure. Hold on. Thanks.
Customer: Yeah, it says 12 Green Park Street, Chennai. That right?
Agent: Yes, that's correct. All right then. Looks fine.
Customer: Is there any tracking number available?
Agent: Not yet. Tracking usually appears after shipping. You'll get a message or something.
Customer: OK. I was just worried because the payment already went through.
Agent: Yeah, that happens. Payment goes first, shipping later.
Customer: All right. Could you tell me the expected delivery date?
Agent: Hmm. The system says maybe around the 10th or 11th. But honestly, it might be earlier or later.
Customer: Okay, that's fine. Anything else?
Agent: No, that's all. I just wanted confirmation that my order is in the system.
Customer: Yeah, it's there. Don't worry about it.
Agent: All right. Thank you for checking.
Customer: Yeah, okay. Bye.
Agent: Goodbye.",7523f83ce0bb49f0ab3b9a8e0437e0f0_ElevenLabs_Untitled_project (1).mp3,aaa
2,20.0,90.0,Pass,No violation found,,Show more empathy and understanding towards the customer's inquiry | Add a brief introduction or greeting to establish a connection with the customer,,Sarah,100,Masked 1 Mobile Number(s) | Masked 1 Name(s),Audio,"Agent: Hello? Yeah, customer support. What do you want?
Customer: Hi, I placed an order yesterday and I just wanted to confirm if it has been processed.
Agent: Hmm. OK. Do you have the order number or something?
Customer: Yes, the order ID is ORD-458921.
Agent: All right, wait. Give me a second. My system is kind of slow today.
Customer: Sure, no problem.
Agent: OK, so what's the name on the order?
Customer: It's under [NAME REDACTED].
Agent: And your phone number?
Customer: It's[MOBILE REDACTED].
Agent: Okay, yeah, I see something here. I think it's your order. Great. Could you confirm what items are in the order?
Customer: Yeah. Looks like you ordered a wireless headset and a phone stand.
Agent: Yes, that's correct. All right, then. What exactly do you want to confirm?
Customer: I just want to know if the order has been confirmed and when it will be shipped.
Agent: Well, it says here processing, so it's probably confirmed. It'll ship when it ships.
Customer: Oh, OK. Do you know roughly how long it might take?
Agent: I mean usually two to three days or something Depends on the warehouse I guess
Customer: All right I also entered my email as rahul at email Will I receive a confirmation email
Agent: Yeah. If the system sends it, you'll get it. Sometimes it goes to spam, though.
Customer: I haven't received anything yet.
Agent: Then just wait a bit. The system can be slow sometimes.
Customer: Okay. Could you check if the shipping address is correct?
Agent: Uh, sure. Hold on. Thanks.
Customer: Yeah, it says 12 Green Park Street, Chennai. That right?
Agent: Yes, that's correct. All right then. Looks fine.
Customer: Is there any tracking number available?
Agent: Not yet. Tracking usually appears after shipping. You'll get a message or something.
Customer: OK. I was just worried because the payment already went through.
Agent: Yeah, that happens. Payment goes first, shipping later.
Customer: All right. Could you tell me the expected delivery date?
Agent: Hmm. The system says maybe around the 10th or 11th. But honestly, it might be earlier or later.
Customer: Okay, that's fine. Anything else?
Agent: No, that's all. I just wanted confirmation that my order is in the system.
Customer: Yeah, it's there. Don't worry about it.
Agent: All right. Thank you for checking.
Customer: Yeah, okay. Bye.
Agent: Goodbye.",7523f83ce0bb49f0ab3b9a8e0437e0f0_ElevenLabs_Untitled_project (1).mp3,aaa
3,20.0,60.0,Pass,No sensitive or non-compliant topics were discussed,,Use more empathetic language to address customer concerns | Provide more specific and detailed information about the order status | Avoid vague phrases like 'it'll ship when it ships' and instead offer a concrete timeline or explanation,,Sarah,100,Masked 1 Mobile Number(s) | Masked 1 Name(s),Audio,"Agent: Hello? Yeah, customer support. What do you want?
Customer: Hi, I placed an order yesterday and I just wanted to confirm if it has been processed.
Agent: Hmm. OK. Do you have the order number or something?
Customer: Yes, the order ID is ORD-458921.
Agent: All right, wait. Give me a second. My system is kind of slow today.
Customer: Sure, no problem.
Agent: OK, so what's the name on the order?
Customer: It's under [NAME REDACTED].
Agent: And your phone number?
Customer: It's[MOBILE REDACTED].
Agent: Okay, yeah, I see something here. I think it's your order. Great. Could you confirm what items are in the order?
Customer: Yeah. Looks like you ordered a wireless headset and a phone stand.
Agent: Yes, that's correct. All right, then. What exactly do you want to confirm?
Customer: I just want to know if the order has been confirmed and when it will be shipped.
Agent: Well, it says here processing, so it's probably confirmed. It'll ship when it ships.
Customer: Oh, OK. Do you know roughly how long it might take?
Agent: I mean usually two to three days or something Depends on the warehouse I guess
Customer: All right I also entered my email as rahul at email Will I receive a confirmation email
Agent: Yeah. If the system sends it, you'll get it. Sometimes it goes to spam, though.
Customer: I haven't received anything yet.
Agent: Then just wait a bit. The system can be slow sometimes.
Customer: Okay. Could you check if the shipping address is correct?
Agent: Uh, sure. Hold on. Thanks.
Customer: Yeah, it says 12 Green Park Street, Chennai. That right?
Agent: Yes, that's correct. All right then. Looks fine.
Customer: Is there any tracking number available?
Agent: Not yet. Tracking usually appears after shipping. You'll get a message or something.
Customer: OK. I was just worried because the payment already went through.
Agent: Yeah, that happens. Payment goes first, shipping later.
Customer: All right. Could you tell me the expected delivery date?
Agent: Hmm. The system says maybe around the 10th or 11th. But honestly, it might be earlier or later.
Customer: Okay, that's fine. Anything else?
Agent: No, that's all. I just wanted confirmation that my order is in the system.
Customer: Yeah, it's there. Don't worry about it.
Agent: All right. Thank you for checking.
Customer: Yeah, okay. Bye.
Agent: Goodbye.",7523f83ce0bb49f0ab3b9a8e0437e0f0_ElevenLabs_Untitled_project (1).mp3,aaa
4,20.0,60.0,Pass,No explicit violations found,,Provide more specific and detailed information to customer inquiries | Use a more professional tone in responses | Offer assistance or alternatives when a customer has not received a confirmation email,,Sarah,100,Masked 1 Mobile Number(s) | Masked 1 Name(s),Audio,"Agent: Hello? Yeah, customer support. What do you want?
Customer: Hi, I placed an order yesterday and I just wanted to confirm if it has been processed.
Agent: Hmm. OK. Do you have the order number or something?
Customer: Yes, the order ID is ORD-458921.
Agent: All right, wait. Give me a second. My system is kind of slow today.
Customer: Sure, no problem.
Agent: OK, so what's the name on the order?
Customer: It's under [NAME REDACTED].
Agent: And your phone number?
Customer: It's[MOBILE REDACTED].
Agent: Okay, yeah, I see something here. I think it's your order. Great. Could you confirm what items are in the order?
Customer: Yeah. Looks like you ordered a wireless headset and a phone stand.
Agent: Yes, that's correct. All right, then. What exactly do you want to confirm?
Customer: I just want to know if the order has been confirmed and when it will be shipped.
Agent: Well, it says here processing, so it's probably confirmed. It'll ship when it ships.
Customer: Oh, OK. Do you know roughly how long it might take?
Agent: I mean usually two to three days or something Depends on the warehouse I guess
Customer: All right I also entered my email as rahul at email Will I receive a confirmation email
Agent: Yeah. If the system sends it, you'll get it. Sometimes it goes to spam, though.
Customer: I haven't received anything yet.
Agent: Then just wait a bit. The system can be slow sometimes.
Customer: Okay. Could you check if the shipping address is correct?
Agent: Uh, sure. Hold on. Thanks.
Customer: Yeah, it says 12 Green Park Street, Chennai. That right?
Agent: Yes, that's correct. All right then. Looks fine.
Customer: Is there any tracking number available?
Agent: Not yet. Tracking usually appears after shipping. You'll get a message or something.
Customer: OK. I was just worried because the payment already went through.
Agent: Yeah, that happens. Payment goes first, shipping later.
Customer: All right. Could you tell me the expected delivery date?
Agent: Hmm. The system says maybe around the 10th or 11th. But honestly, it might be earlier or later.
Customer: Okay, that's fine. Anything else?
Agent: No, that's all. I just wanted confirmation that my order is in the system.
Customer: Yeah, it's there. Don't worry about it.
Agent: All right. Thank you for checking.
Customer: Yeah, okay. Bye.
Agent: Goodbye.",7523f83ce0bb49f0ab3b9a8e0437e0f0_ElevenLabs_Untitled_project (1).mp3,aaa
5,20.0,80.0,Pass,,,Use more polite language to enhance customer experience | Avoid using filler words like 'uh' to sound more professional,,Sarah,100,Masked 1 Mobile Number(s) | Masked 1 Name(s),Audio,"Agent: Hello? Yeah, customer support. What do you want?
Customer: Hi, I placed an order yesterday and I just wanted to confirm if it has been processed.
Agent: Hmm. OK. Do you have the order number or something?
Customer: Yes, the order ID is ORD-458921.
Agent: All right, wait. Give me a second. My system is kind of slow today.
Customer: Sure, no problem.
Agent: OK, so what's the name on the order?
Customer: It's under [NAME REDACTED].
Agent: And your phone number?
Customer: It's[MOBILE REDACTED].
Agent: Okay, yeah, I see something here. I think it's your order. Great. Could you confirm what items are in the order?
Customer: Yeah. Looks like you ordered a wireless headset and a phone stand.
Agent: Yes, that's correct. All right, then. What exactly do you want to confirm?
Customer: I just want to know if the order has been confirmed and when it will be shipped.
Agent: Well, it says here processing, so it's probably confirmed. It'll ship when it ships.
Customer: Oh, OK. Do you know roughly how long it might take?
Agent: I mean usually two to three days or something Depends on the warehouse I guess
Customer: All right I also entered my email as rahul at email Will I receive a confirmation email
Agent: Yeah. If the system sends it, you'll get it. Sometimes it goes to spam, though.
Customer: I haven't received anything yet.
Agent: Then just wait a bit. The system can be slow sometimes.
Customer: Okay. Could you check if the shipping address is correct?
Agent: Uh, sure. Hold on. Thanks.
Customer: Yeah, it says 12 Green Park Street, Chennai. That right?
Agent: Yes, that's correct. All right then. Looks fine.
Customer: Is there any tracking number available?
Agent: Not yet. Tracking usually appears after shipping. You'll get a message or something.
Customer: OK. I was just worried because the payment already went through.
Agent: Yeah, that happens. Payment goes first, shipping later.
Customer: All right. Could you tell me the expected delivery date?
Agent: Hmm. The system says maybe around the 10th or 11th. But honestly, it might be earlier or later.
Customer: Okay, that's fine. Anything else?
Agent: No, that's all. I just wanted confirmation that my order is in the system.
Customer: Yeah, it's there. Don't worry about it.
Agent: All right. Thank you for checking.
Customer: Yeah, okay. Bye.
Agent: Goodbye.",7523f83ce0bb49f0ab3b9a8e0437e0f0_ElevenLabs_Untitled_project (1).mp3,aaa
6,20.0,80.0,Warn,The agent did not fully address the customer's concerns or show empathy toward their frustrations.,Lack of active listening | Insufficient empathy towards customer's worries,"Use phrases that acknowledge the customer's feelings, such as 'I understand your concern' | Provide more detailed information about the shipping process to alleviate customer worries | Show empathy by saying 'I apologize for the wait' or 'I can see why you'd be worried'",,Sarah,100,Masked 1 Mobile Number(s) | Masked 1 Name(s),Audio,"Agent: Hello? Yeah, customer support. What do you want?
Customer: Hi, I placed an order yesterday and I just wanted to confirm if it has been processed.
Agent: Hmm. OK. Do you have the order number or something?
Customer: Yes, the order ID is ORD-458921.
Agent: All right, wait. Give me a second. My system is kind of slow today.
Customer: Sure, no problem.
Agent: OK, so what's the name on the order?
Customer: It's under [NAME REDACTED].
Agent: And your phone number?
Customer: It's[MOBILE REDACTED].
Agent: Okay, yeah, I see something here. I think it's your order. Great. Could you confirm what items are in the order?
Customer: Yeah. Looks like you ordered a wireless headset and a phone stand.
Agent: Yes, that's correct. All right, then. What exactly do you want to confirm?
Customer: I just want to know if the order has been confirmed and when it will be shipped.
Agent: Well, it says here processing, so it's probably confirmed. It'll ship when it ships.
Customer: Oh, OK. Do you know roughly how long it might take?
Agent: I mean usually two to three days or something Depends on the warehouse I guess
Customer: All right I also entered my email as rahul at email Will I receive a confirmation email
Agent: Yeah. If the system sends it, you'll get it. Sometimes it goes to spam, though.
Customer: I haven't received anything yet.
Agent: Then just wait a bit. The system can be slow sometimes.
Customer: Okay. Could you check if the shipping address is correct?
Agent: Uh, sure. Hold on. Thanks.
Customer: Yeah, it says 12 Green Park Street, Chennai. That right?
Agent: Yes, that's correct. All right then. Looks fine.
Customer: Is there any tracking number available?
Agent: Not yet. Tracking usually appears after shipping. You'll get a message or something.
Customer: OK. I was just worried because the payment already went through.
Agent: Yeah, that happens. Payment goes first, shipping later.
Customer: All right. Could you tell me the expected delivery date?
Agent: Hmm. The system says maybe around the 10th or 11th. But honestly, it might be earlier or later.
Customer: Okay, that's fine. Anything else?
Agent: No, that's all. I just wanted confirmation that my order is in the system.
Customer: Yeah, it's there. Don't worry about it.
Agent: All right. Thank you for checking.
Customer: Yeah, okay. Bye.
Agent: Goodbye.",7523f83ce0bb49f0ab3b9a8e0437e0f0_ElevenLabs_Untitled_project (1).mp3,aaa
7,60.0,90.0,Pass,,,Could have offered more detailed information about the order status | A more personalized closing statement would have enhanced customer experience,,Sarah,100,Masked 1 Mobile Number(s) | Masked 1 Name(s),Audio,"Agent: Hello? Yeah, customer support. What do you want?
Customer: Hi, I placed an order yesterday and I just wanted to confirm if it has been processed.
Agent: Hmm. OK. Do you have the order number or something?
Customer: Yes, the order ID is ORD-458921.
Agent: All right, wait. Give me a second. My system is kind of slow today.
Customer: Sure, no problem.
Agent: OK, so what's the name on the order?
Customer: It's under [NAME REDACTED].
Agent: And your phone number?
Customer: It's[MOBILE REDACTED].
Agent: Okay, yeah, I see something here. I think it's your order. Great. Could you confirm what items are in the order?
Customer: Yeah. Looks like you ordered a wireless headset and a phone stand.
Agent: Yes, that's correct. All right, then. What exactly do you want to confirm?
Customer: I just want to know if the order has been confirmed and when it will be shipped.
Agent: Well, it says here processing, so it's probably confirmed. It'll ship when it ships.
Customer: Oh, OK. Do you know roughly how long it might take?
Agent: I mean usually two to three days or something Depends on the warehouse I guess
Customer: All right I also entered my email as rahul at email Will I receive a confirmation email
Agent: Yeah. If the system sends it, you'll get it. Sometimes it goes to spam, though.
Customer: I haven't received anything yet.
Agent: Then just wait a bit. The system can be slow sometimes.
Customer: Okay. Could you check if the shipping address is correct?
Agent: Uh, sure. Hold on. Thanks.
Customer: Yeah, it says 12 Green Park Street, Chennai. That right?
Agent: Yes, that's correct. All right then. Looks fine.
Customer: Is there any tracking number available?
Agent: Not yet. Tracking usually appears after shipping. You'll get a message or something.
Customer: OK. I was just worried because the payment already went through.
Agent: Yeah, that happens. Payment goes first, shipping later.
Customer: All right. Could you tell me the expected delivery date?
Agent: Hmm. The system says maybe around the 10th or 11th. But honestly, it might be earlier or later.
Customer: Okay, that's fine. Anything else?
Agent: No, that's all. I just wanted confirmation that my order is in the system.
Customer: Yeah, it's there. Don't worry about it.
Agent: All right. Thank you for checking.
Customer: Yeah, okay. Bye.
Agent: Goodbye.",7523f83ce0bb49f0ab3b9a8e0437e0f0_ElevenLabs_Untitled_project (1).mp3,aaa
8,0.0,50.0,Warn,"The agent ended the conversation without addressing the customer's needs or providing assistance, which may indicate a refusal to help without a valid policy reason.",Explicit refusal to help a customer without a valid policy reason,"The agent should have asked the customer if they needed help with anything before ending the conversation | The agent should have shown empathy toward the customer, such as asking if everything was okay",,Sarah,100,Masked 1 Mobile Number(s) | Masked 1 Name(s),Audio,"Agent: Hello? Yeah, customer support. What do you want?
Customer: Hi, I placed an order yesterday and I just wanted to confirm if it has been processed.
Agent: Hmm. OK. Do you have the order number or something?
Customer: Yes, the order ID is ORD-458921.
Agent: All right, wait. Give me a second. My system is kind of slow today.
Customer: Sure, no problem.
Agent: OK, so what's the name on the order?
Customer: It's under [NAME REDACTED].
Agent: And your phone number?
Customer: It's[MOBILE REDACTED].
Agent: Okay, yeah, I see something here. I think it's your order. Great. Could you confirm what items are in the order?
Customer: Yeah. Looks like you ordered a wireless headset and a phone stand.
Agent: Yes, that's correct. All right, then. What exactly do you want to confirm?
Customer: I just want to know if the order has been confirmed and when it will be shipped.
Agent: Well, it says here processing, so it's probably confirmed. It'll ship when it ships.
Customer: Oh, OK. Do you know roughly how long it might take?
Agent: I mean usually two to three days or something Depends on the warehouse I guess
Customer: All right I also entered my email as rahul at email Will I receive a confirmation email
Agent: Yeah. If the system sends it, you'll get it. Sometimes it goes to spam, though.
Customer: I haven't received anything yet.
Agent: Then just wait a bit. The system can be slow sometimes.
Customer: Okay. Could you check if the shipping address is correct?
Agent: Uh, sure. Hold on. Thanks.
Customer: Yeah, it says 12 Green Park Street, Chennai. That right?
Agent: Yes, that's correct. All right then. Looks fine.
Customer: Is there any tracking number available?
Agent: Not yet. Tracking usually appears after shipping. You'll get a message or something.
Customer: OK. I was just worried because the payment already went through.
Agent: Yeah, that happens. Payment goes first, shipping later.
Customer: All right. Could you tell me the expected delivery date?
Agent: Hmm. The system says maybe around the 10th or 11th. But honestly, it might be earlier or later.
Customer: Okay, that's fine. Anything else?
Agent: No, that's all. I just wanted confirmation that my order is in the system.
Customer: Yeah, it's there. Don't worry about it.
Agent: All right. Thank you for checking.
Customer: Yeah, okay. Bye.
Agent: Goodbye.",7523f83ce0bb49f0ab3b9a8e0437e0f0_ElevenLabs_Untitled_project (1).mp3,aaa
FINAL,22.5,71.25,FAIL,Final average scores,Insufficient empathy towards customer's worries | Explicit refusal to help a customer without a valid policy reason | Lack of active listening,"Avoid using filler words like 'uh' to sound more professional | The agent should have asked the customer if they needed help with anything before ending the conversation | The agent should have shown empathy toward the customer, such as asking if everything was okay | Show empathy by saying 'I apologize for the wait' or 'I can see why you'd be worried' | Provide an estimated time for processing the customer's query | Show more empathy and understanding towards the customer's inquiry | Add a brief introduction or greeting to establish a connection with the customer | Use more empathetic language to address customer concerns | Use more polite language to enhance customer experience | Use a more professional tone in responses | A more personalized closing statement would have enhanced customer experience | Could have offered more detailed information about the order status | Provide more specific and detailed information about the order status | Express apology for the slow system | Provide more detailed information about the shipping process to alleviate customer worries | Use a more welcoming greeting | Provide more specific and detailed information to customer inquiries | Use phrases that acknowledge the customer's feelings, such as 'I understand your concern' | Avoid vague phrases like 'it'll ship when it ships' and instead offer a concrete timeline or explanation | Offer assistance or alternatives when a customer has not received a confirmation email",,Sarah,100,Masked 1 Mobile Number(s) | Masked 1 Name(s),Audio,"Agent: Hello? Yeah, customer support. What do you want?
Customer: Hi, I placed an order yesterday and I just wanted to confirm if it has been processed.
Agent: Hmm. OK. Do you have the order number or something?
Customer: Yes, the order ID is ORD-458921.
Agent: All right, wait. Give me a second. My system is kind of slow today.
Customer: Sure, no problem.
Agent: OK, so what's the name on the order?
Customer: It's under [NAME REDACTED].
Agent: And your phone number?
Customer: It's[MOBILE REDACTED].
Agent: Okay, yeah, I see something here. I think it's your order. Great. Could you confirm what items are in the order?
Customer: Yeah. Looks like you ordered a wireless headset and a phone stand.
Agent: Yes, that's correct. All right, then. What exactly do you want to confirm?
Customer: I just want to know if the order has been confirmed and when it will be shipped.
Agent: Well, it says here processing, so it's probably confirmed. It'll ship when it ships.
Customer: Oh, OK. Do you know roughly how long it might take?
Agent: I mean usually two to three days or something Depends on the warehouse I guess
Customer: All right I also entered my email as rahul at email Will I receive a confirmation email
Agent: Yeah. If the system sends it, you'll get it. Sometimes it goes to spam, though.
Customer: I haven't received anything yet.
Agent: Then just wait a bit. The system can be slow sometimes.
Customer: Okay. Could you check if the shipping address is correct?
Agent: Uh, sure. Hold on. Thanks.
Customer: Yeah, it says 12 Green Park Street, Chennai. That right?
Agent: Yes, that's correct. All right then. Looks fine.
Customer: Is there any tracking number available?
Agent: Not yet. Tracking usually appears after shipping. You'll get a message or something.
Customer: OK. I was just worried because the payment already went through.
Agent: Yeah, that happens. Payment goes first, shipping later.
Customer: All right. Could you tell me the expected delivery date?
Agent: Hmm. The system says maybe around the 10th or 11th. But honestly, it might be earlier or later.
Customer: Okay, that's fine. Anything else?
Agent: No, that's all. I just wanted confirmation that my order is in the system.
Customer: Yeah, it's there. Don't worry about it.
Agent: All right. Thank you for checking.
Customer: Yeah, okay. Bye.
Agent: Goodbye.",7523f83ce0bb49f0ab3b9a8e0437e0f0_ElevenLabs_Untitled_project (1).mp3,aaa
EMAIL,20.0,80.0,Warn,The email does not provide a clear next step or resolution for the customer's issue and does not offer any explicit help or support.,Rule 5: No clear next step or resolution provided|Implicit refusal to help without a valid policy reason,Provide a clear next step or resolution for the customer's issue|Offer explicit help or support for the customer|Include contact information for further assistance,"{""empathy"": 20, ""professionalism"": 80, ""compliance"": ""Warn"", ""reason"": ""The email does not provide a clear next step or resolution for the customer's issue and does not offer any explicit help or support."", ""violations"": [""Rule 5: No clear next step or resolution provided"", ""Implicit refusal to help without a valid policy reason""], ""suggestions"": [""Provide a clear next step or resolution for the customer's issue"", ""Offer explicit help or support for the customer"", ""Include contact information for further assistance""]}",John,100,Masked 1 Credit Card Number(s) | Masked 2 Email Address(es),Email,"[image: Google]
App password created to sign in to your account


[EMAIL REDACTED]
If you didn't generate this password for Customer call auditor, someone
else might be using your account. Check and secure your account now.
Check activity
<https://accounts.google.com/AccountChooser?Email=[EMAIL REDACTED]&continue=https://myaccount.google.com/alert/nt/[CARD REDACTED]?rfn%3D20%26rfnc%3D1%26eid%3D2679188791162419197%26et%3D0>
You can also see security activity at
https://myaccount.google.com/notifications
You received this email to let you know about important changes to your
Google Account and services.
© 2026 Google LLC, 1600 Amphitheatre Parkway, Mountain View, CA 94043, USA",Email_IMAP_20260720_190431,aaa
FINAL,20.0,80.0,Warn,The email does not provide a clear next step or resolution for the customer's issue and does not offer any explicit help or support.,Rule 5: No clear next step or resolution provided|Implicit refusal to help without a valid policy reason,Provide a clear next step or resolution for the customer's issue|Offer explicit help or support for the customer|Include contact information for further assistance,"{""empathy"": 20, ""professionalism"": 80, ""compliance"": ""Warn"", ""reason"": ""The email does not provide a clear next step or resolution for the customer's issue and does not offer any explicit help or support."", ""violations"": [""Rule 5: No clear next step or resolution provided"", ""Implicit refusal to help without a valid policy reason""], ""suggestions"": [""Provide a clear next step or resolution for the customer's issue"", ""Offer explicit help or support for the customer"", ""Include contact information for further assistance""]}",John,100,Masked 1 Credit Card Number(s) | Masked 2 Email Address(es),Email,"[image: Google]
App password created to sign in to your account


[EMAIL REDACTED]
If you didn't generate this password for Customer call auditor, someone
else might be using your account. Check and secure your account now.
Check activity
<https://accounts.google.com/AccountChooser?Email=[EMAIL REDACTED]&continue=https://myaccount.google.com/alert/nt/[CARD REDACTED]?rfn%3D20%26rfnc%3D1%26eid%3D2679188791162419197%26et%3D0>
You can also see security activity at
https://myaccount.google.com/notifications
You received this email to let you know about important changes to your
Google Account and services.
© 2026 Google LLC, 1600 Amphitheatre Parkway, Mountain View, CA 94043, USA",Email_IMAP_20260720_190431,aaa
